trade_id,entry_timestamp,exit_timestamp,entry_zscore,entry_signal,entry_beta,entry_spread,direction,position_usdt,leg_a_usdt,leg_b_usdt,kelly_fraction,signal_strength,stop_zscore,target_zscore,min_hold_hours,exit_zscore,exit_reason,hours_held,partial_pnl_usdt,gross_pnl_pct,fee_cost_pct,net_pnl_pct,net_pnl_usdt,max_adverse_zscore,max_favorable_zscore,prediction_error_at_entry,beta_uncertainty_at_entry,is_winner
1,2020-10-07 11:00:00+00:00,2020-10-08 17:00:00+00:00,-2.4186,2.4186,0.718,-0.053557,LONG_SPREAD,665.98,387.64,278.34,0.1377,NORMAL,3.9186,0.2419,29.02,0.6024,TARGET,30.0,24.54,0.064534,0.003,0.061534,65.52,3.7768,-2.4186,-0.053557,0.006969,True
2,2020-10-09 10:00:00+00:00,2020-10-10 14:00:00+00:00,2.1703,-2.1703,0.8091,0.043817,SHORT_SPREAD,597.63,330.34,267.29,0.1377,NORMAL,3.6703,-0.217,26.04,-0.2756,TARGET,28.0,14.96,0.053092,0.003,0.050092,44.9,-1.4904,2.1703,0.043817,0.006262,True
3,2020-10-12 17:00:00+00:00,2020-10-14 00:00:00+00:00,2.1235,-2.1235,0.7257,0.043446,SHORT_SPREAD,584.72,338.84,245.88,0.1377,NORMAL,3.6235,-0.2123,25.48,-0.5642,TARGET,31.0,14.6,0.058962,0.003,0.055962,47.33,-0.6253,2.1235,0.043446,0.004847,True
4,2020-10-22 07:00:00+00:00,2020-10-23 10:00:00+00:00,2.1217,-2.1217,0.7327,0.038109,SHORT_SPREAD,730.3,421.49,308.82,0.1377,NORMAL,3.6217,-0.2122,25.46,-0.3223,TARGET,27.0,19.38,0.044659,0.003,0.041659,49.8,-0.9882,2.1794,0.038109,0.004962,True
5,2020-10-26 08:00:00+00:00,2020-10-27 19:00:00+00:00,2.5912,-2.5912,0.7181,0.046588,SHORT_SPREAD,713.53,415.31,298.22,0.1377,NORMAL,4.0912,-0.2591,31.09,-0.5775,TARGET,35.0,19.75,0.057139,0.003,0.054139,58.38,-1.723,2.5912,0.046588,0.004918,True
6,2020-10-31 02:00:00+00:00,2020-11-01 21:00:00+00:00,-2.3357,2.3357,0.7008,-0.037783,LONG_SPREAD,803.95,472.7,331.25,0.1377,NORMAL,3.8357,0.2336,28.03,1.0195,TARGET,43.0,21.87,0.054953,0.003,0.051953,63.64,1.1189,-2.3357,-0.037783,0.005179,True
7,2020-11-04 10:00:00+00:00,2020-11-05 13:00:00+00:00,-2.0422,2.0422,0.6742,-0.030568,LONG_SPREAD,702.93,419.87,283.07,0.1377,NORMAL,3.5422,0.2042,24.51,2.4755,TARGET,27.0,26.6,0.067787,0.003,0.064787,72.14,2.4755,-2.2878,-0.030568,0.005292,True
8,2020-11-05 14:00:00+00:00,2020-11-07 16:00:00+00:00,3.2998,-3.2998,0.682,0.047682,SHORT_SPREAD,908.65,540.23,368.42,0.1377,STRONG,4.7998,-0.33,39.6,-0.9162,TARGET,50.0,35.09,0.063842,0.003,0.060842,90.38,-0.9162,3.2998,0.047682,0.005259,True
9,2020-11-07 17:00:00+00:00,2020-11-09 08:00:00+00:00,-2.0059,2.0059,0.7517,-0.030722,LONG_SPREAD,690.43,394.16,296.28,0.1377,NORMAL,3.5059,0.2006,24.07,0.2648,TARGET,39.0,13.69,0.034711,0.003,0.031711,35.59,1.0932,-2.0059,-0.030722,0.00438,True
10,2020-11-09 16:00:00+00:00,2020-11-09 17:00:00+00:00,-2.1661,2.1661,0.7407,-0.033664,LONG_SPREAD,1491.15,856.63,634.52,0.1377,NORMAL,3.6661,0.2166,25.99,-3.6792,STOPLOSS,1.0,0.0,-0.023488,0.003,-0.026488,-39.5,-2.1661,-3.6792,-0.033664,0.004279,False
11,2020-11-09 18:00:00+00:00,2020-11-11 09:00:00+00:00,-3.1826,3.1826,0.7082,-0.050409,LONG_SPREAD,876.36,513.05,363.32,0.1377,STRONG,4.6826,0.3183,38.19,0.567,TARGET,39.0,32.78,0.06052,0.003,0.05752,83.19,2.1132,-3.1826,-0.050409,0.004075,True
12,2020-11-13 23:00:00+00:00,2020-11-15 03:00:00+00:00,2.1935,-2.1935,0.6997,0.030902,SHORT_SPREAD,755.0,444.19,310.81,0.1377,NORMAL,3.6935,-0.2193,26.32,-0.4076,TARGET,28.0,19.58,0.03906,0.003,0.03606,46.8,-1.0307,2.1935,0.030902,0.003891,True
13,2020-11-16 06:00:00+00:00,2020-11-17 09:00:00+00:00,2.02,-2.02,0.7105,0.027641,SHORT_SPREAD,695.28,406.48,288.79,0.1377,NORMAL,3.52,-0.202,24.24,-0.7648,TARGET,27.0,16.2,0.040563,0.003,0.037563,42.32,-0.992,2.7835,0.027641,0.00409,True
14,2020-11-18 09:00:00+00:00,2020-11-19 10:00:00+00:00,2.0225,-2.0225,0.7383,0.028072,SHORT_SPREAD,696.15,400.49,295.66,0.1377,NORMAL,3.5225,-0.2022,24.27,-0.8396,TARGET,25.0,12.05,0.042486,0.003,0.039486,39.54,-1.1601,2.0225,0.028072,0.004063,True
15,2020-11-23 07:00:00+00:00,2020-11-24 10:00:00+00:00,2.1995,-2.1995,0.7572,0.030723,SHORT_SPREAD,757.09,430.85,326.24,0.1377,NORMAL,3.6995,-0.22,26.39,-1.0744,TARGET,27.0,15.07,0.048029,0.003,0.045029,49.16,-2.448,2.1995,0.030723,0.003712,True
16,2020-11-24 14:00:00+00:00,2020-11-26 04:00:00+00:00,3.0923,-3.0923,0.7187,0.044829,SHORT_SPREAD,851.49,495.42,356.07,0.1377,STRONG,4.5923,-0.3092,37.11,-5.0,TARGET,38.0,32.1,0.138307,0.003,0.135307,147.32,-5.0,3.0923,0.044829,0.003373,True
17,2020-11-26 05:00:00+00:00,2020-11-28 14:00:00+00:00,-3.6636,3.6636,0.7193,-0.059216,LONG_SPREAD,1008.82,586.75,422.07,0.1377,STRONG,5.0,0.3664,43.96,0.7221,TARGET,57.0,60.19,0.071996,0.003,0.068996,129.79,3.0486,-3.6636,-0.059216,0.003244,True
18,2020-12-08 09:00:00+00:00,2020-12-09 00:00:00+00:00,-2.0138,2.0138,0.7159,-0.029773,LONG_SPREAD,693.15,403.96,289.19,0.1377,NORMAL,3.5138,0.2014,24.17,-4.6459,STOPLOSS,15.0,13.77,-0.037944,0.003,-0.040944,-14.61,1.5413,-4.6459,-0.029773,0.003711,False
19,2020-12-09 01:00:00+00:00,2020-12-10 07:00:00+00:00,-2.2175,2.2175,0.7166,-0.033699,LONG_SPREAD,763.27,444.64,318.64,0.1377,NORMAL,3.7175,0.2218,26.61,0.8142,TARGET,30.0,15.52,0.047354,0.003,0.044354,49.38,5.0,-2.5133,-0.033699,0.003832,True
20,2020-12-11 15:00:00+00:00,2020-12-12 20:00:00+00:00,2.3674,-2.3674,0.7556,0.039538,SHORT_SPREAD,814.87,464.15,350.72,0.1377,NORMAL,3.8674,-0.2367,28.41,-0.7323,TARGET,29.0,34.81,0.054721,0.003,0.051721,76.95,-1.9866,2.3674,0.039538,0.004073,True
21,2020-12-15 21:00:00+00:00,2020-12-17 04:00:00+00:00,2.3754,-2.3754,0.6903,0.038706,SHORT_SPREAD,817.61,483.71,333.91,0.1377,NORMAL,3.8754,-0.2375,28.5,-0.3631,TARGET,31.0,28.05,0.047034,0.003,0.044034,64.05,-1.5972,2.3754,0.038706,0.003585,True
22,2020-12-18 05:00:00+00:00,2020-12-19 07:00:00+00:00,2.1318,-2.1318,0.6816,0.03219,SHORT_SPREAD,733.76,436.35,297.41,0.1377,NORMAL,3.6318,-0.2132,25.58,-0.2916,TARGET,26.0,12.01,0.038024,0.003,0.035024,37.71,-0.2916,2.1318,0.03219,0.003554,True
23,2020-12-19 10:00:00+00:00,2020-12-20 12:00:00+00:00,2.1469,-2.1469,0.7043,0.033604,SHORT_SPREAD,738.96,433.59,305.37,0.1377,NORMAL,3.6469,-0.2147,25.76,-1.0279,TARGET,26.0,12.24,0.051748,0.003,0.048748,48.26,-1.0279,2.1469,0.033604,0.003626,True
24,2020-12-23 10:00:00+00:00,2020-12-24 21:00:00+00:00,2.837,-2.837,0.6881,0.049267,SHORT_SPREAD,781.2,462.77,318.43,0.1377,NORMAL,4.337,-0.2837,34.04,-0.6994,TARGET,35.0,25.62,0.066038,0.003,0.063038,74.87,-1.9287,2.837,0.049267,0.004035,True
25,2020-12-29 19:00:00+00:00,2020-12-30 20:00:00+00:00,-2.0204,2.0204,0.5836,-0.039501,LONG_SPREAD,695.44,439.16,256.28,0.1377,NORMAL,3.5204,0.202,24.25,1.049,TARGET,25.0,15.17,0.058674,0.003,0.055674,53.89,1.257,-2.0204,-0.039501,0.003259,True
26,2021-01-01 01:00:00+00:00,2021-01-01 11:00:00+00:00,3.113,-3.113,0.5343,0.052602,SHORT_SPREAD,857.2,558.71,298.5,0.1377,STRONG,4.613,-0.3113,37.36,5.0,STOPLOSS,10.0,34.77,-0.063304,0.003,-0.066304,-22.07,0.7802,5.0,0.052602,0.002663,False
27,2021-01-01 16:00:00+00:00,2021-01-03 01:00:00+00:00,2.3903,-2.3903,0.5793,0.051649,SHORT_SPREAD,658.2,416.76,241.44,0.1377,NORMAL,3.8903,-0.239,28.68,-0.2691,TARGET,33.0,22.16,0.059707,0.003,0.056707,59.49,-2.6265,3.1268,0.051649,0.002747,True
28,2021-01-03 23:00:00+00:00,2021-01-05 02:00:00+00:00,-2.1999,2.1999,0.5732,-0.050501,LONG_SPREAD,605.78,385.05,220.73,0.1377,NORMAL,3.6999,0.22,26.4,1.8663,TARGET,27.0,32.22,0.09941,0.003,0.09641,90.62,2.437,-2.2418,-0.050501,0.002838,True
29,2021-01-05 09:00:00+00:00,2021-01-05 10:00:00+00:00,2.3446,-2.3446,0.5888,0.056019,SHORT_SPREAD,1291.25,812.73,478.51,0.1377,NORMAL,3.8446,-0.2345,28.14,4.529,STOPLOSS,1.0,0.0,-0.052434,0.003,-0.055434,-71.58,2.3446,4.529,0.056019,0.002705,False
30,2021-01-05 11:00:00+00:00,2021-01-06 18:00:00+00:00,2.3871,-2.3871,0.6166,0.058873,SHORT_SPREAD,657.31,406.6,250.71,0.1377,NORMAL,3.8871,-0.2387,28.64,-2.5093,TARGET,31.0,33.34,0.128099,0.003,0.125099,115.56,-2.5093,3.1394,0.058873,0.00266,True
31,2021-02-06 00:00:00+00:00,2021-02-07 02:00:00+00:00,-2.1427,2.1427,0.7287,-0.057165,LONG_SPREAD,590.01,341.3,248.71,0.1377,NORMAL,3.6427,0.2143,25.71,1.7481,TARGET,26.0,26.28,0.110043,0.003,0.107043,89.44,2.8674,-2.3525,-0.057165,0.001221,True
32,2021-02-07 12:00:00+00:00,2021-02-08 06:00:00+00:00,2.146,-2.146,0.7665,0.057485,SHORT_SPREAD,590.93,334.52,256.41,0.1377,NORMAL,3.646,-0.2146,25.75,3.9223,STOPLOSS,18.0,19.35,-0.049165,0.003,-0.052165,-11.48,-2.2948,3.9223,0.057485,0.001155,False
33,2021-02-09 16:00:00+00:00,2021-02-10 19:00:00+00:00,-2.1884,2.1884,0.8474,-0.058596,LONG_SPREAD,602.62,326.2,276.42,0.1377,NORMAL,3.6884,0.2188,26.26,0.8842,TARGET,27.0,31.0,0.103883,0.003,0.100883,91.79,5.0,-2.1884,-0.058596,0.001118,True
34,2021-03-09 23:00:00+00:00,2021-03-11 14:00:00+00:00,2.1955,-2.1955,0.7064,0.056397,SHORT_SPREAD,604.56,354.28,250.28,0.1377,NORMAL,3.6955,-0.2196,26.35,-0.3799,TARGET,39.0,25.86,0.068967,0.003,0.065967,65.74,-1.6023,3.2461,0.056397,0.001129,True
35,2021-03-16 12:00:00+00:00,2021-03-17 18:00:00+00:00,-2.0451,2.0451,0.6828,-0.048281,LONG_SPREAD,563.15,334.65,228.5,0.1377,NORMAL,3.5451,0.2045,24.54,0.2339,TARGET,30.0,28.5,0.055347,0.003,0.052347,57.98,2.6402,-2.0451,-0.048281,0.001255,True
36,2021-03-19 10:00:00+00:00,2021-03-20 16:00:00+00:00,2.4691,-2.4691,0.7096,0.055328,SHORT_SPREAD,679.89,397.7,282.2,0.1377,NORMAL,3.9691,-0.2469,29.63,-0.8036,TARGET,30.0,28.52,0.07415,0.003,0.07115,76.9,-1.5909,2.4691,0.055328,0.001205,True
37,2021-03-21 08:00:00+00:00,2021-03-22 09:00:00+00:00,-2.0067,2.0067,0.7137,-0.04266,LONG_SPREAD,552.57,322.45,230.12,0.1377,NORMAL,3.5067,0.2007,24.08,0.4171,TARGET,25.0,19.03,0.054769,0.003,0.051769,47.63,0.6485,-2.0067,-0.04266,0.001303,True
38,2021-03-22 20:00:00+00:00,2021-03-24 06:00:00+00:00,-2.4906,2.4906,0.7005,-0.054308,LONG_SPREAD,685.81,403.3,282.51,0.1377,NORMAL,3.9906,0.2491,29.89,0.8957,TARGET,34.0,34.3,0.076053,0.003,0.073053,84.41,1.0013,-2.4906,-0.054308,0.001357,True
39,2021-03-25 01:00:00+00:00,2021-03-26 03:00:00+00:00,-2.1272,2.1272,0.6896,-0.043349,LONG_SPREAD,585.75,346.68,239.07,0.1377,NORMAL,3.6272,0.2127,25.53,1.4035,TARGET,26.0,26.7,0.075998,0.003,0.072998,69.45,1.4193,-2.1272,-0.043349,0.001481,True
40,2021-04-03 07:00:00+00:00,2021-04-04 23:00:00+00:00,3.1159,-3.1159,0.7073,0.04942,SHORT_SPREAD,858.0,502.54,355.46,0.1377,STRONG,4.6159,-0.3116,37.39,-0.3683,TARGET,40.0,36.52,0.057517,0.003,0.054517,83.29,-2.3148,3.1159,0.04942,0.001474,True
41,2021-04-05 03:00:00+00:00,2021-04-06 18:00:00+00:00,3.0089,-3.0089,0.691,0.046294,SHORT_SPREAD,828.53,489.97,338.56,0.1377,STRONG,4.5089,-0.3009,36.11,-0.7906,TARGET,39.0,31.66,0.060862,0.003,0.057862,79.6,-2.9063,4.2627,0.046294,0.001503,True
42,2021-04-10 05:00:00+00:00,2021-04-11 16:00:00+00:00,2.8623,-2.8623,0.7112,0.040535,SHORT_SPREAD,788.18,460.62,327.57,0.1377,NORMAL,4.3623,-0.2862,34.35,-0.436,TARGET,35.0,34.79,0.048484,0.003,0.045484,70.64,-1.8071,3.0309,0.040535,0.001535,True
43,2021-04-11 23:00:00+00:00,2021-04-13 22:00:00+00:00,-3.234,3.234,0.6897,-0.04744,LONG_SPREAD,890.53,527.03,363.5,0.1377,STRONG,4.734,0.3234,38.81,0.4626,TARGET,47.0,47.74,0.055722,0.003,0.052722,94.69,4.3125,-3.234,-0.04744,0.001532,True
44,2021-04-14 01:00:00+00:00,2021-04-15 05:00:00+00:00,-2.2872,2.2872,0.6827,-0.034118,LONG_SPREAD,787.25,467.85,319.4,0.1377,NORMAL,3.7872,0.2287,27.45,1.285,TARGET,28.0,31.98,0.0568,0.003,0.0538,74.33,5.0,-2.4744,-0.034118,0.001472,True
45,2021-04-15 09:00:00+00:00,2021-04-16 21:00:00+00:00,-2.9936,2.9936,0.6839,-0.047209,LONG_SPREAD,824.32,489.52,334.79,0.1377,NORMAL,4.4936,0.2994,35.92,1.1402,TARGET,36.0,33.44,0.067581,0.003,0.064581,86.67,1.5346,-2.9936,-0.047209,0.001367,True
46,2021-04-18 04:00:00+00:00,2021-04-19 17:00:00+00:00,-3.0303,3.0303,0.6866,-0.051552,LONG_SPREAD,834.43,494.74,339.69,0.1377,STRONG,4.5303,0.303,36.36,0.3341,TARGET,37.0,34.19,0.058282,0.003,0.055282,80.32,1.0133,-3.0303,-0.051552,0.001476,True
47,2021-04-20 00:00:00+00:00,2021-04-21 02:00:00+00:00,-2.137,2.137,0.6895,-0.03749,LONG_SPREAD,735.58,435.38,300.19,0.1377,NORMAL,3.637,0.2137,25.64,0.8353,TARGET,26.0,24.47,0.052757,0.003,0.049757,61.07,2.9535,-2.137,-0.03749,0.001564,True
48,2021-04-23 01:00:00+00:00,2021-04-24 16:00:00+00:00,-3.2009,3.2009,0.6787,-0.058582,LONG_SPREAD,881.41,525.05,356.36,0.1377,STRONG,4.7009,0.3201,38.41,0.506,TARGET,39.0,56.45,0.068356,0.003,0.065356,114.06,2.62,-3.426,-0.058582,0.001537,True
49,2021-04-25 21:00:00+00:00,2021-04-26 23:00:00+00:00,-2.0656,2.0656,0.6759,-0.040139,LONG_SPREAD,568.8,339.4,229.4,0.1377,NORMAL,3.5656,0.2066,24.79,1.714,TARGET,26.0,13.91,0.072256,0.003,0.069256,53.3,2.6387,-2.0656,-0.040139,0.001547,True
50,2021-04-29 12:00:00+00:00,2021-05-01 07:00:00+00:00,2.0031,-2.0031,0.7214,0.035258,SHORT_SPREAD,689.46,400.53,288.93,0.1377,NORMAL,3.5031,-0.2003,24.04,-1.1273,TARGET,43.0,13.92,0.05832,0.003,0.05532,52.06,-1.1273,2.4914,0.035258,0.001397,True
51,2021-05-01 14:00:00+00:00,2021-05-03 01:00:00+00:00,-2.8469,2.8469,0.7615,-0.05466,LONG_SPREAD,783.93,445.03,338.9,0.1377,NORMAL,4.3469,0.2847,34.16,0.8177,TARGET,35.0,37.84,0.072549,0.003,0.069549,92.36,1.072,-2.8469,-0.05466,0.0014,True
52,2021-05-03 17:00:00+00:00,2021-05-05 11:00:00+00:00,3.0047,-3.0047,0.7612,0.058376,SHORT_SPREAD,827.37,469.78,357.59,0.1377,STRONG,4.5047,-0.3005,36.06,-0.8112,TARGET,42.0,35.2,0.077524,0.003,0.074524,96.86,-2.582,4.0199,0.058376,0.00144,True
53,2021-05-05 17:00:00+00:00,2021-05-07 02:00:00+00:00,2.5645,-2.5645,0.7685,0.050575,SHORT_SPREAD,706.18,399.32,306.86,0.1377,NORMAL,4.0645,-0.2565,30.77,-2.4891,TARGET,33.0,27.63,0.104929,0.003,0.101929,99.61,-2.4891,3.4559,0.050575,0.001455,True
54,2021-05-07 07:00:00+00:00,2021-05-08 21:00:00+00:00,2.5591,-2.5591,0.7725,0.051676,SHORT_SPREAD,704.69,397.56,307.13,0.1377,NORMAL,4.0591,-0.2559,30.71,-0.6901,TARGET,38.0,25.24,0.069593,0.003,0.066593,72.16,-5.0,3.5828,0.051676,0.001375,True
55,2021-05-12 09:00:00+00:00,2021-05-13 11:00:00+00:00,2.1258,-2.1258,0.7296,0.048836,SHORT_SPREAD,585.36,338.44,246.93,0.1377,NORMAL,3.6258,-0.2126,25.51,-0.3438,TARGET,26.0,25.62,0.057334,0.003,0.054334,57.42,-2.6351,2.1258,0.048836,0.001324,True
56,2021-05-15 00:00:00+00:00,2021-05-16 07:00:00+00:00,-2.5423,2.5423,0.7346,-0.054633,LONG_SPREAD,700.06,403.59,296.47,0.1377,NORMAL,4.0423,0.2542,30.51,0.422,TARGET,31.0,28.3,0.068315,0.003,0.065315,74.02,2.1941,-2.7634,-0.054633,0.001351,True
57,2021-05-19 11:00:00+00:00,2021-05-21 08:00:00+00:00,-2.1182,2.1182,0.7714,-0.046232,LONG_SPREAD,583.28,329.28,254.01,0.1377,NORMAL,3.6182,0.2118,25.42,0.2317,TARGET,45.0,27.09,0.053636,0.003,0.050636,56.62,1.4043,-3.0416,-0.046232,0.001515,True
58,2021-05-24 08:00:00+00:00,2021-05-25 18:00:00+00:00,2.2296,-2.2296,0.7534,0.052595,SHORT_SPREAD,613.95,350.15,263.8,0.1377,NORMAL,3.7296,-0.223,26.76,-0.3469,TARGET,34.0,26.98,0.064269,0.003,0.061269,64.6,-1.9241,3.0361,0.052595,0.001214,True
59,2021-05-29 06:00:00+00:00,2021-05-30 08:00:00+00:00,-2.143,2.143,0.751,-0.044854,LONG_SPREAD,590.09,337.0,253.08,0.1377,NORMAL,3.643,0.2143,25.72,0.3704,TARGET,26.0,18.16,0.051721,0.003,0.048721,46.91,1.2742,-2.143,-0.044854,0.00116,True
60,2021-06-03 04:00:00+00:00,2021-06-04 08:00:00+00:00,-2.1074,2.1074,0.744,-0.041227,LONG_SPREAD,580.29,332.73,247.56,0.1377,NORMAL,3.6074,0.2107,25.29,0.6925,TARGET,28.0,23.92,0.052813,0.003,0.049813,52.83,1.4098,-2.3717,-0.041227,0.001104,True
61,2021-06-09 15:00:00+00:00,2021-06-10 16:00:00+00:00,2.0216,-2.0216,0.7045,0.027807,SHORT_SPREAD,695.83,408.22,287.61,0.1377,NORMAL,3.5216,-0.2022,24.26,-0.24,TARGET,25.0,20.73,0.035795,0.003,0.032795,43.55,-1.4624,2.0216,0.027807,0.00129,True
62,2021-06-13 15:00:00+00:00,2021-06-14 19:00:00+00:00,2.1074,-2.1074,0.715,0.028577,SHORT_SPREAD,725.36,422.94,302.42,0.1377,NORMAL,3.6074,-0.2107,25.29,-0.4918,TARGET,28.0,20.93,0.036776,0.003,0.033776,45.43,-1.4913,2.2018,0.028577,0.001511,True
63,2021-06-16 21:00:00+00:00,2021-06-18 06:00:00+00:00,-2.7206,2.7206,0.6974,-0.032482,LONG_SPREAD,936.44,551.69,384.74,0.1377,NORMAL,4.2206,0.2721,32.65,0.374,TARGET,33.0,38.24,0.036205,0.003,0.033205,69.33,3.8156,-3.6424,-0.032482,0.001459,True
64,2021-06-20 23:00:00+00:00,2021-06-22 03:00:00+00:00,2.3131,-2.3131,0.6887,0.026834,SHORT_SPREAD,796.18,471.47,324.71,0.1377,NORMAL,3.8131,-0.2313,27.76,-1.5587,TARGET,28.0,12.87,0.049186,0.003,0.046186,49.64,-1.7868,2.3131,0.026834,0.001579,True
65,2021-06-22 16:00:00+00:00,2021-06-24 07:00:00+00:00,3.0352,-3.0352,0.6793,0.036136,SHORT_SPREAD,1044.72,622.13,422.59,0.1377,STRONG,4.5352,-0.3035,36.42,-2.1153,TARGET,39.0,27.79,0.067182,0.003,0.064182,94.85,-2.1153,3.0352,0.036136,0.001747,True
66,2021-06-27 22:00:00+00:00,2021-06-29 04:00:00+00:00,2.4229,-2.4229,0.6498,0.028814,SHORT_SPREAD,833.96,505.5,328.46,0.1377,NORMAL,3.9229,-0.2423,29.07,-0.5831,TARGET,30.0,20.07,0.038602,0.003,0.035602,49.76,-2.1727,2.6518,0.028814,0.00167,True
67,2021-07-04 15:00:00+00:00,2021-07-05 23:00:00+00:00,2.621,-2.621,0.6532,0.031793,SHORT_SPREAD,902.16,545.7,356.46,0.1377,NORMAL,4.121,-0.2621,31.45,-0.9144,TARGET,32.0,20.31,0.047009,0.003,0.044009,60.01,-3.7334,2.621,0.031793,0.001519,True
68,2021-07-06 02:00:00+00:00,2021-07-06 04:00:00+00:00,2.3221,-2.3221,0.6312,0.02947,SHORT_SPREAD,1598.56,979.99,618.57,0.1377,NORMAL,3.8221,-0.2322,27.87,5.0,STOPLOSS,2.0,0.0,-0.049138,0.003,-0.052138,-83.35,2.3221,5.0,0.02947,0.001439,False
69,2021-07-06 06:00:00+00:00,2021-07-07 23:00:00+00:00,3.3663,-3.3663,0.6516,0.047864,SHORT_SPREAD,926.95,561.24,365.71,0.1377,STRONG,4.8663,-0.3366,40.4,-1.6639,TARGET,41.0,31.73,0.076303,0.003,0.073303,99.68,-1.6639,3.8371,0.047864,0.001442,True
70,2021-07-08 00:00:00+00:00,2021-07-09 08:00:00+00:00,-2.1074,2.1074,0.6671,-0.032246,LONG_SPREAD,725.37,435.1,290.27,0.1377,NORMAL,3.6074,0.2107,25.29,0.2697,TARGET,32.0,12.36,0.035441,0.003,0.032441,35.9,0.4054,-2.1074,-0.032246,0.00152,True
71,2021-07-10 23:00:00+00:00,2021-07-12 02:00:00+00:00,-2.1675,2.1675,0.615,-0.033424,LONG_SPREAD,746.06,461.97,284.09,0.1377,NORMAL,3.6675,0.2167,26.01,1.3245,TARGET,27.0,13.5,0.052201,0.003,0.049201,50.21,1.3566,-2.1675,-0.033424,0.001464,True
72,2021-07-12 03:00:00+00:00,2021-07-13 11:00:00+00:00,2.4497,-2.4497,0.6212,0.034058,SHORT_SPREAD,843.19,520.09,323.1,0.1377,NORMAL,3.9497,-0.245,29.4,-0.5185,TARGET,32.0,23.46,0.043377,0.003,0.040377,57.51,-0.9484,2.4497,0.034058,0.001483,True
73,2021-07-16 16:00:00+00:00,2021-07-18 02:00:00+00:00,-2.8302,2.8302,0.6082,-0.041054,LONG_SPREAD,779.32,484.6,294.72,0.1377,NORMAL,4.3302,0.283,33.96,0.3619,TARGET,34.0,23.4,0.046978,0.003,0.043978,57.67,2.6349,-2.8302,-0.041054,0.001644,True
74,2021-07-26 01:00:00+00:00,2021-07-27 16:00:00+00:00,2.6607,-2.6607,0.6134,0.03529,SHORT_SPREAD,915.83,567.65,348.18,0.1377,NORMAL,4.1607,-0.2661,31.93,-0.7955,TARGET,39.0,22.27,0.045684,0.003,0.042684,61.36,-1.9829,3.3482,0.03529,0.001755,True
75,2021-07-28 09:00:00+00:00,2021-07-29 11:00:00+00:00,2.063,-2.063,0.6478,0.022771,SHORT_SPREAD,710.09,430.93,279.16,0.1377,NORMAL,3.563,-0.2063,24.76,-0.2626,TARGET,26.0,8.4,0.025663,0.003,0.022663,24.49,-0.9499,2.2558,0.022771,0.001778,True
76,2021-07-31 13:00:00+00:00,2021-08-02 03:00:00+00:00,-2.0627,2.0627,0.6594,-0.021369,LONG_SPREAD,710.0,427.86,282.14,0.1377,NORMAL,3.5627,0.2063,24.75,0.4588,TARGET,38.0,7.15,0.027584,0.003,0.024584,24.6,2.9321,-2.0627,-0.021369,0.001787,True
77,2021-08-04 20:00:00+00:00,2021-08-06 02:00:00+00:00,2.1687,-2.1687,0.6677,0.022689,SHORT_SPREAD,746.47,447.62,298.85,0.1377,NORMAL,3.6687,-0.2169,26.02,-0.3042,TARGET,30.0,13.76,0.025278,0.003,0.022278,30.39,-1.4134,2.1877,0.022689,0.001832,True
78,2021-08-06 09:00:00+00:00,2021-08-07 21:00:00+00:00,-2.183,2.183,0.6732,-0.021711,LONG_SPREAD,751.39,449.07,302.33,0.1377,NORMAL,3.683,0.2183,26.2,0.3295,TARGET,36.0,12.7,0.027101,0.003,0.024101,30.81,4.7026,-2.3568,-0.021711,0.001843,True
79,2021-08-07 23:00:00+00:00,2021-08-09 20:00:00+00:00,3.1308,-3.1308,0.702,0.035649,SHORT_SPREAD,1077.65,633.17,444.48,0.1377,STRONG,4.6308,-0.3131,37.57,-1.0528,TARGET,45.0,25.83,0.046641,0.003,0.043641,72.85,-2.0625,3.1308,0.035649,0.001786,True
80,2021-08-10 11:00:00+00:00,2021-08-11 20:00:00+00:00,-2.4357,2.4357,0.7339,-0.025777,LONG_SPREAD,838.37,483.51,354.87,0.1377,NORMAL,3.9357,0.2436,29.23,0.2719,TARGET,33.0,14.4,0.031481,0.003,0.028481,38.28,1.0055,-2.4357,-0.025777,0.001814,True
81,2021-08-13 00:00:00+00:00,2021-08-14 02:00:00+00:00,2.1529,-2.1529,0.7351,0.027674,SHORT_SPREAD,741.03,427.08,313.94,0.1377,NORMAL,3.6529,-0.2153,25.83,-0.8082,TARGET,26.0,16.4,0.035515,0.003,0.032515,40.5,-1.1089,3.2135,0.027674,0.001833,True
82,2021-08-14 04:00:00+00:00,2021-08-15 12:00:00+00:00,-2.2771,2.2771,0.7452,-0.025045,LONG_SPREAD,783.78,449.1,334.67,0.1377,NORMAL,3.7771,0.2277,27.32,0.3131,TARGET,32.0,17.6,0.031419,0.003,0.028419,39.87,1.6301,-2.2771,-0.025045,0.001743,True
83,2021-08-15 23:00:00+00:00,2021-08-16 09:00:00+00:00,2.0732,-2.0732,0.744,0.027486,SHORT_SPREAD,713.59,409.18,304.41,0.1377,NORMAL,3.5732,-0.2073,24.88,3.8049,STOPLOSS,10.0,15.72,-0.021565,0.003,-0.024565,-1.81,-0.5995,3.8049,0.027486,0.001739,False
84,2021-08-16 22:00:00+00:00,2021-08-17 23:00:00+00:00,-2.0165,2.0165,0.7718,-0.022643,LONG_SPREAD,694.08,391.73,302.35,0.1377,NORMAL,3.5165,0.2016,24.2,2.862,TARGET,25.0,9.9,0.07314,0.003,0.07014,58.58,5.0,-2.939,-0.022643,0.001716,True
85,2021-08-18 00:00:00+00:00,2021-08-18 14:00:00+00:00,2.9324,-2.9324,0.8327,0.049508,SHORT_SPREAD,807.46,440.59,366.88,0.1377,NORMAL,4.4324,-0.2932,35.19,5.0,STOPLOSS,14.0,27.14,-0.085007,0.003,-0.088007,-43.92,-2.0471,5.0,0.049508,0.001698,False
86,2021-08-19 08:00:00+00:00,2021-08-20 06:00:00+00:00,2.156,-2.156,0.896,0.047226,SHORT_SPREAD,593.67,313.12,280.55,0.1377,NORMAL,3.656,-0.2156,25.87,3.6577,STOPLOSS,22.0,29.01,-0.032195,0.003,-0.035195,8.12,-2.0989,3.6577,0.047226,0.001454,False
87,2021-08-20 07:00:00+00:00,2021-08-21 08:00:00+00:00,2.4119,-2.4119,0.9126,0.054701,SHORT_SPREAD,664.14,347.24,316.9,0.1377,NORMAL,3.9119,-0.2412,28.94,4.7533,STOPLOSS,25.0,29.55,-0.059729,0.003,-0.062729,-12.11,-1.1496,4.7533,0.054701,0.001454,False
88,2021-08-21 13:00:00+00:00,2021-08-22 00:00:00+00:00,-2.5381,2.5381,0.9534,-0.055,LONG_SPREAD,698.91,357.79,341.12,0.1377,NORMAL,4.0381,0.2538,30.46,-4.1415,STOPLOSS,11.0,32.93,-0.043175,0.003,-0.046175,0.66,1.7943,-4.1415,-0.055,0.001329,False
89,2021-08-30 19:00:00+00:00,2021-08-31 21:00:00+00:00,-2.0076,2.0076,0.8901,-0.056879,LONG_SPREAD,552.81,292.48,260.33,0.1377,NORMAL,3.5076,0.2008,24.09,0.3888,TARGET,26.0,20.05,0.075549,0.003,0.072549,60.16,0.7416,-2.6914,-0.056879,0.001394,True
90,2021-09-15 20:00:00+00:00,2021-09-16 22:00:00+00:00,2.1104,-2.1104,0.7406,0.058426,SHORT_SPREAD,581.12,333.87,247.25,0.1377,NORMAL,3.6104,-0.211,25.32,-0.2804,TARGET,26.0,17.83,0.070211,0.003,0.067211,56.89,-1.0888,3.5024,0.058426,0.001001,True
91,2021-09-24 21:00:00+00:00,2021-09-26 08:00:00+00:00,-2.078,2.078,0.7406,-0.058139,LONG_SPREAD,572.21,328.75,243.46,0.1377,NORMAL,3.578,0.2078,24.94,0.2457,TARGET,35.0,20.16,0.066989,0.003,0.063989,56.78,0.5293,-2.078,-0.058139,0.000917,True
92,2021-10-07 15:00:00+00:00,2021-10-08 23:00:00+00:00,-2.1548,2.1548,0.7114,-0.03891,LONG_SPREAD,741.7,433.38,308.32,0.1377,NORMAL,3.6548,0.2155,25.86,0.2216,TARGET,32.0,26.16,0.042904,0.003,0.039904,55.75,2.2618,-2.1548,-0.03891,0.001127,True
93,2021-10-12 00:00:00+00:00,2021-10-13 01:00:00+00:00,-2.0073,2.0073,0.71,-0.0264,LONG_SPREAD,690.93,404.04,286.89,0.1377,NORMAL,3.5073,0.2007,24.09,0.6101,TARGET,25.0,8.21,0.033396,0.003,0.030396,29.21,1.2566,-2.0073,-0.0264,0.001267,True
94,2021-10-16 11:00:00+00:00,2021-10-17 16:00:00+00:00,2.3662,-2.3662,0.7102,0.025254,SHORT_SPREAD,814.46,476.22,338.24,0.1377,NORMAL,3.8662,-0.2366,28.39,-0.7316,TARGET,29.0,26.36,0.034172,0.003,0.031172,51.74,-1.3673,3.455,0.025254,0.001272,True
95,2021-10-19 10:00:00+00:00,2021-10-20 23:00:00+00:00,-2.8966,2.8966,0.7039,-0.030432,LONG_SPREAD,997.03,585.15,411.88,0.1377,NORMAL,4.3966,0.2897,34.76,0.7859,TARGET,37.0,36.79,0.038227,0.003,0.035227,71.91,2.7179,-2.8966,-0.030432,0.001342,True
96,2021-10-21 00:00:00+00:00,2021-10-22 00:00:00+00:00,2.7273,-2.7273,0.701,0.026711,SHORT_SPREAD,938.75,551.89,386.86,0.1377,NORMAL,4.2273,-0.2727,32.73,4.7029,STOPLOSS,24.0,20.11,-0.022736,0.003,-0.025736,-4.05,-1.2661,4.7029,0.026711,0.001287,False
97,2021-10-22 01:00:00+00:00,2021-10-24 06:00:00+00:00,3.3936,-3.3936,0.7191,0.03627,SHORT_SPREAD,1168.1,679.48,488.62,0.1377,STRONG,4.8936,-0.3394,40.72,-0.7214,TARGET,53.0,32.08,0.045121,0.003,0.042121,81.28,-1.7832,4.8518,0.03627,0.001334,True
98,2021-10-24 15:00:00+00:00,2021-10-25 20:00:00+00:00,-2.1848,2.1848,0.7246,-0.024399,LONG_SPREAD,752.01,436.05,315.96,0.1377,NORMAL,3.6848,0.2185,26.22,0.3691,TARGET,29.0,11.93,0.029357,0.003,0.026357,31.75,1.7968,-2.1848,-0.024399,0.001367,True
99,2021-10-25 23:00:00+00:00,2021-10-27 07:00:00+00:00,2.6403,-2.6403,0.7356,0.030596,SHORT_SPREAD,908.81,523.61,385.2,0.1377,NORMAL,4.1403,-0.264,31.68,-1.0208,TARGET,32.0,26.07,0.04498,0.003,0.04198,64.22,-4.664,3.6486,0.030596,0.001374,True
100,2021-10-27 08:00:00+00:00,2021-10-28 12:00:00+00:00,-2.2399,2.2399,0.696,-0.029324,LONG_SPREAD,770.98,454.59,316.39,0.1377,NORMAL,3.7399,0.224,26.88,0.4826,TARGET,28.0,13.93,0.036253,0.003,0.033253,39.56,1.2856,-2.2399,-0.029324,0.001293,True
101,2021-10-29 13:00:00+00:00,2021-10-30 22:00:00+00:00,-2.1682,2.1682,0.6845,-0.027915,LONG_SPREAD,746.31,443.06,303.25,0.1377,NORMAL,3.6682,0.2168,26.02,0.3681,TARGET,33.0,22.68,0.033023,0.003,0.030023,45.08,1.0499,-2.1682,-0.027915,0.001306,True
102,2021-11-03 01:00:00+00:00,2021-11-05 01:00:00+00:00,3.1858,-3.1858,0.7057,0.042974,SHORT_SPREAD,877.26,514.29,362.96,0.1377,STRONG,4.6858,-0.3186,38.23,-0.5113,TARGET,48.0,31.75,0.04953,0.003,0.04653,72.57,-1.3565,3.6107,0.042974,0.001407,True
103,2021-11-06 16:00:00+00:00,2021-11-07 01:00:00+00:00,2.1718,-2.1718,0.7378,0.031157,SHORT_SPREAD,747.53,430.16,317.37,0.1377,NORMAL,3.6718,-0.2172,26.06,3.8517,STOPLOSS,9.0,11.81,-0.024378,0.003,-0.027378,-8.66,-0.0024,3.8517,0.031157,0.001478,False
104,2021-11-07 02:00:00+00:00,2021-11-08 11:00:00+00:00,2.5432,-2.5432,0.7553,0.037752,SHORT_SPREAD,875.39,498.71,376.67,0.1377,NORMAL,4.0432,-0.2543,30.52,-0.3003,TARGET,33.0,21.29,0.040282,0.003,0.037282,53.92,-0.9999,2.7001,0.037752,0.001468,True
105,2021-11-08 17:00:00+00:00,2021-11-09 21:00:00+00:00,-2.3075,2.3075,0.7903,-0.031715,LONG_SPREAD,794.23,443.64,350.59,0.1377,NORMAL,3.8075,0.2307,27.69,1.1635,TARGET,28.0,15.7,0.053212,0.003,0.050212,55.58,1.1635,-2.3632,-0.031715,0.001491,True
106,2021-11-10 01:00:00+00:00,2021-11-11 14:00:00+00:00,2.7537,-2.7537,0.7835,0.044315,SHORT_SPREAD,758.27,425.16,333.12,0.1377,NORMAL,4.2537,-0.2754,33.04,-0.6047,TARGET,37.0,29.81,0.052229,0.003,0.049229,67.14,-1.5948,2.7537,0.044315,0.001519,True
107,2021-11-13 16:00:00+00:00,2021-11-15 01:00:00+00:00,2.747,-2.747,0.8012,0.042713,SHORT_SPREAD,756.43,419.96,336.48,0.1377,NORMAL,4.247,-0.2747,32.96,-0.7958,TARGET,33.0,21.55,0.053229,0.003,0.050229,59.55,-1.5189,2.747,0.042713,0.001603,True
108,2021-11-16 14:00:00+00:00,2021-11-16 21:00:00+00:00,2.0616,-2.0616,0.821,0.032675,SHORT_SPREAD,709.6,389.67,319.93,0.1377,NORMAL,3.5616,-0.2062,24.74,3.7472,STOPLOSS,7.0,12.71,-0.025419,0.003,-0.028419,-7.45,0.7257,3.7472,0.032675,0.001721,False
109,2021-11-17 13:00:00+00:00,2021-11-18 16:00:00+00:00,2.1948,-2.1948,0.8554,0.036115,SHORT_SPREAD,755.45,407.17,348.28,0.1377,NORMAL,3.6948,-0.2195,26.34,-1.6263,TARGET,27.0,24.1,0.056599,0.003,0.053599,64.59,-2.1711,2.1948,0.036115,0.001766,True
110,2021-11-19 09:00:00+00:00,2021-11-20 21:00:00+00:00,2.4994,-2.4994,0.8776,0.042066,SHORT_SPREAD,688.25,366.55,321.7,0.1377,NORMAL,3.9994,-0.2499,29.99,-0.7065,TARGET,36.0,15.18,0.048159,0.003,0.045159,46.26,-1.9903,2.6959,0.042066,0.001808,True
111,2021-11-21 03:00:00+00:00,2021-11-22 19:00:00+00:00,3.2236,-3.2236,0.9187,0.05647,SHORT_SPREAD,887.66,462.65,425.01,0.1377,STRONG,4.7236,-0.3224,38.68,-1.0439,TARGET,40.0,31.29,0.072711,0.003,0.069711,93.17,-4.4419,3.2236,0.05647,0.00176,True
112,2021-11-23 12:00:00+00:00,2021-11-24 16:00:00+00:00,-2.2659,2.2659,0.8656,-0.037881,LONG_SPREAD,779.93,418.05,361.88,0.1377,NORMAL,3.7659,0.2266,27.19,0.6428,TARGET,28.0,28.07,0.055874,0.003,0.052874,69.31,0.6428,-2.2682,-0.037881,0.001666,True
113,2021-11-25 02:00:00+00:00,2021-11-26 11:00:00+00:00,2.4571,-2.4571,0.8571,0.050804,SHORT_SPREAD,676.6,364.34,312.26,0.1377,NORMAL,3.9571,-0.2457,29.49,-1.0768,TARGET,33.0,35.32,0.069771,0.003,0.066771,80.5,-1.5666,2.4571,0.050804,0.001722,True
114,2021-11-26 22:00:00+00:00,2021-11-29 00:00:00+00:00,-2.8627,2.8627,0.8493,-0.051356,LONG_SPREAD,788.27,426.25,362.02,0.1377,NORMAL,4.3627,0.2863,34.35,1.0365,TARGET,50.0,32.47,0.07746,0.003,0.07446,91.16,3.136,-2.8627,-0.051356,0.001781,True
115,2021-11-30 16:00:00+00:00,2021-12-01 20:00:00+00:00,2.0943,-2.0943,0.8667,0.043821,SHORT_SPREAD,576.69,308.93,267.76,0.1377,NORMAL,3.5943,-0.2094,25.13,-0.4931,TARGET,28.0,18.85,0.050995,0.003,0.047995,46.53,-1.2252,2.875,0.043821,0.001775,True
116,2021-12-02 15:00:00+00:00,2021-12-03 16:00:00+00:00,-2.4448,2.4448,0.8749,-0.04446,LONG_SPREAD,673.2,359.05,314.14,0.1377,NORMAL,3.9448,0.2445,29.34,-4.141,STOPLOSS,25.0,20.38,-0.040553,0.003,-0.043553,-8.94,0.1951,-4.141,-0.04446,0.001874,False
117,2021-12-04 08:00:00+00:00,2021-12-05 14:00:00+00:00,2.2442,-2.2442,0.7729,0.049632,SHORT_SPREAD,617.98,348.57,269.41,0.1377,NORMAL,3.7442,-0.2244,26.93,-0.2598,TARGET,30.0,18.47,0.056124,0.003,0.053124,51.29,-1.7779,2.2442,0.049632,0.001707,True
118,2021-12-06 17:00:00+00:00,2021-12-08 11:00:00+00:00,2.6401,-2.6401,0.7838,0.059389,SHORT_SPREAD,726.99,407.54,319.45,0.1377,NORMAL,4.1401,-0.264,31.68,-0.288,TARGET,42.0,39.05,0.067573,0.003,0.064573,86.0,-1.4464,2.6401,0.059389,0.00184,True
119,2021-12-14 22:00:00+00:00,2021-12-16 15:00:00+00:00,2.9999,-2.9999,0.7787,0.053773,SHORT_SPREAD,826.05,464.41,361.64,0.1377,NORMAL,4.4999,-0.3,36.0,-0.4481,TARGET,41.0,41.9,0.063894,0.003,0.060894,92.2,-0.5022,4.1598,0.053773,0.001946,True
120,2021-12-17 16:00:00+00:00,2021-12-19 05:00:00+00:00,2.9579,-2.9579,0.8637,0.0591,SHORT_SPREAD,814.5,437.02,377.48,0.1377,NORMAL,4.4579,-0.2958,35.49,-0.7673,TARGET,37.0,45.28,0.075695,0.003,0.072695,104.49,-1.841,2.9579,0.0591,0.001944,True
121,2021-12-20 18:00:00+00:00,2021-12-22 02:00:00+00:00,2.2171,-2.2171,0.8572,0.044288,SHORT_SPREAD,610.5,328.71,281.78,0.1377,NORMAL,3.7171,-0.2217,26.6,-0.2422,TARGET,32.0,13.73,0.049218,0.003,0.046218,41.95,-1.017,2.2171,0.044288,0.001995,True
122,2021-12-22 15:00:00+00:00,2021-12-23 18:00:00+00:00,-2.2101,2.2101,0.839,-0.042951,LONG_SPREAD,608.56,330.92,277.65,0.1377,NORMAL,3.7101,0.221,26.52,0.2724,TARGET,27.0,26.57,0.04975,0.003,0.04675,55.02,1.2222,-3.4638,-0.042951,0.00177,True
123,2021-12-25 17:00:00+00:00,2021-12-27 03:00:00+00:00,-2.2887,2.2887,0.79,-0.039454,LONG_SPREAD,787.78,440.09,347.68,0.1377,NORMAL,3.7887,0.2289,27.46,0.4292,TARGET,34.0,22.2,0.049092,0.003,0.046092,58.51,1.3774,-2.2887,-0.039454,0.00171,True
124,2021-12-29 23:00:00+00:00,2021-12-31 09:00:00+00:00,-2.7581,2.7581,0.7535,-0.046757,LONG_SPREAD,759.47,433.12,326.35,0.1377,NORMAL,4.2581,0.2758,33.1,0.3118,TARGET,34.0,30.23,0.053095,0.003,0.050095,68.28,1.0442,-2.7581,-0.046757,0.001739,True
125,2022-01-02 00:00:00+00:00,2022-01-03 06:00:00+00:00,2.3429,-2.3429,0.7062,0.040283,SHORT_SPREAD,645.13,378.1,267.03,0.1377,NORMAL,3.8429,-0.2343,28.11,-0.365,TARGET,30.0,19.08,0.047854,0.003,0.044854,48.01,-1.0751,2.3429,0.040283,0.001501,True
126,2022-01-03 08:00:00+00:00,2022-01-04 21:00:00+00:00,-2.111,2.111,0.6996,-0.036635,LONG_SPREAD,726.62,427.51,299.11,0.1377,NORMAL,3.611,0.2111,25.33,0.2264,TARGET,37.0,14.64,0.039968,0.003,0.036968,41.5,0.3548,-2.794,-0.036635,0.001526,True
127,2022-01-05 22:00:00+00:00,2022-01-07 04:00:00+00:00,-2.0895,2.0895,0.6412,-0.036318,LONG_SPREAD,719.2,438.22,280.97,0.1377,NORMAL,3.5895,0.2089,25.07,-4.8109,STOPLOSS,30.0,13.11,-0.04395,0.003,-0.04695,-20.66,0.6542,-4.8109,-0.036318,0.001474,False
128,2022-01-07 05:00:00+00:00,2022-01-08 11:00:00+00:00,-2.3914,2.3914,0.6013,-0.042603,LONG_SPREAD,658.51,411.23,247.28,0.1377,NORMAL,3.8914,0.2391,28.7,0.4846,TARGET,30.0,14.41,0.046437,0.003,0.043437,43.01,1.4624,-2.3914,-0.042603,0.001415,True
129,2022-01-09 15:00:00+00:00,2022-01-10 18:00:00+00:00,2.1686,-2.1686,0.6046,0.029467,SHORT_SPREAD,746.43,465.17,281.26,0.1377,NORMAL,3.6686,-0.2169,26.02,-0.8339,TARGET,27.0,13.31,0.047948,0.003,0.044948,46.86,-2.3672,2.1686,0.029467,0.00151,True
130,2022-01-12 09:00:00+00:00,2022-01-14 11:00:00+00:00,3.3896,-3.3896,0.5952,0.047009,SHORT_SPREAD,933.36,585.12,348.24,0.1377,STRONG,4.8896,-0.339,40.67,-0.451,TARGET,50.0,32.57,0.058487,0.003,0.055487,84.36,-0.6171,3.3896,0.047009,0.001401,True
131,2022-01-16 03:00:00+00:00,2022-01-17 09:00:00+00:00,-2.05,2.05,0.595,-0.032261,LONG_SPREAD,705.61,442.38,263.23,0.1377,NORMAL,3.55,0.205,24.6,0.3968,TARGET,30.0,12.84,0.035508,0.003,0.032508,35.78,0.786,-2.05,-0.032261,0.001445,True
132,2022-01-20 23:00:00+00:00,2022-01-22 11:00:00+00:00,-2.6315,2.6315,0.5626,-0.037762,LONG_SPREAD,905.76,579.65,326.11,0.1377,NORMAL,4.1315,0.2631,31.58,0.333,TARGET,36.0,40.58,0.039534,0.003,0.036534,73.67,1.264,-4.035,-0.037762,0.001475,True
133,2022-01-24 12:00:00+00:00,2022-01-25 16:00:00+00:00,-2.2805,2.2805,0.5377,-0.035431,LONG_SPREAD,784.95,510.47,274.48,0.1377,NORMAL,3.7805,0.228,27.37,1.0648,TARGET,28.0,26.09,0.049332,0.003,0.046332,62.46,3.2069,-2.2805,-0.035431,0.00156,True
134,2022-01-25 17:00:00+00:00,2022-01-27 01:00:00+00:00,2.5213,-2.5213,0.5524,0.034033,SHORT_SPREAD,867.83,559.03,308.81,0.1377,NORMAL,4.0213,-0.2521,30.26,-2.7092,TARGET,32.0,34.03,0.078958,0.003,0.075958,99.95,-2.7092,3.4481,0.034033,0.001416,True
135,2022-01-29 13:00:00+00:00,2022-01-30 14:00:00+00:00,2.0106,-2.0106,0.6039,0.028099,SHORT_SPREAD,692.07,431.48,260.58,0.1377,NORMAL,3.5106,-0.2011,24.13,-0.2882,TARGET,25.0,13.87,0.033128,0.003,0.030128,34.72,-0.8872,2.7318,0.028099,0.001581,True
136,2022-02-01 16:00:00+00:00,2022-02-02 21:00:00+00:00,2.4107,-2.4107,0.6112,0.032861,SHORT_SPREAD,829.76,514.98,314.77,0.1377,NORMAL,3.9107,-0.2411,28.93,-0.7779,TARGET,29.0,18.49,0.04463,0.003,0.04163,53.03,-1.4962,2.4107,0.032861,0.001621,True
137,2022-02-04 05:00:00+00:00,2022-02-05 12:00:00+00:00,2.0352,-2.0352,0.595,0.027323,SHORT_SPREAD,700.51,439.19,261.32,0.1377,NORMAL,3.5352,-0.2035,24.42,-0.3549,TARGET,31.0,9.58,0.032849,0.003,0.029849,30.49,-0.3549,2.6495,0.027323,0.001617,True
138,2022-02-08 06:00:00+00:00,2022-02-09 21:00:00+00:00,3.0345,-3.0345,0.6559,0.045239,SHORT_SPREAD,835.59,504.62,330.97,0.1377,STRONG,4.5345,-0.3035,36.41,-0.5795,TARGET,39.0,49.66,0.054171,0.003,0.051171,92.41,-1.6552,3.0345,0.045239,0.001579,True
139,2022-02-11 20:00:00+00:00,2022-02-13 03:00:00+00:00,-2.2597,2.2597,0.6758,-0.030564,LONG_SPREAD,777.8,464.15,313.65,0.1377,NORMAL,3.7597,0.226,27.12,0.3313,TARGET,31.0,23.27,0.038369,0.003,0.035369,50.78,1.7305,-2.7123,-0.030564,0.001727,True
140,2022-02-15 10:00:00+00:00,2022-02-16 12:00:00+00:00,2.0916,-2.0916,0.6783,0.030192,SHORT_SPREAD,719.93,428.98,290.95,0.1377,NORMAL,3.5916,-0.2092,25.1,-0.4672,TARGET,26.0,9.89,0.033747,0.003,0.030747,32.02,-0.4786,2.3013,0.030192,0.001745,True
141,2022-02-17 04:00:00+00:00,2022-02-19 07:00:00+00:00,-4.1762,4.1762,0.699,-0.050011,LONG_SPREAD,1149.97,676.85,473.12,0.1377,STRONG,5.0,0.4176,50.11,0.962,TARGET,51.0,51.78,0.066405,0.003,0.063405,124.69,1.309,-4.1762,-0.050011,0.001738,True
142,2022-02-20 07:00:00+00:00,2022-02-22 05:00:00+00:00,-2.5942,2.5942,0.676,-0.031895,LONG_SPREAD,892.92,532.77,360.15,0.1377,NORMAL,4.0942,0.2594,31.13,0.3716,TARGET,46.0,16.84,0.038418,0.003,0.035418,48.47,1.3023,-2.5942,-0.031895,0.001886,True
143,2022-02-23 07:00:00+00:00,2022-02-24 10:00:00+00:00,2.0331,-2.0331,0.6786,0.02795,SHORT_SPREAD,699.81,416.9,282.91,0.1377,NORMAL,3.5331,-0.2033,24.4,-0.8097,TARGET,27.0,14.65,0.038989,0.003,0.035989,39.84,-2.7667,2.0331,0.02795,0.00193,True
144,2022-02-24 20:00:00+00:00,2022-02-25 21:00:00+00:00,2.0438,-2.0438,0.6946,0.029642,SHORT_SPREAD,703.47,415.13,288.35,0.1377,NORMAL,3.5438,-0.2044,24.53,-2.4345,TARGET,25.0,11.67,0.064117,0.003,0.061117,54.66,-2.4529,2.0438,0.029642,0.00191,True
145,2022-02-27 19:00:00+00:00,2022-02-28 21:00:00+00:00,-2.1025,2.1025,0.6775,-0.029075,LONG_SPREAD,723.69,431.41,292.28,0.1377,NORMAL,3.6025,0.2103,25.23,0.4957,TARGET,26.0,14.47,0.036799,0.003,0.033799,38.93,3.0922,-2.1025,-0.029075,0.00172,True
146,2022-03-01 00:00:00+00:00,2022-03-02 10:00:00+00:00,2.7869,-2.7869,0.6933,0.040033,SHORT_SPREAD,767.4,453.21,314.19,0.1377,NORMAL,4.2869,-0.2787,33.44,-0.5612,TARGET,34.0,19.21,0.048968,0.003,0.045968,54.48,-1.0814,2.7869,0.040033,0.00162,True
147,2022-03-02 17:00:00+00:00,2022-03-04 08:00:00+00:00,-3.0132,3.0132,0.69,-0.041387,LONG_SPREAD,829.71,490.94,338.77,0.1377,STRONG,4.5132,0.3013,36.16,0.8288,TARGET,39.0,27.36,0.052612,0.003,0.049612,68.52,0.8514,-3.0132,-0.041387,0.001629,True
148,2022-03-04 11:00:00+00:00,2022-03-05 17:00:00+00:00,2.4546,-2.4546,0.6506,0.033036,SHORT_SPREAD,844.88,511.88,333.01,0.1377,NORMAL,3.9546,-0.2455,29.46,-0.6893,TARGET,30.0,29.38,0.044469,0.003,0.041469,64.42,-0.9771,2.7863,0.033036,0.001565,True
149,2022-03-08 17:00:00+00:00,2022-03-10 02:00:00+00:00,2.2091,-2.2091,0.6576,0.029234,SHORT_SPREAD,760.38,458.71,301.67,0.1377,NORMAL,3.7091,-0.2209,26.51,-0.6226,TARGET,33.0,15.16,0.040276,0.003,0.037276,43.5,-1.0852,3.3228,0.029234,0.001753,True
150,2022-03-11 02:00:00+00:00,2022-03-13 12:00:00+00:00,3.5229,-3.5229,0.6654,0.045089,SHORT_SPREAD,970.09,582.48,387.6,0.1377,STRONG,5.0,-0.3523,42.28,-0.423,TARGET,58.0,50.85,0.05291,0.003,0.04991,99.27,-1.5172,3.5229,0.045089,0.001768,True
151,2022-03-14 12:00:00+00:00,2022-03-15 17:00:00+00:00,-2.4144,2.4144,0.656,-0.03222,LONG_SPREAD,831.03,501.82,329.2,0.1377,NORMAL,3.9144,0.2414,28.97,0.6029,TARGET,29.0,19.46,0.039828,0.003,0.036828,50.07,1.7562,-2.8546,-0.03222,0.001856,True
152,2022-03-15 19:00:00+00:00,2022-03-17 20:00:00+00:00,2.1967,-2.1967,0.6583,0.027499,SHORT_SPREAD,756.1,455.95,300.16,0.1377,NORMAL,3.6967,-0.2197,26.36,-0.7288,TARGET,49.0,11.75,0.037517,0.003,0.034517,37.85,-1.0031,3.1597,0.027499,0.001851,True
153,2022-03-18 00:00:00+00:00,2022-03-18 16:00:00+00:00,2.0463,-2.0463,0.6872,0.025228,SHORT_SPREAD,704.35,417.46,286.88,0.1377,NORMAL,3.5463,-0.2046,24.56,4.1295,STOPLOSS,16.0,8.2,-0.027252,0.003,-0.030252,-13.11,-1.0736,4.1295,0.025228,0.001851,False
154,2022-03-18 17:00:00+00:00,2022-03-20 00:00:00+00:00,2.5643,-2.5643,0.697,0.033043,SHORT_SPREAD,882.64,520.13,362.52,0.1377,NORMAL,4.0643,-0.2564,30.77,-0.9808,TARGET,31.0,16.69,0.04592,0.003,0.04292,54.57,-0.9808,2.5643,0.033043,0.001871,True
155,2022-03-21 09:00:00+00:00,2022-03-22 19:00:00+00:00,2.755,-2.755,0.7207,0.036614,SHORT_SPREAD,948.28,551.1,397.18,0.1377,NORMAL,4.255,-0.2755,33.06,-0.5648,TARGET,34.0,25.62,0.044355,0.003,0.041355,64.84,-2.5112,2.8169,0.036614,0.0019,True
156,2022-03-28 18:00:00+00:00,2022-03-29 21:00:00+00:00,2.1396,-2.1396,0.7227,0.025067,SHORT_SPREAD,736.47,427.51,308.96,0.1377,NORMAL,3.6396,-0.214,25.68,-0.8087,TARGET,27.0,13.17,0.033368,0.003,0.030368,35.53,-1.365,2.1396,0.025067,0.001909,True
157,2022-03-30 17:00:00+00:00,2022-04-01 04:00:00+00:00,2.8777,-2.8777,0.7335,0.033286,SHORT_SPREAD,990.51,571.38,419.13,0.1377,NORMAL,4.3777,-0.2878,34.53,-0.4508,TARGET,35.0,24.64,0.037586,0.003,0.034586,58.9,-2.6707,3.6677,0.033286,0.001928,True
158,2022-04-02 16:00:00+00:00,2022-04-02 18:00:00+00:00,-2.5775,2.5775,0.7491,-0.027358,LONG_SPREAD,1774.36,1014.42,759.94,0.1377,NORMAL,4.0775,0.2577,30.93,-5.0,STOPLOSS,2.0,0.0,-0.035342,0.003,-0.038342,-68.03,-2.448,-5.0,-0.027358,0.001956,False
159,2022-04-02 19:00:00+00:00,2022-04-04 11:00:00+00:00,-3.2867,3.2867,0.7337,-0.037433,LONG_SPREAD,1131.28,652.51,478.76,0.1377,STRONG,4.7867,0.3287,39.44,0.6105,TARGET,40.0,35.14,0.047194,0.003,0.044194,85.13,0.8889,-3.3888,-0.037433,0.001923,True
160,2022-04-05 00:00:00+00:00,2022-04-06 06:00:00+00:00,2.3462,-2.3462,0.7238,0.029249,SHORT_SPREAD,807.56,468.48,339.09,0.1377,NORMAL,3.8462,-0.2346,28.15,-0.2698,TARGET,30.0,15.91,0.031425,0.003,0.028425,38.87,-1.6585,2.3462,0.029249,0.001952,True
161,2022-04-10 23:00:00+00:00,2022-04-12 02:00:00+00:00,-2.1773,2.1773,0.7201,-0.021923,LONG_SPREAD,749.44,435.7,313.74,0.1377,NORMAL,3.6773,0.2177,26.13,0.4799,TARGET,27.0,10.37,0.026527,0.003,0.023527,28.0,2.1065,-2.4002,-0.021923,0.002168,True
162,2022-04-15 13:00:00+00:00,2022-04-16 20:00:00+00:00,-2.4661,2.4661,0.7297,-0.022998,LONG_SPREAD,848.84,490.75,358.09,0.1377,NORMAL,3.9661,0.2466,29.59,0.2937,TARGET,31.0,13.65,0.026238,0.003,0.023238,33.38,0.6243,-2.4661,-0.022998,0.002337,True
163,2022-04-18 04:00:00+00:00,2022-04-19 08:00:00+00:00,-2.2595,2.2595,0.7303,-0.021046,LONG_SPREAD,777.72,449.48,328.25,0.1377,NORMAL,3.7595,0.2259,27.11,0.8732,TARGET,28.0,10.41,0.029385,0.003,0.026385,30.93,1.1787,-2.2595,-0.021046,0.00242,True
164,2022-04-26 14:00:00+00:00,2022-04-27 14:00:00+00:00,-2.1964,2.1964,0.7352,-0.014409,LONG_SPREAD,756.01,435.7,320.31,0.1377,NORMAL,3.6964,0.2196,26.36,-3.8508,STOPLOSS,24.0,8.04,-0.010385,0.003,-0.013385,-2.08,2.6932,-3.8508,-0.014409,0.002614,False
165,2022-04-27 15:00:00+00:00,2022-04-29 05:00:00+00:00,-3.1529,3.1529,0.7345,-0.020573,LONG_SPREAD,1085.25,625.7,459.55,0.1377,STRONG,4.6529,0.3153,37.84,0.3969,TARGET,38.0,16.04,0.02296,0.003,0.01996,37.7,1.4057,-3.1529,-0.020573,0.002622,True
166,2022-04-29 19:00:00+00:00,2022-04-30 17:00:00+00:00,-2.6863,2.6863,0.7247,-0.017467,LONG_SPREAD,924.62,536.1,388.51,0.1377,NORMAL,4.1863,0.2686,32.24,-4.1927,STOPLOSS,22.0,10.73,-0.010303,0.003,-0.013303,-1.57,2.4141,-4.1927,-0.017467,0.00276,False
167,2022-04-30 18:00:00+00:00,2022-05-02 14:00:00+00:00,-3.2505,3.2505,0.7214,-0.021922,LONG_SPREAD,1118.83,649.95,468.88,0.1377,STRONG,4.7505,0.325,39.01,2.8577,TARGET,44.0,17.17,0.042221,0.003,0.039221,61.05,3.3626,-4.0011,-0.021922,0.002873,True
168,2022-05-02 15:00:00+00:00,2022-05-05 08:00:00+00:00,5.0,-5.0,0.7329,0.040319,SHORT_SPREAD,1376.81,794.52,582.29,0.1377,STRONG,5.0,-0.5,60.0,-2.2176,TARGET,65.0,60.74,0.05893,0.003,0.05593,137.75,-2.219,5.0,0.040319,0.002947,True
169,2022-05-05 14:00:00+00:00,2022-05-06 23:00:00+00:00,-2.6019,2.6019,0.7467,-0.02006,LONG_SPREAD,895.6,512.73,382.86,0.1377,NORMAL,4.1019,0.2602,31.22,0.2855,TARGET,33.0,15.78,0.021932,0.003,0.018932,32.73,0.7191,-2.9055,-0.02006,0.002705,True
170,2022-05-07 22:00:00+00:00,2022-05-09 03:00:00+00:00,-2.3053,2.3053,0.7487,-0.018603,LONG_SPREAD,793.48,453.75,339.74,0.1377,NORMAL,3.8053,0.2305,27.66,0.4535,TARGET,29.0,11.66,0.021858,0.003,0.018858,26.62,0.8321,-3.078,-0.018603,0.002867,True
171,2022-05-09 15:00:00+00:00,2022-05-09 17:00:00+00:00,-2.9,2.9,0.7423,-0.024473,LONG_SPREAD,1996.35,1145.81,850.54,0.1377,NORMAL,4.4,0.29,34.8,-5.0,STOPLOSS,2.0,0.0,-0.044422,0.003,-0.047422,-94.67,-2.9,-5.0,-0.024473,0.003068,False
172,2022-05-09 18:00:00+00:00,2022-05-12 00:00:00+00:00,-4.1433,4.1433,0.7395,-0.038414,LONG_SPREAD,1426.15,819.87,606.28,0.1377,STRONG,5.0,0.4143,49.72,1.6089,TARGET,54.0,48.37,0.059931,0.003,0.056931,129.56,3.0563,-5.0,-0.038414,0.00309,True
173,2022-05-12 06:00:00+00:00,2022-05-14 17:00:00+00:00,-3.9129,3.9129,0.8436,-0.058255,LONG_SPREAD,1077.47,584.45,493.02,0.1377,STRONG,5.0,0.3913,46.96,1.0057,TARGET,59.0,57.94,0.076023,0.003,0.073023,136.62,5.0,-3.9129,-0.058255,0.002545,True
174,2022-05-14 22:00:00+00:00,2022-05-16 01:00:00+00:00,2.218,-2.218,0.8697,0.035751,SHORT_SPREAD,763.45,408.32,355.13,0.1377,NORMAL,3.718,-0.2218,26.62,-1.8172,TARGET,27.0,22.72,0.071488,0.003,0.068488,75.0,-1.8465,2.218,0.035751,0.002124,True
175,2022-05-20 03:00:00+00:00,2022-05-21 20:00:00+00:00,-3.1743,3.1743,0.8254,-0.059937,LONG_SPREAD,874.07,478.83,395.24,0.1377,STRONG,4.6743,0.3174,38.09,0.8215,TARGET,41.0,36.71,0.074958,0.003,0.071958,99.61,1.2408,-3.1743,-0.059937,0.001992,True
176,2022-05-22 14:00:00+00:00,2022-05-24 13:00:00+00:00,3.088,-3.088,0.8268,0.054449,SHORT_SPREAD,850.32,465.47,384.84,0.1377,STRONG,4.588,-0.3088,37.06,-1.0883,TARGET,47.0,33.98,0.080415,0.003,0.077415,99.81,-1.0883,3.088,0.054449,0.001983,True
177,2022-05-27 10:00:00+00:00,2022-05-28 12:00:00+00:00,-2.0334,2.0334,0.7875,-0.041457,LONG_SPREAD,559.92,313.24,246.68,0.1377,NORMAL,3.5334,0.2033,24.4,0.867,TARGET,26.0,11.63,0.055128,0.003,0.052128,40.82,1.8471,-2.0334,-0.041457,0.002256,True
178,2022-05-28 15:00:00+00:00,2022-05-30 10:00:00+00:00,2.9067,-2.9067,0.8068,0.051062,SHORT_SPREAD,800.41,443.0,357.41,0.1377,NORMAL,4.4067,-0.2907,34.88,-1.0201,TARGET,43.0,30.12,0.076656,0.003,0.073656,89.07,-1.0201,3.2185,0.051062,0.002268,True
179,2022-06-04 21:00:00+00:00,2022-06-06 14:00:00+00:00,2.4117,-2.4117,0.8335,0.031908,SHORT_SPREAD,830.11,452.75,377.37,0.1377,NORMAL,3.9117,-0.2412,28.94,-0.3633,TARGET,41.0,15.27,0.038292,0.003,0.035292,44.57,-0.607,3.6272,0.031908,0.00244,True
180,2022-06-07 01:00:00+00:00,2022-06-08 07:00:00+00:00,-2.4781,2.4781,0.8748,-0.036406,LONG_SPREAD,852.96,454.95,398.01,0.1377,NORMAL,3.9781,0.2478,29.74,1.2638,TARGET,30.0,19.3,0.055238,0.003,0.052238,63.85,1.6221,-2.4936,-0.036406,0.002465,True
181,2022-06-12 10:00:00+00:00,2022-06-13 00:00:00+00:00,-2.0092,2.0092,0.8614,-0.029187,LONG_SPREAD,691.57,371.53,320.04,0.1377,NORMAL,3.5092,0.2009,24.11,-3.8452,STOPLOSS,14.0,11.03,-0.02646,0.003,-0.02946,-9.34,-0.2051,-3.8452,-0.029187,0.002888,False
182,2022-06-13 01:00:00+00:00,2022-06-14 09:00:00+00:00,-2.634,2.634,0.8508,-0.039236,LONG_SPREAD,906.64,489.86,416.77,0.1377,NORMAL,4.134,0.2634,31.61,0.5939,TARGET,32.0,38.24,0.047785,0.003,0.044785,78.84,2.2039,-2.634,-0.039236,0.002843,True
183,2022-06-15 03:00:00+00:00,2022-06-17 03:00:00+00:00,-3.4035,3.4035,0.8726,-0.051245,LONG_SPREAD,937.21,500.48,436.73,0.1377,STRONG,4.9035,0.3404,40.84,0.3756,TARGET,48.0,44.01,0.058146,0.003,0.055146,95.69,2.1112,-3.4035,-0.051245,0.002747,True
184,2022-06-18 20:00:00+00:00,2022-06-20 06:00:00+00:00,-2.5868,2.5868,0.8858,-0.03623,LONG_SPREAD,890.39,472.15,418.24,0.1377,NORMAL,4.0868,0.2587,31.04,0.7878,TARGET,34.0,20.25,0.046347,0.003,0.043347,58.85,1.5285,-3.3875,-0.03623,0.002741,True
185,2022-06-20 08:00:00+00:00,2022-06-22 00:00:00+00:00,3.2803,-3.2803,0.8723,0.044367,SHORT_SPREAD,903.27,482.43,420.84,0.1377,STRONG,4.7803,-0.328,39.36,-1.1682,TARGET,40.0,28.05,0.064505,0.003,0.061505,83.6,-1.7189,3.6804,0.044367,0.002423,True
186,2022-06-22 19:00:00+00:00,2022-06-24 06:00:00+00:00,-2.8935,2.8935,0.8685,-0.04575,LONG_SPREAD,796.77,426.42,370.35,0.1377,NORMAL,4.3935,0.2894,34.72,1.1787,TARGET,35.0,36.22,0.065773,0.003,0.062773,86.23,3.3944,-2.8935,-0.04575,0.002298,True
187,2022-06-24 21:00:00+00:00,2022-06-26 13:00:00+00:00,2.8355,-2.8355,0.8844,0.046269,SHORT_SPREAD,780.78,414.34,366.44,0.1377,NORMAL,4.3355,-0.2835,34.03,-0.8343,TARGET,40.0,23.08,0.062953,0.003,0.059953,69.89,-1.8492,2.8355,0.046269,0.002071,True
188,2022-06-30 03:00:00+00:00,2022-07-02 05:00:00+00:00,-2.5331,2.5331,0.8693,-0.043367,LONG_SPREAD,697.53,373.15,324.37,0.1377,NORMAL,4.0331,0.2533,30.4,0.643,TARGET,50.0,21.08,0.052778,0.003,0.049778,55.8,0.643,-2.7183,-0.043367,0.002312,True
189,2022-07-05 21:00:00+00:00,2022-07-07 05:00:00+00:00,2.2252,-2.2252,0.7831,0.035827,SHORT_SPREAD,765.92,429.54,336.38,0.1377,NORMAL,3.7252,-0.2225,26.7,-0.4144,TARGET,32.0,26.87,0.044637,0.003,0.041637,58.76,-0.4144,2.2252,0.035827,0.002004,True
190,2022-07-14 08:00:00+00:00,2022-07-15 21:00:00+00:00,-2.5685,2.5685,0.8131,-0.038541,LONG_SPREAD,884.1,487.62,396.48,0.1377,NORMAL,4.0685,0.2569,30.82,1.4688,TARGET,37.0,19.65,0.060091,0.003,0.057091,70.13,2.0194,-2.5685,-0.038541,0.002298,True
191,2022-07-16 15:00:00+00:00,2022-07-17 21:00:00+00:00,2.2592,-2.2592,0.8092,0.029958,SHORT_SPREAD,777.63,429.82,347.81,0.1377,NORMAL,3.7592,-0.2259,27.11,-0.2779,TARGET,30.0,11.96,0.034725,0.003,0.031725,36.63,-0.5728,3.6081,0.029958,0.002177,True
192,2022-07-18 05:00:00+00:00,2022-07-19 21:00:00+00:00,3.2991,-3.2991,0.8556,0.04702,SHORT_SPREAD,908.45,489.58,418.87,0.1377,STRONG,4.7991,-0.3299,39.59,-0.6743,TARGET,40.0,34.57,0.058481,0.003,0.055481,84.98,-1.9205,3.2991,0.04702,0.002157,True
193,2022-07-21 00:00:00+00:00,2022-07-22 02:00:00+00:00,-2.031,2.031,0.8732,-0.029301,LONG_SPREAD,699.09,373.22,325.88,0.1377,NORMAL,3.531,0.2031,24.37,0.2861,TARGET,26.0,10.88,0.034787,0.003,0.031787,33.1,2.2533,-3.1736,-0.029301,0.002055,True
194,2022-07-26 04:00:00+00:00,2022-07-27 08:00:00+00:00,-2.2798,2.2798,0.8251,-0.03054,LONG_SPREAD,784.71,429.95,354.76,0.1377,NORMAL,3.7798,0.228,27.36,0.5294,TARGET,28.0,17.26,0.039552,0.003,0.036552,45.94,1.7041,-2.7786,-0.03054,0.002175,True
195,2022-07-28 10:00:00+00:00,2022-07-30 08:00:00+00:00,-3.3174,3.3174,0.8128,-0.045307,LONG_SPREAD,913.49,503.91,409.58,0.1377,STRONG,4.8174,0.3317,39.81,0.4103,TARGET,46.0,30.11,0.053049,0.003,0.050049,75.83,1.9926,-3.3174,-0.045307,0.00195,True
196,2022-08-06 16:00:00+00:00,2022-08-06 17:00:00+00:00,2.0351,-2.0351,0.8466,0.026322,SHORT_SPREAD,1400.99,758.69,642.29,0.1377,NORMAL,3.5351,-0.2035,24.42,3.6045,STOPLOSS,1.0,0.0,-0.019464,0.003,-0.022464,-31.47,2.0351,3.6045,0.026322,0.002116,False
197,2022-08-06 18:00:00+00:00,2022-08-07 22:00:00+00:00,2.1408,-2.1408,0.8519,0.02754,SHORT_SPREAD,736.86,397.89,338.97,0.1377,NORMAL,3.6408,-0.2141,25.69,-0.7004,TARGET,28.0,11.03,0.036166,0.003,0.033166,35.47,-2.0444,2.1408,0.02754,0.002122,True
198,2022-08-08 12:00:00+00:00,2022-08-09 20:00:00+00:00,2.5833,-2.5833,0.8717,0.031603,SHORT_SPREAD,889.19,475.08,414.11,0.1377,NORMAL,4.0833,-0.2583,31.0,-0.7865,TARGET,32.0,30.55,0.041736,0.003,0.038736,64.99,-2.3641,2.5833,0.031603,0.002029,True
199,2022-08-10 01:00:00+00:00,2022-08-11 14:00:00+00:00,2.7893,-2.7893,0.8551,0.03369,SHORT_SPREAD,960.1,517.55,442.55,0.1377,NORMAL,4.2893,-0.2789,33.47,-0.971,TARGET,37.0,19.75,0.045155,0.003,0.042155,60.22,-1.9989,3.756,0.03369,0.00212,True
200,2022-08-17 19:00:00+00:00,2022-08-20 02:00:00+00:00,-3.8726,3.8726,0.8253,-0.038721,LONG_SPREAD,1332.97,730.28,602.69,0.1377,STRONG,5.0,0.3873,46.47,0.4457,TARGET,55.0,37.25,0.043488,0.003,0.040488,91.22,1.3045,-3.8726,-0.038721,0.002214,True
201,2022-08-22 16:00:00+00:00,2022-08-25 02:00:00+00:00,-4.4431,4.4431,0.7893,-0.046331,LONG_SPREAD,1223.46,683.75,539.71,0.1377,STRONG,5.0,0.4443,53.32,0.9126,TARGET,58.0,44.94,0.056808,0.003,0.053808,110.77,1.5776,-4.5054,-0.046331,0.002387,True
202,2022-08-26 15:00:00+00:00,2022-08-28 07:00:00+00:00,-2.0952,2.0952,0.7025,-0.026403,LONG_SPREAD,721.19,423.61,297.58,0.1377,NORMAL,3.5952,0.2095,25.14,0.9715,TARGET,40.0,11.32,0.035311,0.003,0.032311,34.63,1.6335,-2.0952,-0.026403,0.002061,True
203,2022-08-28 22:00:00+00:00,2022-08-31 01:00:00+00:00,-3.763,3.763,0.6817,-0.045411,LONG_SPREAD,1036.19,616.17,420.02,0.1377,STRONG,5.0,0.3763,45.16,0.4065,TARGET,51.0,38.85,0.047921,0.003,0.044921,85.4,4.0746,-3.763,-0.045411,0.00226,True
204,2022-08-31 19:00:00+00:00,2022-09-02 02:00:00+00:00,-2.0741,2.0741,0.6678,-0.0261,LONG_SPREAD,713.9,428.04,285.86,0.1377,NORMAL,3.5741,0.2074,24.89,0.3175,TARGET,31.0,9.1,0.026088,0.003,0.023088,25.59,0.9668,-2.7161,-0.0261,0.002115,True
205,2022-09-05 23:00:00+00:00,2022-09-06 00:00:00+00:00,3.332,-3.332,0.6355,0.033463,SHORT_SPREAD,2293.77,1402.45,891.32,0.1377,STRONG,4.832,-0.3332,39.98,5.0,STOPLOSS,1.0,0.0,-0.022999,0.003,-0.025999,-59.64,3.332,5.0,0.033463,0.002133,False
206,2022-09-06 01:00:00+00:00,2022-09-08 05:00:00+00:00,4.1963,-4.1963,0.6445,0.045527,SHORT_SPREAD,1155.49,702.66,452.83,0.1377,STRONG,5.0,-0.4196,50.36,-0.7235,TARGET,52.0,50.66,0.058938,0.003,0.055938,115.3,-3.5226,4.1963,0.045527,0.002133,True
207,2022-09-08 14:00:00+00:00,2022-09-09 08:00:00+00:00,-2.0835,2.0835,0.6208,-0.02858,LONG_SPREAD,717.16,442.47,274.68,0.1377,NORMAL,3.5835,0.2084,25.0,-3.6776,STOPLOSS,18.0,9.33,-0.020038,0.003,-0.023038,-7.19,2.4203,-3.6776,-0.02858,0.002073,False
208,2022-09-09 09:00:00+00:00,2022-09-11 00:00:00+00:00,-3.2287,3.2287,0.6022,-0.043713,LONG_SPREAD,889.07,554.92,334.15,0.1377,STRONG,4.7287,0.3229,38.74,1.3626,TARGET,39.0,24.06,0.059796,0.003,0.056796,74.55,2.0001,-3.2287,-0.043713,0.001877,True
209,2022-09-12 12:00:00+00:00,2022-09-13 17:00:00+00:00,2.3333,-2.3333,0.5987,0.027661,SHORT_SPREAD,803.14,502.38,300.76,0.1377,NORMAL,3.8333,-0.2333,28.0,-0.2985,TARGET,29.0,15.07,0.034422,0.003,0.031422,40.3,-2.4049,2.3333,0.027661,0.001816,True
210,2022-09-15 14:00:00+00:00,2022-09-17 01:00:00+00:00,-2.8759,2.8759,0.5799,-0.037596,LONG_SPREAD,989.88,626.55,363.33,0.1377,NORMAL,4.3759,0.2876,34.51,1.4616,TARGET,35.0,22.14,0.054462,0.003,0.051462,73.08,1.4616,-2.8759,-0.037596,0.001911,True
211,2022-09-18 01:00:00+00:00,2022-09-19 08:00:00+00:00,2.5287,-2.5287,0.5367,0.029209,SHORT_SPREAD,870.39,566.39,303.99,0.1377,NORMAL,4.0287,-0.2529,30.34,-0.5034,TARGET,31.0,17.65,0.038736,0.003,0.035736,48.76,-2.8959,2.5287,0.029209,0.001796,True
212,2022-09-20 14:00:00+00:00,2022-09-21 20:00:00+00:00,2.2344,-2.2344,0.5241,0.0244,SHORT_SPREAD,769.07,504.61,264.46,0.1377,NORMAL,3.7344,-0.2234,26.81,-0.6298,TARGET,30.0,13.72,0.034597,0.003,0.031597,38.02,-0.6298,2.2344,0.0244,0.001928,True
213,2022-09-25 15:00:00+00:00,2022-09-27 00:00:00+00:00,-2.6893,2.6893,0.539,-0.033678,LONG_SPREAD,925.66,601.48,324.18,0.1377,NORMAL,4.1893,0.2689,32.27,1.054,TARGET,33.0,19.69,0.045881,0.003,0.042881,59.38,1.4378,-2.6893,-0.033678,0.001987,True
214,2022-10-11 00:00:00+00:00,2022-10-12 15:00:00+00:00,-3.1472,3.1472,0.5324,-0.018023,LONG_SPREAD,1083.27,706.91,376.36,0.1377,STRONG,4.6472,0.3147,37.77,0.3892,TARGET,39.0,12.79,0.020707,0.003,0.017707,31.97,1.9075,-3.1472,-0.018023,0.002476,True
215,2022-10-13 07:00:00+00:00,2022-10-15 07:00:00+00:00,-2.5487,2.5487,0.5352,-0.014308,LONG_SPREAD,877.28,571.44,305.83,0.1377,NORMAL,4.0487,0.2549,30.58,0.4358,TARGET,48.0,6.99,0.016524,0.003,0.013524,18.85,3.0856,-2.5487,-0.014308,0.002688,True
216,2022-10-17 10:00:00+00:00,2022-10-18 15:00:00+00:00,2.3956,-2.3956,0.544,0.012146,SHORT_SPREAD,824.56,534.04,290.52,0.1377,NORMAL,3.8956,-0.2396,28.75,-1.0291,TARGET,29.0,12.75,0.01752,0.003,0.01452,24.72,-2.4047,2.3956,0.012146,0.002667,True
217,2022-10-18 20:00:00+00:00,2022-10-20 06:00:00+00:00,-2.7938,2.7938,0.5334,-0.013214,LONG_SPREAD,961.63,627.12,334.51,0.1377,NORMAL,4.2938,0.2794,33.53,0.6062,TARGET,34.0,7.48,0.015514,0.003,0.012514,19.51,2.5031,-2.7938,-0.013214,0.002604,True
218,2022-10-20 17:00:00+00:00,2022-10-23 15:00:00+00:00,4.4045,-4.4045,0.5311,0.020317,SHORT_SPREAD,1500.0,979.7,520.3,0.1377,STRONG,5.0,-0.4404,52.85,-1.0913,TARGET,70.0,24.68,0.026486,0.003,0.023486,59.91,-2.3881,4.4045,0.020317,0.002732,True
219,2022-10-24 00:00:00+00:00,2022-10-25 05:00:00+00:00,2.0818,-2.0818,0.5492,0.010662,SHORT_SPREAD,716.58,462.54,254.03,0.1377,NORMAL,3.5818,-0.2082,24.98,-0.4154,TARGET,29.0,5.83,0.01317,0.003,0.01017,13.12,-1.6735,2.0818,0.010662,0.002768,True
220,2022-10-25 14:00:00+00:00,2022-10-27 13:00:00+00:00,3.8397,-3.8397,0.5484,0.020061,SHORT_SPREAD,1321.65,853.56,468.1,0.1377,STRONG,5.0,-0.384,46.08,-2.0138,TARGET,47.0,20.14,0.032953,0.003,0.029953,59.73,-2.9272,5.0,0.020061,0.002844,True
221,2022-10-27 16:00:00+00:00,2022-10-29 06:00:00+00:00,2.1177,-2.1177,0.5584,0.012766,SHORT_SPREAD,728.91,467.73,261.18,0.1377,NORMAL,3.6177,-0.2118,25.41,-0.5447,TARGET,38.0,5.71,0.015935,0.003,0.012935,15.14,-3.2474,3.2123,0.012766,0.002673,True
222,2022-10-29 08:00:00+00:00,2022-10-30 13:00:00+00:00,2.3491,-2.3491,0.5758,0.015962,SHORT_SPREAD,808.58,513.11,295.47,0.1377,NORMAL,3.8491,-0.2349,28.19,-2.1014,TARGET,29.0,8.52,0.029945,0.003,0.026945,30.3,-2.4605,2.3491,0.015962,0.0026,True
223,2022-10-30 15:00:00+00:00,2022-10-31 22:00:00+00:00,-2.0243,2.0243,0.5713,-0.01317,LONG_SPREAD,696.77,443.43,253.34,0.1377,NORMAL,3.5243,0.2024,24.29,0.9067,TARGET,31.0,7.1,0.020623,0.003,0.017623,19.38,4.2219,-2.5581,-0.01317,0.002626,True
224,2022-11-01 14:00:00+00:00,2022-11-03 00:00:00+00:00,-2.6126,2.6126,0.5777,-0.018289,LONG_SPREAD,899.26,570.0,329.26,0.1377,NORMAL,4.1126,0.2613,31.35,1.4344,TARGET,34.0,12.24,0.030048,0.003,0.027048,36.56,1.4344,-2.6126,-0.018289,0.002611,True
225,2022-11-03 03:00:00+00:00,2022-11-04 11:00:00+00:00,2.2521,-2.2521,0.5745,0.01782,SHORT_SPREAD,775.19,492.35,282.84,0.1377,NORMAL,3.7521,-0.2252,27.03,-1.5521,TARGET,32.0,7.72,0.029855,0.003,0.026855,28.54,-2.346,2.2838,0.01782,0.00269,True
226,2022-11-05 16:00:00+00:00,2022-11-07 13:00:00+00:00,3.2956,-3.2956,0.5753,0.02666,SHORT_SPREAD,1134.35,720.08,414.27,0.1377,STRONG,4.7956,-0.3296,39.55,-0.4045,TARGET,45.0,24.06,0.030155,0.003,0.027155,54.86,-2.9298,3.2956,0.02666,0.002461,True
227,2022-11-08 00:00:00+00:00,2022-11-09 18:00:00+00:00,-2.9494,2.9494,0.5689,-0.024234,LONG_SPREAD,1015.21,647.06,368.14,0.1377,NORMAL,4.4494,0.2949,35.39,-5.0,STOPLOSS,42.0,16.6,-0.027217,0.003,-0.030217,-14.08,2.5806,-5.0,-0.024234,0.00262,False
228,2022-11-09 19:00:00+00:00,2022-11-11 23:00:00+00:00,-3.2542,3.2542,0.568,-0.032199,LONG_SPREAD,1120.11,714.34,405.77,0.1377,STRONG,4.7542,0.3254,39.05,0.6778,TARGET,52.0,44.11,0.039352,0.003,0.036352,84.83,3.7159,-3.2542,-0.032199,0.002853,True
229,2022-11-12 05:00:00+00:00,2022-11-13 10:00:00+00:00,-2.2807,2.2807,0.5957,-0.025833,LONG_SPREAD,785.03,491.95,293.07,0.1377,NORMAL,3.7807,0.2281,27.37,1.3333,TARGET,29.0,15.58,0.03986,0.003,0.03686,44.52,1.3333,-2.2807,-0.025833,0.002459,True
230,2022-11-14 08:00:00+00:00,2022-11-15 20:00:00+00:00,2.6348,-2.6348,0.6068,0.028206,SHORT_SPREAD,906.91,564.41,342.5,0.1377,NORMAL,4.1348,-0.2635,31.62,-0.4416,TARGET,36.0,22.65,0.034765,0.003,0.031765,51.46,-0.6939,2.6348,0.028206,0.00262,True
231,2022-11-22 13:00:00+00:00,2022-11-24 06:00:00+00:00,2.5276,-2.5276,0.6191,0.023935,SHORT_SPREAD,870.02,537.33,332.69,0.1377,NORMAL,4.0276,-0.2528,30.33,-0.4087,TARGET,41.0,16.86,0.029953,0.003,0.026953,40.31,-0.6573,2.7511,0.023935,0.003003,True
232,2022-11-25 02:00:00+00:00,2022-11-26 12:00:00+00:00,-2.1852,2.1852,0.6331,-0.023979,LONG_SPREAD,752.16,460.58,291.58,0.1377,NORMAL,3.6852,0.2185,26.22,0.3753,TARGET,34.0,10.39,0.026714,0.003,0.023714,28.23,1.6222,-2.1852,-0.023979,0.002792,True
233,2022-11-28 02:00:00+00:00,2022-11-30 00:00:00+00:00,-3.3412,3.3412,0.6433,-0.035563,LONG_SPREAD,1150.04,699.82,450.22,0.1377,STRONG,4.8412,0.3341,40.09,1.4956,TARGET,46.0,29.24,0.050584,0.003,0.047584,83.96,1.5399,-3.3412,-0.035563,0.00289,True
234,2022-12-01 00:00:00+00:00,2022-12-03 06:00:00+00:00,2.0589,-2.0589,0.6437,0.018453,SHORT_SPREAD,708.69,431.15,277.53,0.1377,NORMAL,3.5589,-0.2059,24.71,-0.9096,TARGET,54.0,8.75,0.025269,0.003,0.022269,24.53,-0.9096,2.7556,0.018453,0.002835,True
235,2022-12-03 19:00:00+00:00,2022-12-05 00:00:00+00:00,2.1773,-2.1773,0.6659,0.01746,SHORT_SPREAD,749.43,449.88,299.56,0.1377,NORMAL,3.6773,-0.2177,26.13,-0.4385,TARGET,29.0,10.91,0.020491,0.003,0.017491,24.02,-1.0427,2.1773,0.01746,0.002969,True
236,2022-12-12 00:00:00+00:00,2022-12-12 02:00:00+00:00,-2.3469,2.3469,0.6683,-0.015647,LONG_SPREAD,1615.61,968.44,647.17,0.1377,NORMAL,3.8469,0.2347,28.16,-4.032,STOPLOSS,2.0,0.0,-0.012067,0.003,-0.015067,-24.34,-1.8494,-4.032,-0.015647,0.003323,False
237,2022-12-12 03:00:00+00:00,2022-12-13 12:00:00+00:00,-2.7141,2.7141,0.6653,-0.018687,LONG_SPREAD,934.2,560.99,373.21,0.1377,NORMAL,4.2141,0.2714,32.57,1.4772,TARGET,33.0,16.88,0.030461,0.003,0.027461,42.53,3.2978,-2.7141,-0.018687,0.003341,True
238,2022-12-13 13:00:00+00:00,2022-12-16 04:00:00+00:00,5.0,-5.0,0.6799,0.057137,SHORT_SPREAD,1376.81,819.6,557.21,0.1377,STRONG,5.0,-0.5,60.0,-0.8652,TARGET,63.0,68.2,0.065046,0.003,0.062046,153.62,-1.8078,5.0,0.057137,0.003382,True
239,2022-12-16 22:00:00+00:00,2022-12-18 23:00:00+00:00,-2.3284,2.3284,0.6822,-0.017589,LONG_SPREAD,801.43,476.43,325.0,0.1377,NORMAL,3.8284,0.2328,27.94,0.3029,TARGET,49.0,10.19,0.020086,0.003,0.017086,23.88,0.4444,-3.1976,-0.017589,0.003553,True
240,2022-12-19 22:00:00+00:00,2022-12-22 16:00:00+00:00,-3.7583,3.7583,0.6727,-0.027771,LONG_SPREAD,1293.61,773.37,520.23,0.1377,STRONG,5.0,0.3758,45.1,0.6209,TARGET,66.0,35.75,0.032636,0.003,0.029636,74.08,2.5989,-3.7583,-0.027771,0.003681,True
241,2022-12-28 05:00:00+00:00,2022-12-29 16:00:00+00:00,-2.5257,2.5257,0.6584,-0.017349,LONG_SPREAD,869.34,524.2,345.14,0.1377,NORMAL,4.0257,0.2526,30.31,0.3648,TARGET,35.0,8.4,0.018594,0.003,0.015594,21.96,1.0715,-2.6264,-0.017349,0.003826,True
242,2022-12-29 20:00:00+00:00,2023-01-01 12:00:00+00:00,-4.7327,4.7327,0.6369,-0.033423,LONG_SPREAD,1500.0,916.39,583.61,0.1377,STRONG,5.0,0.4733,56.79,0.7393,TARGET,64.0,46.09,0.037526,0.003,0.034526,97.88,1.3573,-4.7327,-0.033423,0.003815,True
243,2023-01-04 02:00:00+00:00,2023-01-04 03:00:00+00:00,2.4329,-2.4329,0.6278,0.01217,SHORT_SPREAD,1674.8,1028.88,645.91,0.1377,NORMAL,3.9329,-0.2433,29.19,4.1127,STOPLOSS,1.0,0.0,-0.010132,0.003,-0.013132,-21.99,2.4329,4.1127,0.01217,0.003677,False
244,2023-01-04 04:00:00+00:00,2023-01-04 15:00:00+00:00,2.3569,-2.3569,0.6317,0.012124,SHORT_SPREAD,811.24,497.17,314.07,0.1377,NORMAL,3.8569,-0.2357,28.28,4.1059,STOPLOSS,11.0,7.01,-0.011578,0.003,-0.014578,-4.82,0.5936,4.1059,0.012124,0.003665,False
245,2023-01-04 18:00:00+00:00,2023-01-06 10:00:00+00:00,3.1484,-3.1484,0.6451,0.017625,SHORT_SPREAD,1083.69,658.74,424.95,0.1377,STRONG,4.6484,-0.3148,37.78,-0.9985,TARGET,40.0,18.82,0.025427,0.003,0.022427,43.12,-1.2402,3.1484,0.017625,0.003685,True
246,2023-01-08 16:00:00+00:00,2023-01-10 00:00:00+00:00,-2.6459,2.6459,0.6387,-0.016492,LONG_SPREAD,910.73,555.76,354.98,0.1377,NORMAL,4.1459,0.2646,31.75,0.9454,TARGET,32.0,9.55,0.021427,0.003,0.018427,26.33,2.2841,-2.6459,-0.016492,0.003776,True
247,2023-01-10 15:00:00+00:00,2023-01-11 18:00:00+00:00,3.1692,-3.1692,0.6372,0.017906,SHORT_SPREAD,1090.84,666.3,424.54,0.1377,STRONG,4.6692,-0.3169,38.03,5.0,STOPLOSS,27.0,14.4,-0.089433,0.003,-0.092433,-86.43,-1.9197,5.0,0.017906,0.003507,False
248,2023-01-12 00:00:00+00:00,2023-01-14 16:00:00+00:00,4.5648,-4.5648,0.7181,0.059035,SHORT_SPREAD,1256.98,731.63,525.35,0.1377,STRONG,5.0,-0.4565,54.78,-0.4955,TARGET,64.0,57.92,0.066908,0.003,0.063908,138.25,-1.8995,4.5648,0.059035,0.003405,True
249,2023-01-17 15:00:00+00:00,2023-01-19 07:00:00+00:00,3.278,-3.278,0.7635,0.049399,SHORT_SPREAD,902.63,511.83,390.8,0.1377,STRONG,4.778,-0.3278,39.34,-0.6531,TARGET,40.0,33.02,0.05902,0.003,0.05602,83.58,-1.2704,3.278,0.049399,0.003206,True
250,2023-01-22 12:00:00+00:00,2023-01-24 09:00:00+00:00,2.0615,-2.0615,0.7593,0.032485,SHORT_SPREAD,709.58,403.33,306.25,0.1377,NORMAL,3.5615,-0.2062,24.74,-0.2593,TARGET,45.0,11.62,0.034388,0.003,0.031388,33.9,-1.6046,2.0615,0.032485,0.00308,True
251,2023-01-27 19:00:00+00:00,2023-01-27 22:00:00+00:00,2.0594,-2.0594,0.7872,0.033674,SHORT_SPREAD,1417.72,793.25,624.47,0.1377,NORMAL,3.5594,-0.2059,24.71,4.1113,STOPLOSS,3.0,0.0,-0.032986,0.003,-0.035986,-51.02,2.0594,4.1113,0.033674,0.003098,False
252,2023-01-28 00:00:00+00:00,2023-01-29 08:00:00+00:00,2.5988,-2.5988,0.8189,0.04484,SHORT_SPREAD,715.62,393.43,322.2,0.1377,NORMAL,4.0988,-0.2599,31.19,-0.6175,TARGET,32.0,18.62,0.05319,0.003,0.05019,54.54,-1.2682,2.5988,0.04484,0.003052,True
253,2023-02-01 16:00:00+00:00,2023-02-02 19:00:00+00:00,-2.0082,2.0082,0.7823,-0.031843,LONG_SPREAD,691.24,387.84,303.4,0.1377,NORMAL,3.5082,0.2008,24.1,0.2633,TARGET,27.0,13.87,0.037728,0.003,0.034728,37.87,4.8486,-2.0231,-0.031843,0.003035,True
254,2023-02-19 14:00:00+00:00,2023-02-21 00:00:00+00:00,2.5948,-2.5948,0.8121,0.025454,SHORT_SPREAD,893.14,492.87,400.27,0.1377,NORMAL,4.0948,-0.2595,31.14,-0.2819,TARGET,34.0,21.21,0.028964,0.003,0.025964,44.4,-0.8999,2.6972,0.025454,0.003073,True
255,2023-02-21 17:00:00+00:00,2023-02-23 10:00:00+00:00,3.3561,-3.3561,0.8349,0.034204,SHORT_SPREAD,1155.19,629.56,525.63,0.1377,STRONG,4.8561,-0.3356,40.27,-1.5969,TARGET,41.0,33.64,0.048559,0.003,0.045559,86.27,-1.7212,3.3955,0.034204,0.003188,True
256,2023-02-23 11:00:00+00:00,2023-02-25 05:00:00+00:00,-2.0955,2.0955,0.8389,-0.017444,LONG_SPREAD,721.28,392.23,329.05,0.1377,NORMAL,3.5955,0.2095,25.15,0.4975,TARGET,42.0,8.91,0.021435,0.003,0.018435,22.2,0.4975,-2.4334,-0.017444,0.003252,True
257,2023-03-03 02:00:00+00:00,2023-03-05 13:00:00+00:00,-3.1243,3.1243,0.824,-0.023623,LONG_SPREAD,1075.4,589.59,485.81,0.1377,STRONG,4.6243,0.3124,37.49,0.3716,TARGET,59.0,16.34,0.026885,0.003,0.023885,42.02,1.2205,-3.1243,-0.023623,0.0036,True
258,2023-03-08 18:00:00+00:00,2023-03-09 19:00:00+00:00,-2.2348,2.2348,0.8219,-0.017388,LONG_SPREAD,769.22,422.22,347.0,0.1377,NORMAL,3.7348,0.2235,26.82,-3.8482,STOPLOSS,25.0,7.01,-0.013258,0.003,-0.016258,-5.49,2.8653,-3.8482,-0.017388,0.003871,False
259,2023-03-09 20:00:00+00:00,2023-03-12 16:00:00+00:00,-4.745,4.745,0.8223,-0.03873,LONG_SPREAD,1500.0,823.14,676.86,0.1377,STRONG,5.0,0.4745,56.94,0.6587,TARGET,68.0,52.95,0.044712,0.003,0.041712,115.52,2.0227,-5.0,-0.03873,0.004005,True
260,2023-03-12 18:00:00+00:00,2023-03-12 22:00:00+00:00,2.6868,-2.6868,0.7896,0.023537,SHORT_SPREAD,1849.63,1033.55,816.08,0.1377,NORMAL,4.1868,-0.2687,32.24,5.0,STOPLOSS,4.0,0.0,-0.029381,0.003,-0.032381,-59.89,1.2181,5.0,0.023537,0.003824,False
261,2023-03-12 23:00:00+00:00,2023-03-15 03:00:00+00:00,4.1561,-4.1561,0.8125,0.039665,SHORT_SPREAD,1430.54,789.28,641.26,0.1377,STRONG,5.0,-0.4156,49.87,-0.789,TARGET,52.0,42.29,0.049623,0.003,0.046623,108.98,-4.1217,4.1561,0.039665,0.003747,True
262,2023-03-15 17:00:00+00:00,2023-03-15 20:00:00+00:00,-2.0165,2.0165,0.8176,-0.020258,LONG_SPREAD,1388.14,763.71,624.43,0.1377,NORMAL,3.5165,0.2016,24.2,-5.0,STOPLOSS,3.0,0.0,-0.032097,0.003,-0.035097,-48.72,-2.0165,-5.0,-0.020258,0.003385,False
263,2023-03-15 21:00:00+00:00,2023-03-17 08:00:00+00:00,-2.8622,2.8622,0.8002,-0.029903,LONG_SPREAD,985.18,547.27,437.91,0.1377,NORMAL,4.3622,0.2862,34.35,0.9659,TARGET,35.0,16.83,0.039227,0.003,0.036227,52.52,1.3379,-3.2848,-0.029903,0.003344,True
264,2023-03-17 10:00:00+00:00,2023-03-19 16:00:00+00:00,2.501,-2.501,0.7963,0.02435,SHORT_SPREAD,860.84,479.22,381.62,0.1377,NORMAL,4.001,-0.2501,30.01,-1.7972,TARGET,54.0,12.39,0.045018,0.003,0.042018,48.56,-1.7972,3.3908,0.02435,0.003244,True
265,2023-03-28 13:00:00+00:00,2023-03-30 02:00:00+00:00,-2.1861,2.1861,0.8358,-0.023209,LONG_SPREAD,752.46,409.87,342.59,0.1377,NORMAL,3.6861,0.2186,26.23,0.2195,TARGET,37.0,8.93,0.026798,0.003,0.023798,26.84,1.4439,-2.1861,-0.023209,0.00365,True
266,2023-04-05 00:00:00+00:00,2023-04-06 01:00:00+00:00,2.0602,-2.0602,0.8412,0.018124,SHORT_SPREAD,709.12,385.15,323.97,0.1377,NORMAL,3.5602,-0.206,24.72,-0.5016,TARGET,25.0,6.62,0.020231,0.003,0.017231,18.84,-1.464,2.0602,0.018124,0.003717,True
267,2023-04-06 15:00:00+00:00,2023-04-07 16:00:00+00:00,2.0579,-2.0579,0.8459,0.016715,SHORT_SPREAD,708.34,383.74,324.6,0.1377,NORMAL,3.5579,-0.2058,24.69,-0.6992,TARGET,25.0,5.65,0.020138,0.003,0.017138,17.79,-1.1966,2.0579,0.016715,0.003724,True
268,2023-04-12 14:00:00+00:00,2023-04-13 22:00:00+00:00,2.5978,-2.5978,0.8576,0.015473,SHORT_SPREAD,894.18,481.36,412.82,0.1377,NORMAL,4.0978,-0.2598,31.17,-1.18,TARGET,32.0,15.72,0.021711,0.003,0.018711,32.45,-2.7306,2.9067,0.015473,0.003935,True
269,2023-04-14 08:00:00+00:00,2023-04-15 21:00:00+00:00,-2.6547,2.6547,0.8465,-0.014561,LONG_SPREAD,913.76,494.87,418.89,0.1377,NORMAL,4.1547,0.2655,31.86,0.294,TARGET,37.0,7.76,0.016942,0.003,0.013942,20.5,2.9697,-3.341,-0.014561,0.003728,True
270,2023-04-16 00:00:00+00:00,2023-04-17 22:00:00+00:00,-3.525,3.525,0.8345,-0.021068,LONG_SPREAD,1213.31,661.37,551.94,0.1377,STRONG,5.0,0.3525,42.3,0.7318,TARGET,46.0,19.04,0.027863,0.003,0.024863,49.21,5.0,-3.525,-0.021068,0.003695,True
271,2023-04-19 08:00:00+00:00,2023-04-22 03:00:00+00:00,-4.6102,4.6102,0.8663,-0.03284,LONG_SPREAD,1500.0,803.71,696.29,0.1377,STRONG,5.0,0.461,55.32,0.7245,TARGET,67.0,43.85,0.039018,0.003,0.036018,97.87,1.8704,-4.6102,-0.03284,0.003741,True
272,2023-04-22 07:00:00+00:00,2023-04-23 12:00:00+00:00,-2.15,2.15,0.8473,-0.016592,LONG_SPREAD,740.04,400.6,339.44,0.1377,NORMAL,3.65,0.215,25.8,0.5921,TARGET,29.0,8.14,0.02137,0.003,0.01837,21.74,1.2158,-2.15,-0.016592,0.004021,True
273,2023-04-27 10:00:00+00:00,2023-04-29 02:00:00+00:00,-2.5438,2.5438,0.8471,-0.019829,LONG_SPREAD,875.59,474.02,401.56,0.1377,NORMAL,4.0438,0.2544,30.53,0.3246,TARGET,40.0,13.93,0.022166,0.003,0.019166,30.71,1.2655,-2.6673,-0.019829,0.00393,True
274,2023-05-03 18:00:00+00:00,2023-05-05 07:00:00+00:00,3.0045,-3.0045,0.8357,0.02361,SHORT_SPREAD,1034.16,563.37,470.8,0.1377,STRONG,4.5045,-0.3005,36.05,-0.4602,TARGET,37.0,16.08,0.027999,0.003,0.024999,41.94,-0.7056,3.0045,0.02361,0.004133,True
275,2023-05-08 01:00:00+00:00,2023-05-09 18:00:00+00:00,-3.3383,3.3383,0.829,-0.023321,LONG_SPREAD,1149.07,628.24,520.83,0.1377,STRONG,4.8383,0.3338,40.06,1.0428,TARGET,41.0,20.41,0.029005,0.003,0.026005,50.29,2.188,-3.3383,-0.023321,0.004214,True
276,2023-05-10 13:00:00+00:00,2023-05-12 12:00:00+00:00,-3.644,3.644,0.8097,-0.02422,LONG_SPREAD,1254.28,693.08,561.2,0.1377,STRONG,5.0,0.3644,43.73,1.0765,TARGET,47.0,22.6,0.030066,0.003,0.027066,56.55,1.0765,-3.644,-0.02422,0.004281,True
277,2023-05-17 19:00:00+00:00,2023-05-19 21:00:00+00:00,2.6973,-2.6973,0.7775,0.015587,SHORT_SPREAD,928.41,522.32,406.09,0.1377,NORMAL,4.1973,-0.2697,32.37,-0.297,TARGET,50.0,9.79,0.01834,0.003,0.01534,24.03,-1.3055,2.7489,0.015587,0.004303,True
278,2023-05-22 17:00:00+00:00,2023-05-24 00:00:00+00:00,2.111,-2.111,0.7792,0.011318,SHORT_SPREAD,726.62,408.4,318.22,0.1377,NORMAL,3.611,-0.2111,25.33,-0.3337,TARGET,31.0,5.84,0.014192,0.003,0.011192,13.97,-0.7761,2.111,0.011318,0.004543,True
279,2023-05-24 15:00:00+00:00,2023-05-26 02:00:00+00:00,-2.3885,2.3885,0.7765,-0.014942,LONG_SPREAD,822.13,462.79,359.34,0.1377,NORMAL,3.8885,0.2388,28.66,0.2496,TARGET,35.0,7.24,0.015175,0.003,0.012175,17.25,0.6743,-2.3885,-0.014942,0.004646,True
280,2023-05-26 19:00:00+00:00,2023-05-28 08:00:00+00:00,2.137,-2.137,0.7711,0.010929,SHORT_SPREAD,735.57,415.32,320.25,0.1377,NORMAL,3.637,-0.2137,25.64,-1.4307,TARGET,37.0,4.77,0.020354,0.003,0.017354,17.54,-1.4307,2.2367,0.010929,0.004656,True
281,2023-05-31 02:00:00+00:00,2023-06-01 05:00:00+00:00,-2.2167,2.2167,0.7698,-0.012446,LONG_SPREAD,762.98,431.11,331.87,0.1377,NORMAL,3.7167,0.2217,26.6,0.8196,TARGET,27.0,5.04,0.016178,0.003,0.013178,15.09,2.739,-2.2167,-0.012446,0.004684,True
282,2023-06-05 08:00:00+00:00,2023-06-07 09:00:00+00:00,2.5856,-2.5856,0.7797,0.010987,SHORT_SPREAD,889.98,500.06,389.92,0.1377,NORMAL,4.0856,-0.2586,31.03,-0.3928,TARGET,49.0,5.87,0.012564,0.003,0.009564,14.38,-5.0,3.0182,0.010987,0.004846,True
283,2023-06-07 20:00:00+00:00,2023-06-09 01:00:00+00:00,2.3325,-2.3325,0.7993,0.011217,SHORT_SPREAD,802.85,446.19,356.65,0.1377,NORMAL,3.8325,-0.2332,27.99,-0.4694,TARGET,29.0,6.23,0.013064,0.003,0.010064,14.32,-1.977,2.3325,0.011217,0.005044,True
284,2023-06-09 12:00:00+00:00,2023-06-11 00:00:00+00:00,2.9806,-2.9806,0.7996,0.014308,SHORT_SPREAD,1025.94,570.08,455.86,0.1377,NORMAL,4.4806,-0.2981,35.77,-0.3878,TARGET,36.0,10.76,0.017671,0.003,0.014671,25.81,-5.0,2.9806,0.014308,0.005156,True
285,2023-06-11 22:00:00+00:00,2023-06-13 01:00:00+00:00,-2.1008,2.1008,0.86,-0.016867,LONG_SPREAD,723.12,388.77,334.35,0.1377,NORMAL,3.6008,0.2101,25.21,0.7626,TARGET,27.0,6.46,0.02233,0.003,0.01933,20.44,0.7626,-2.1008,-0.016867,0.004534,True
286,2023-06-13 08:00:00+00:00,2023-06-14 16:00:00+00:00,2.5093,-2.5093,0.8401,0.019542,SHORT_SPREAD,863.7,469.39,394.31,0.1377,NORMAL,4.0093,-0.2509,30.11,-0.5026,TARGET,32.0,13.08,0.024375,0.003,0.021375,31.54,-0.5026,2.5093,0.019542,0.004391,True
287,2023-06-14 20:00:00+00:00,2023-06-16 02:00:00+00:00,-2.4598,2.4598,0.8458,-0.02075,LONG_SPREAD,846.67,458.71,387.96,0.1377,NORMAL,3.9598,0.246,29.52,0.407,TARGET,30.0,12.34,0.023935,0.003,0.020935,30.06,1.4379,-3.1955,-0.02075,0.00444,True
288,2023-06-20 20:00:00+00:00,2023-06-22 07:00:00+00:00,2.109,-2.109,0.85,0.01773,SHORT_SPREAD,725.91,392.38,333.54,0.1377,NORMAL,3.609,-0.2109,25.31,-0.5317,TARGET,35.0,7.63,0.022577,0.003,0.019577,21.84,-0.5317,2.6723,0.01773,0.004573,True
289,2023-06-23 16:00:00+00:00,2023-06-24 19:00:00+00:00,2.0877,-2.0877,0.8752,0.018724,SHORT_SPREAD,718.58,383.19,335.39,0.1377,NORMAL,3.5877,-0.2088,25.05,-0.2865,TARGET,27.0,8.36,0.021653,0.003,0.018653,21.76,-0.9385,2.3548,0.018724,0.004325,True
290,2023-07-03 05:00:00+00:00,2023-07-04 10:00:00+00:00,-2.158,2.158,0.8709,-0.015125,LONG_SPREAD,742.78,397.02,345.75,0.1377,NORMAL,3.658,0.2158,25.9,0.447,TARGET,29.0,10.42,0.018578,0.003,0.015578,21.99,1.2177,-2.158,-0.015125,0.004266,True
291,2023-07-08 00:00:00+00:00,2023-07-08 03:00:00+00:00,3.2961,-3.2961,0.8657,0.022452,SHORT_SPREAD,2269.08,1216.21,1052.87,0.1377,STRONG,4.7961,-0.3296,39.55,5.0,STOPLOSS,3.0,0.0,-0.018746,0.003,-0.021746,-49.34,2.5051,5.0,0.022452,0.004479,False
292,2023-07-08 04:00:00+00:00,2023-07-11 05:00:00+00:00,5.0,-5.0,0.8747,0.040572,SHORT_SPREAD,1376.81,734.43,642.38,0.1377,STRONG,5.0,-0.5,60.0,-0.5836,TARGET,73.0,44.39,0.045511,0.003,0.042511,102.92,-3.0776,5.0,0.040572,0.004487,True
293,2023-07-14 05:00:00+00:00,2023-07-14 06:00:00+00:00,2.2801,-2.2801,0.8943,0.018682,SHORT_SPREAD,1569.63,828.62,741.01,0.1377,NORMAL,3.7801,-0.228,27.36,3.9265,STOPLOSS,1.0,0.0,-0.013676,0.003,-0.016676,-26.17,2.2801,3.9265,0.018682,0.004159,False
294,2023-07-14 07:00:00+00:00,2023-07-16 19:00:00+00:00,5.0,-5.0,0.9007,0.047454,SHORT_SPREAD,1376.81,724.39,652.42,0.1377,STRONG,5.0,-0.5,60.0,-0.5252,TARGET,60.0,58.51,0.052996,0.003,0.049996,127.34,-3.1093,5.0,0.047454,0.004158,True
295,2023-08-06 03:00:00+00:00,2023-08-07 13:00:00+00:00,2.2409,-2.2409,0.8998,0.00818,SHORT_SPREAD,771.34,406.02,365.32,0.1377,NORMAL,3.7409,-0.2241,26.89,-0.9587,TARGET,34.0,3.03,0.012171,0.003,0.009171,10.1,-0.9587,2.2409,0.00818,0.005226,True
296,2023-08-07 15:00:00+00:00,2023-08-08 20:00:00+00:00,-2.4154,2.4154,0.9057,-0.00961,LONG_SPREAD,831.38,436.27,395.11,0.1377,NORMAL,3.9154,0.2415,28.98,1.045,TARGET,29.0,3.96,0.013464,0.003,0.010464,12.66,2.6351,-2.4154,-0.00961,0.005298,True
297,2023-08-14 12:00:00+00:00,2023-08-15 20:00:00+00:00,-2.3746,2.3746,0.8965,-0.00765,LONG_SPREAD,817.34,430.97,386.37,0.1377,NORMAL,3.8746,0.2375,28.49,1.6089,TARGET,32.0,3.85,0.012242,0.003,0.009242,11.41,1.6089,-2.3746,-0.00765,0.005552,True
298,2023-08-16 12:00:00+00:00,2023-08-17 10:00:00+00:00,-2.3695,2.3695,0.8929,-0.007241,LONG_SPREAD,815.57,430.86,384.71,0.1377,NORMAL,3.8695,0.2369,28.43,-5.0,STOPLOSS,22.0,3.06,-0.016547,0.003,-0.019547,-12.89,1.8314,-5.0,-0.007241,0.005714,False
299,2023-08-17 11:00:00+00:00,2023-08-20 14:00:00+00:00,-5.0,5.0,0.8799,-0.026665,LONG_SPREAD,1500.0,797.92,702.08,0.1377,STRONG,5.0,0.5,60.0,0.7797,TARGET,75.0,42.26,0.030138,0.003,0.027138,82.97,5.0,-5.0,-0.026665,0.005686,True
300,2023-08-21 17:00:00+00:00,2023-08-22 22:00:00+00:00,-2.1638,2.1638,0.8434,-0.011008,LONG_SPREAD,744.79,404.03,340.76,0.1377,NORMAL,3.6638,0.2164,25.97,0.2868,TARGET,29.0,5.08,0.011708,0.003,0.008708,11.56,1.0243,-2.1638,-0.011008,0.005589,True
301,2023-08-23 17:00:00+00:00,2023-08-25 04:00:00+00:00,2.1915,-2.1915,0.8479,0.010191,SHORT_SPREAD,754.33,408.22,346.11,0.1377,NORMAL,3.6915,-0.2192,26.3,-0.7664,TARGET,35.0,4.31,0.014562,0.003,0.011562,13.03,-0.7664,2.1915,0.010191,0.00571,True
302,2023-08-27 08:00:00+00:00,2023-08-29 14:00:00+00:00,2.0937,-2.0937,0.8527,0.009837,SHORT_SPREAD,720.66,388.98,331.68,0.1377,NORMAL,3.5937,-0.2094,25.12,4.4704,STOPLOSS,54.0,7.0,-0.013466,0.003,-0.016466,-4.87,-1.6817,4.4704,0.009837,0.005984,False
303,2023-08-29 15:00:00+00:00,2023-08-30 18:00:00+00:00,2.1987,-2.1987,0.8725,0.011427,SHORT_SPREAD,756.82,404.18,352.64,0.1377,NORMAL,3.6987,-0.2199,26.38,-0.8559,TARGET,27.0,8.73,0.016632,0.003,0.013632,19.04,-1.6775,2.1987,0.011427,0.005914,True
304,2023-09-01 17:00:00+00:00,2023-09-02 20:00:00+00:00,2.2477,-2.2477,0.8688,0.011789,SHORT_SPREAD,773.67,414.0,359.67,0.1377,NORMAL,3.7477,-0.2248,26.97,-0.5503,TARGET,27.0,4.63,0.015426,0.003,0.012426,14.24,-1.9499,2.4154,0.011789,0.006122,True
305,2023-09-10 01:00:00+00:00,2023-09-11 06:00:00+00:00,-2.345,2.345,0.8526,-0.010066,LONG_SPREAD,807.15,435.69,371.47,0.1377,NORMAL,3.845,0.2345,28.14,1.0301,TARGET,29.0,4.5,0.014836,0.003,0.011836,14.05,1.9615,-3.6029,-0.010066,0.006339,True
306,2023-09-13 06:00:00+00:00,2023-09-14 11:00:00+00:00,-2.1043,2.1043,0.8517,-0.009026,LONG_SPREAD,724.31,391.15,333.16,0.1377,NORMAL,3.6043,0.2104,25.25,0.2221,TARGET,29.0,2.71,0.010053,0.003,0.007053,7.82,1.2376,-2.1867,-0.009026,0.006648,True
307,2023-09-14 18:00:00+00:00,2023-09-15 23:00:00+00:00,-2.3759,2.3759,0.8416,-0.010643,LONG_SPREAD,817.8,444.06,373.74,0.1377,NORMAL,3.8759,0.2376,28.51,0.8813,TARGET,29.0,5.89,0.014565,0.003,0.011565,15.35,1.3678,-3.165,-0.010643,0.006461,True
308,2023-09-16 10:00:00+00:00,2023-09-17 17:00:00+00:00,-2.5646,2.5646,0.817,-0.012451,LONG_SPREAD,882.74,485.82,396.92,0.1377,NORMAL,4.0646,0.2565,30.78,0.8753,TARGET,31.0,5.66,0.015821,0.003,0.012821,16.97,0.8753,-2.6799,-0.012451,0.006073,True
309,2023-09-18 01:00:00+00:00,2023-09-19 23:00:00+00:00,-3.3731,3.3731,0.8023,-0.017069,LONG_SPREAD,1161.04,644.21,516.82,0.1377,STRONG,4.8731,0.3373,40.48,0.7417,TARGET,46.0,13.83,0.019028,0.003,0.016028,32.44,2.9502,-3.3731,-0.017069,0.006163,True
310,2023-09-20 15:00:00+00:00,2023-09-22 12:00:00+00:00,2.2237,-2.2237,0.7669,0.008891,SHORT_SPREAD,765.4,433.19,332.21,0.1377,NORMAL,3.7237,-0.2224,26.68,-0.8083,TARGET,45.0,9.82,0.014781,0.003,0.011781,18.83,-4.89,3.0692,0.008891,0.005773,True
311,2023-09-23 08:00:00+00:00,2023-09-24 18:00:00+00:00,2.6183,-2.6183,0.7525,0.012002,SHORT_SPREAD,901.24,514.27,386.97,0.1377,NORMAL,4.1183,-0.2618,31.42,-0.6337,TARGET,34.0,6.86,0.016793,0.003,0.013793,19.29,-0.9185,2.6183,0.012002,0.005929,True
312,2023-09-26 23:00:00+00:00,2023-09-29 05:00:00+00:00,2.0026,-2.0026,0.7616,0.009615,SHORT_SPREAD,689.31,391.3,298.01,0.1377,NORMAL,3.5026,-0.2003,24.03,-0.44,TARGET,54.0,3.42,0.013168,0.003,0.010168,10.43,-1.9321,2.0026,0.009615,0.006151,True
313,2023-10-01 05:00:00+00:00,2023-10-02 09:00:00+00:00,2.21,-2.21,0.7654,0.011662,SHORT_SPREAD,760.69,430.89,329.8,0.1377,NORMAL,3.71,-0.221,26.52,-0.2498,TARGET,28.0,6.7,0.014029,0.003,0.011029,15.09,-2.5057,3.3646,0.011662,0.006105,True
314,2023-10-03 21:00:00+00:00,2023-10-04 06:00:00+00:00,2.9624,-2.9624,0.7717,0.017083,SHORT_SPREAD,2039.37,1151.06,888.3,0.1377,NORMAL,4.4624,-0.2962,35.55,4.9479,STOPLOSS,9.0,0.0,-0.014291,0.003,-0.017291,-35.26,1.2168,4.9479,0.017083,0.006078,False
315,2023-10-04 07:00:00+00:00,2023-10-05 16:00:00+00:00,2.7257,-2.7257,0.7784,0.017257,SHORT_SPREAD,938.2,527.55,410.65,0.1377,NORMAL,4.2257,-0.2726,32.71,-1.0559,TARGET,33.0,13.59,0.0253,0.003,0.0223,34.51,-2.2367,3.7687,0.017257,0.006135,True
316,2023-10-05 18:00:00+00:00,2023-10-07 05:00:00+00:00,3.2444,-3.2444,0.8041,0.02528,SHORT_SPREAD,1116.74,619.02,497.72,0.1377,STRONG,4.7444,-0.3244,38.93,5.0,STOPLOSS,35.0,20.24,-0.030182,0.003,-0.033182,-16.82,-0.5203,5.0,0.02528,0.006266,False
317,2023-10-07 08:00:00+00:00,2023-10-07 12:00:00+00:00,-2.2674,2.2674,0.8365,-0.018124,LONG_SPREAD,1560.87,849.94,710.94,0.1377,NORMAL,3.7674,0.2267,27.21,-3.9766,STOPLOSS,4.0,0.0,-0.015956,0.003,-0.018956,-29.59,-1.8573,-3.9766,-0.018124,0.006287,False
318,2023-10-07 16:00:00+00:00,2023-10-09 10:00:00+00:00,-2.6419,2.6419,0.8239,-0.022628,LONG_SPREAD,909.34,498.58,410.76,0.1377,NORMAL,4.1419,0.2642,31.7,0.477,TARGET,42.0,13.59,0.028625,0.003,0.025625,36.89,0.477,-2.7078,-0.022628,0.006302,True
319,2023-10-10 08:00:00+00:00,2023-10-12 15:00:00+00:00,-2.2866,2.2866,0.7738,-0.021008,LONG_SPREAD,787.06,443.71,343.35,0.1377,NORMAL,3.7866,0.2287,27.44,0.2815,TARGET,55.0,19.75,0.025107,0.003,0.022107,37.15,1.7697,-2.2866,-0.021008,0.006146,True
320,2023-10-22 05:00:00+00:00,2023-10-23 17:00:00+00:00,2.8623,-2.8623,0.7948,0.028563,SHORT_SPREAD,985.2,548.92,436.28,0.1377,NORMAL,4.3623,-0.2862,34.35,-0.5467,TARGET,36.0,19.49,0.033133,0.003,0.030133,49.18,-1.4445,2.8623,0.028563,0.006418,True
321,2023-10-26 03:00:00+00:00,2023-10-27 13:00:00+00:00,2.7195,-2.7195,0.817,0.024326,SHORT_SPREAD,936.07,515.18,420.89,0.1377,NORMAL,4.2195,-0.272,32.63,-0.552,TARGET,34.0,16.42,0.029673,0.003,0.026673,41.39,-2.0844,4.1957,0.024326,0.005775,True
322,2023-10-28 05:00:00+00:00,2023-10-29 11:00:00+00:00,2.4796,-2.4796,0.8391,0.020049,SHORT_SPREAD,853.48,464.07,389.41,0.1377,NORMAL,3.9796,-0.248,29.75,-0.468,TARGET,30.0,16.33,0.023407,0.003,0.020407,33.75,-0.8151,2.4796,0.020049,0.005715,True
323,2023-10-30 19:00:00+00:00,2023-11-03 05:00:00+00:00,-5.0,5.0,0.8385,-0.042738,LONG_SPREAD,1376.81,748.89,627.92,0.1377,STRONG,5.0,0.5,60.0,1.2112,TARGET,82.0,54.44,0.056552,0.003,0.053552,128.18,4.9072,-5.0,-0.042738,0.005394,True
324,2023-11-03 16:00:00+00:00,2023-11-04 21:00:00+00:00,2.3439,-2.3439,0.8374,0.022933,SHORT_SPREAD,806.77,439.09,367.68,0.1377,NORMAL,3.8439,-0.2344,28.13,-1.821,TARGET,29.0,10.11,0.039419,0.003,0.036419,39.49,-1.821,2.3439,0.022933,0.005081,True
325,2023-11-05 06:00:00+00:00,2023-11-06 09:00:00+00:00,-2.1855,2.1855,0.8125,-0.01966,LONG_SPREAD,752.27,415.05,337.22,0.1377,NORMAL,3.6855,0.2186,26.23,1.8519,TARGET,27.0,7.59,0.038927,0.003,0.035927,34.62,1.8519,-2.1855,-0.01966,0.004767,True
326,2023-11-06 10:00:00+00:00,2023-11-07 15:00:00+00:00,2.3342,-2.3342,0.8177,0.023243,SHORT_SPREAD,803.43,442.01,361.42,0.1377,NORMAL,3.8342,-0.2334,28.01,-0.9171,TARGET,29.0,20.72,0.031415,0.003,0.028415,43.55,-0.9171,2.3342,0.023243,0.004644,True
327,2023-11-09 10:00:00+00:00,2023-11-10 13:00:00+00:00,2.2447,-2.2447,0.8268,0.023043,SHORT_SPREAD,772.63,422.95,349.68,0.1377,NORMAL,3.7447,-0.2245,26.94,-0.8781,TARGET,27.0,13.17,0.032289,0.003,0.029289,35.8,-4.7644,2.5429,0.023043,0.004546,True
328,2023-11-10 16:00:00+00:00,2023-11-12 17:00:00+00:00,4.0738,-4.0738,0.8102,0.045203,SHORT_SPREAD,1121.78,619.7,502.08,0.1377,STRONG,5.0,-0.4074,48.89,-0.8083,TARGET,49.0,48.27,0.056034,0.003,0.053034,107.76,-0.8083,5.0,0.045203,0.004275,True
329,2023-11-12 22:00:00+00:00,2023-11-14 18:00:00+00:00,2.4096,-2.4096,0.95,0.039809,SHORT_SPREAD,829.4,425.34,404.06,0.1377,NORMAL,3.9096,-0.241,28.92,-0.2783,TARGET,44.0,36.42,0.042825,0.003,0.039825,69.45,-4.4167,2.4096,0.039809,0.004118,True
330,2023-11-15 04:00:00+00:00,2023-11-16 16:00:00+00:00,2.0333,-2.0333,0.9116,0.037641,SHORT_SPREAD,699.85,366.11,333.75,0.1377,NORMAL,3.5333,-0.2033,24.4,-1.3495,TARGET,36.0,13.24,0.059689,0.003,0.056689,52.91,-1.3495,3.3012,0.037641,0.00405,True
331,2023-11-17 01:00:00+00:00,2023-11-18 23:00:00+00:00,2.7604,-2.7604,1.0243,0.055675,SHORT_SPREAD,760.11,375.49,384.62,0.1377,NORMAL,4.2604,-0.276,33.12,-0.316,TARGET,46.0,26.81,0.058849,0.003,0.055849,69.26,-2.563,2.7604,0.055675,0.003747,True
332,2023-11-21 22:00:00+00:00,2023-11-23 01:00:00+00:00,-2.0791,2.0791,1.0588,-0.034316,LONG_SPREAD,715.63,347.59,368.04,0.1377,NORMAL,3.5791,0.2079,24.95,0.3663,TARGET,27.0,15.04,0.046541,0.003,0.043541,46.2,0.802,-2.0791,-0.034316,0.004013,True
333,2023-11-25 21:00:00+00:00,2023-11-27 10:00:00+00:00,-2.6935,2.6935,1.0358,-0.047099,LONG_SPREAD,741.68,364.31,377.36,0.1377,NORMAL,4.1935,0.2693,32.32,0.5915,TARGET,37.0,28.17,0.064034,0.003,0.061034,73.44,0.5915,-2.6935,-0.047099,0.003815,True
334,2023-12-04 12:00:00+00:00,2023-12-05 17:00:00+00:00,-2.0317,2.0317,1.0069,-0.026995,LONG_SPREAD,699.32,348.46,350.86,0.1377,NORMAL,3.5317,0.2032,24.38,0.9242,TARGET,29.0,16.87,0.042775,0.003,0.039775,44.69,2.0545,-2.0317,-0.026995,0.003746,True
335,2023-12-05 18:00:00+00:00,2023-12-06 00:00:00+00:00,2.2691,-2.2691,1.0169,0.033972,SHORT_SPREAD,1562.05,774.49,787.56,0.1377,NORMAL,3.7691,-0.2269,27.23,5.0,STOPLOSS,6.0,0.0,-0.058901,0.003,-0.061901,-96.69,1.0592,5.0,0.033972,0.003739,False
336,2023-12-06 17:00:00+00:00,2023-12-07 09:00:00+00:00,2.6679,-2.6679,1.0691,0.042579,SHORT_SPREAD,734.63,355.04,379.59,0.1377,NORMAL,4.1679,-0.2668,32.01,4.288,STOPLOSS,16.0,27.8,-0.02085,0.003,-0.02385,10.28,-0.5764,4.288,0.042579,0.003673,False
337,2023-12-07 10:00:00+00:00,2023-12-09 09:00:00+00:00,2.6881,-2.6881,1.0806,0.040672,SHORT_SPREAD,740.21,355.76,384.45,0.1377,NORMAL,4.1881,-0.2688,32.26,-0.7604,TARGET,47.0,26.39,0.051022,0.003,0.048022,61.94,-2.276,3.4887,0.040672,0.003732,True
338,2023-12-09 11:00:00+00:00,2023-12-10 19:00:00+00:00,2.1337,-2.1337,1.109,0.033805,SHORT_SPREAD,734.43,348.23,386.2,0.1377,NORMAL,3.6337,-0.2134,25.6,3.8559,STOPLOSS,32.0,14.64,-0.027036,0.003,-0.030036,-7.42,-1.0751,3.8559,0.033805,0.003409,False
339,2023-12-10 21:00:00+00:00,2023-12-12 10:00:00+00:00,3.0265,-3.0265,1.1545,0.050747,SHORT_SPREAD,833.4,386.81,446.59,0.1377,STRONG,4.5265,-0.3027,36.32,-2.2802,TARGET,37.0,40.17,0.090543,0.003,0.087543,113.13,-4.0528,4.1521,0.050747,0.003523,True
340,2023-12-13 12:00:00+00:00,2023-12-14 19:00:00+00:00,2.4648,-2.4648,1.0135,0.056572,SHORT_SPREAD,678.71,337.07,341.63,0.1377,NORMAL,3.9648,-0.2465,29.58,-0.2869,TARGET,31.0,25.7,0.061792,0.003,0.058792,65.6,-2.0273,3.3019,0.056572,0.003028,True
341,2023-12-16 23:00:00+00:00,2023-12-18 13:00:00+00:00,-2.534,2.534,1.0378,-0.053933,LONG_SPREAD,697.76,342.42,355.35,0.1377,NORMAL,4.034,0.2534,30.41,0.7195,TARGET,38.0,30.73,0.077721,0.003,0.074721,82.87,1.2824,-2.534,-0.053933,0.002899,True
342,2023-12-27 16:00:00+00:00,2023-12-28 22:00:00+00:00,-2.0091,2.0091,1.014,-0.043621,LONG_SPREAD,553.22,274.69,278.53,0.1377,NORMAL,3.5091,0.2009,24.11,0.4083,TARGET,30.0,14.1,0.05679,0.003,0.05379,43.86,0.4083,-2.0091,-0.043621,0.002914,True
343,2024-01-04 15:00:00+00:00,2024-01-05 23:00:00+00:00,2.3525,-2.3525,1.0177,0.033441,SHORT_SPREAD,809.74,401.31,408.42,0.1377,NORMAL,3.8525,-0.2352,28.23,-0.8543,TARGET,32.0,15.35,0.046502,0.003,0.043502,50.57,-3.742,2.3525,0.033441,0.003173,True
344,2024-01-09 04:00:00+00:00,2024-01-10 09:00:00+00:00,2.3412,-2.3412,1.0115,0.029925,SHORT_SPREAD,805.84,400.62,405.22,0.1377,NORMAL,3.8412,-0.2341,28.09,-0.2889,TARGET,29.0,14.87,0.03517,0.003,0.03217,40.8,-2.2344,2.3412,0.029925,0.003177,True
345,2024-01-10 21:00:00+00:00,2024-01-12 04:00:00+00:00,2.5688,-2.5688,1.0115,0.031988,SHORT_SPREAD,884.2,439.57,444.63,0.1377,NORMAL,4.0688,-0.2569,30.83,-1.0786,TARGET,31.0,19.52,0.04755,0.003,0.04455,58.91,-1.8319,3.0649,0.031988,0.003165,True
346,2024-01-23 08:00:00+00:00,2024-01-24 09:00:00+00:00,-2.047,2.047,0.9766,-0.021231,LONG_SPREAD,704.59,356.46,348.13,0.1377,NORMAL,3.547,0.2047,24.56,2.2127,TARGET,25.0,7.08,0.043592,0.003,0.040592,35.68,3.3147,-2.9248,-0.021231,0.00351,True
347,2024-01-24 10:00:00+00:00,2024-01-26 01:00:00+00:00,3.1708,-3.1708,0.9993,0.031524,SHORT_SPREAD,1091.41,545.91,545.5,0.1377,STRONG,4.6708,-0.3171,38.05,-0.4062,TARGET,39.0,23.74,0.037527,0.003,0.034527,61.42,-2.1776,3.1708,0.031524,0.003485,True
348,2024-01-26 10:00:00+00:00,2024-01-27 16:00:00+00:00,2.1431,-2.1431,1.0027,0.0198,SHORT_SPREAD,737.65,368.33,369.32,0.1377,NORMAL,3.6431,-0.2143,25.72,-0.5296,TARGET,30.0,15.18,0.025444,0.003,0.022444,31.74,-0.5296,2.1431,0.0198,0.003525,True
349,2024-01-28 01:00:00+00:00,2024-01-28 03:00:00+00:00,3.3729,-3.3729,1.0185,0.031905,SHORT_SPREAD,2321.92,1150.33,1171.58,0.1377,STRONG,4.8729,-0.3373,40.47,5.0,STOPLOSS,2.0,0.0,-0.029959,0.003,-0.032959,-76.53,2.3912,5.0,0.031905,0.003465,False
350,2024-01-28 04:00:00+00:00,2024-01-30 06:00:00+00:00,4.0674,-4.0674,1.0309,0.041295,SHORT_SPREAD,1120.02,551.48,568.53,0.1377,STRONG,5.0,-0.4067,48.81,-0.4963,TARGET,50.0,36.63,0.047568,0.003,0.044568,86.55,-1.2304,4.6204,0.041295,0.003459,True
351,2024-01-31 22:00:00+00:00,2024-02-02 01:00:00+00:00,-2.2035,2.2035,1.0529,-0.02252,LONG_SPREAD,758.45,369.45,389.0,0.1377,NORMAL,3.7035,0.2203,26.44,0.3133,TARGET,27.0,9.57,0.026178,0.003,0.023178,27.15,1.2139,-3.091,-0.02252,0.003704,True
352,2024-02-02 08:00:00+00:00,2024-02-03 09:00:00+00:00,2.0282,-2.0282,1.0555,0.02144,SHORT_SPREAD,698.1,339.63,358.48,0.1377,NORMAL,3.5282,-0.2028,24.34,-0.8341,TARGET,25.0,8.35,0.030032,0.003,0.027032,27.23,-1.433,3.0043,0.02144,0.003748,True
353,2024-02-09 19:00:00+00:00,2024-02-11 01:00:00+00:00,2.1433,-2.1433,1.0469,0.023533,SHORT_SPREAD,737.74,360.41,377.33,0.1377,NORMAL,3.6433,-0.2143,25.72,-1.07,TARGET,30.0,8.71,0.034228,0.003,0.031228,31.74,-1.07,2.6181,0.023533,0.003702,True
354,2024-02-13 12:00:00+00:00,2024-02-14 15:00:00+00:00,-2.2017,2.2017,1.0706,-0.021699,LONG_SPREAD,757.84,366.0,391.83,0.1377,NORMAL,3.7017,0.2202,26.42,1.455,TARGET,27.0,9.12,0.040336,0.003,0.037336,37.41,2.8223,-2.8129,-0.021699,0.003729,True
355,2024-02-23 15:00:00+00:00,2024-02-25 07:00:00+00:00,-3.255,3.255,1.0308,-0.029183,LONG_SPREAD,1120.38,551.7,568.68,0.1377,STRONG,4.755,0.3255,39.06,0.8239,TARGET,40.0,24.52,0.036074,0.003,0.033074,61.57,1.2828,-3.559,-0.029183,0.003981,True
356,2024-02-26 12:00:00+00:00,2024-02-27 21:00:00+00:00,-2.3425,2.3425,0.999,-0.021925,LONG_SPREAD,806.3,403.35,402.94,0.1377,NORMAL,3.8425,0.2343,28.11,0.5242,TARGET,33.0,11.02,0.026393,0.003,0.023393,29.88,1.4326,-3.5077,-0.021925,0.003839,True
357,2024-02-28 21:00:00+00:00,2024-02-29 01:00:00+00:00,2.0932,-2.0932,0.9876,0.018604,SHORT_SPREAD,720.48,362.48,357.99,0.1377,NORMAL,3.5932,-0.2093,25.12,3.7372,STOPLOSS,4.0,13.46,-0.015755,0.003,-0.018755,-0.05,-0.0936,3.7372,0.018604,0.003578,False
358,2024-02-29 02:00:00+00:00,2024-03-01 12:00:00+00:00,2.659,-2.659,0.9966,0.024653,SHORT_SPREAD,915.24,458.41,456.84,0.1377,NORMAL,4.159,-0.2659,31.91,-0.7191,TARGET,34.0,22.8,0.032267,0.003,0.029267,49.58,-1.8607,3.3587,0.024653,0.003554,True
359,2024-03-02 06:00:00+00:00,2024-03-03 08:00:00+00:00,-2.0202,2.0202,0.9962,-0.020142,LONG_SPREAD,695.36,348.34,347.02,0.1377,NORMAL,3.5202,0.202,24.24,0.2057,TARGET,26.0,7.24,0.021385,0.003,0.018385,20.02,1.785,-2.3749,-0.020142,0.003418,True
360,2024-03-04 01:00:00+00:00,2024-03-05 06:00:00+00:00,-2.3276,2.3276,0.9774,-0.023217,LONG_SPREAD,801.17,405.16,396.01,0.1377,NORMAL,3.8276,0.2328,27.93,0.3713,TARGET,29.0,9.9,0.025418,0.003,0.022418,27.86,1.6433,-3.3513,-0.023217,0.003352,True
361,2024-03-05 15:00:00+00:00,2024-03-07 08:00:00+00:00,2.6896,-2.6896,0.9642,0.023623,SHORT_SPREAD,925.77,471.32,454.46,0.1377,NORMAL,4.1896,-0.269,32.28,-0.5267,TARGET,41.0,28.53,0.031933,0.003,0.028933,55.31,-4.9418,2.7609,0.023623,0.003274,True
362,2024-03-07 14:00:00+00:00,2024-03-10 03:00:00+00:00,3.9889,-3.9889,0.9135,0.038682,SHORT_SPREAD,1372.99,717.54,655.45,0.1377,STRONG,5.0,-0.3989,47.87,-0.5049,TARGET,61.0,45.18,0.046632,0.003,0.043632,105.09,-1.1882,3.9889,0.038682,0.002785,True
363,2024-03-11 08:00:00+00:00,2024-03-11 10:00:00+00:00,2.7233,-2.7233,0.9096,0.02774,SHORT_SPREAD,1874.72,981.72,893.0,0.1377,NORMAL,4.2233,-0.2723,32.68,5.0,STOPLOSS,2.0,0.0,-0.026824,0.003,-0.029824,-55.91,2.7233,5.0,0.02774,0.002896,False
364,2024-03-11 11:00:00+00:00,2024-03-13 20:00:00+00:00,4.7179,-4.7179,0.9244,0.052496,SHORT_SPREAD,1299.12,675.07,624.05,0.1377,STRONG,5.0,-0.4718,56.61,-0.8837,TARGET,57.0,61.46,0.067714,0.003,0.064714,145.53,-1.9752,5.0,0.052496,0.002877,True
365,2024-03-14 01:00:00+00:00,2024-03-16 02:00:00+00:00,2.8688,-2.8688,0.9885,0.044894,SHORT_SPREAD,789.95,397.26,392.68,0.1377,NORMAL,4.3688,-0.2869,34.43,-0.8209,TARGET,49.0,25.11,0.05866,0.003,0.05566,69.07,-1.5261,3.6204,0.044894,0.002869,True
366,2024-03-16 07:00:00+00:00,2024-03-17 14:00:00+00:00,2.3282,-2.3282,1.0278,0.041887,SHORT_SPREAD,641.09,316.15,324.94,0.1377,NORMAL,3.8282,-0.2328,27.94,-1.0255,TARGET,31.0,23.53,0.059777,0.003,0.056777,59.93,-1.8384,2.3282,0.041887,0.002965,True
367,2024-03-18 03:00:00+00:00,2024-03-19 09:00:00+00:00,2.3898,-2.3898,1.0531,0.045709,SHORT_SPREAD,658.05,320.52,337.53,0.1377,NORMAL,3.8898,-0.239,28.68,-0.5367,TARGET,30.0,21.31,0.053791,0.003,0.050791,54.74,-1.3548,2.4771,0.045709,0.003036,True
368,2024-03-19 21:00:00+00:00,2024-03-22 00:00:00+00:00,-2.2683,2.2683,1.0751,-0.039563,LONG_SPREAD,780.76,376.24,404.52,0.1377,NORMAL,3.7683,0.2268,27.22,0.4355,TARGET,51.0,29.65,0.051462,0.003,0.048462,67.49,1.2272,-3.004,-0.039563,0.003178,True
369,2024-04-12 12:00:00+00:00,2024-04-13 13:00:00+00:00,-2.0813,2.0813,1.0069,-0.01898,LONG_SPREAD,716.4,356.97,359.43,0.1377,NORMAL,3.5813,0.2081,24.98,1.8348,TARGET,25.0,6.42,0.03398,0.003,0.03098,28.61,1.9632,-2.0813,-0.01898,0.00366,True
370,2024-04-13 19:00:00+00:00,2024-04-15 12:00:00+00:00,-2.8619,2.8619,1.0143,-0.025506,LONG_SPREAD,985.08,489.05,496.03,0.1377,NORMAL,4.3619,0.2862,34.34,1.7045,TARGET,41.0,27.11,0.040992,0.003,0.037992,64.53,3.222,-3.8773,-0.025506,0.00363,True
371,2024-04-16 15:00:00+00:00,2024-04-17 18:00:00+00:00,-2.2109,2.2109,1.0462,-0.020771,LONG_SPREAD,760.99,371.9,389.09,0.1377,NORMAL,3.7109,0.2211,26.53,0.278,TARGET,27.0,10.2,0.022999,0.003,0.019999,25.42,0.9262,-2.2316,-0.020771,0.003465,True
372,2024-04-18 10:00:00+00:00,2024-04-19 23:00:00+00:00,2.4309,-2.4309,1.0437,0.018903,SHORT_SPREAD,836.74,409.42,427.32,0.1377,NORMAL,3.9309,-0.2431,29.17,-0.3699,TARGET,37.0,13.23,0.021914,0.003,0.018914,29.05,-0.7907,2.4309,0.018903,0.003483,True
373,2024-04-20 11:00:00+00:00,2024-04-22 03:00:00+00:00,-2.1607,2.1607,1.0527,-0.016419,LONG_SPREAD,743.74,362.32,381.42,0.1377,NORMAL,3.6607,0.2161,25.93,0.343,TARGET,40.0,8.06,0.019073,0.003,0.016073,20.01,2.0476,-2.1607,-0.016419,0.003431,True
374,2024-04-22 05:00:00+00:00,2024-04-23 10:00:00+00:00,2.2017,-2.2017,1.0581,0.017321,SHORT_SPREAD,757.82,368.21,389.61,0.1377,NORMAL,3.7017,-0.2202,26.42,-0.3292,TARGET,29.0,9.17,0.019901,0.003,0.016901,21.98,-1.1324,2.5881,0.017321,0.003297,True
375,2024-04-23 16:00:00+00:00,2024-04-24 20:00:00+00:00,2.3137,-2.3137,1.0702,0.018258,SHORT_SPREAD,796.37,384.68,411.69,0.1377,NORMAL,3.8137,-0.2314,27.76,-0.6892,TARGET,28.0,7.25,0.023719,0.003,0.020719,23.75,-2.0675,2.3137,0.018258,0.003353,True
376,2024-04-25 05:00:00+00:00,2024-04-26 08:00:00+00:00,-2.2061,2.2061,1.0638,-0.017545,LONG_SPREAD,759.36,367.94,391.42,0.1377,NORMAL,3.7061,0.2206,26.47,0.9432,TARGET,27.0,7.56,0.025568,0.003,0.022568,24.7,1.1453,-2.2061,-0.017545,0.00348,True
377,2024-04-27 01:00:00+00:00,2024-04-28 05:00:00+00:00,-2.2868,2.2868,1.0536,-0.018617,LONG_SPREAD,787.11,383.28,403.83,0.1377,NORMAL,3.7868,0.2287,27.44,0.4832,TARGET,28.0,9.6,0.022208,0.003,0.019208,24.72,0.7875,-2.2868,-0.018617,0.003595,True
378,2024-04-29 13:00:00+00:00,2024-04-30 17:00:00+00:00,2.3222,-2.3222,1.0545,0.017919,SHORT_SPREAD,799.31,389.05,410.26,0.1377,NORMAL,3.8222,-0.2322,27.87,-2.2932,TARGET,28.0,8.62,0.037822,0.003,0.034822,36.45,-2.2932,3.3844,0.017919,0.003737,True
379,2024-04-30 18:00:00+00:00,2024-04-30 22:00:00+00:00,-2.5201,2.5201,1.0617,-0.021213,LONG_SPREAD,1734.84,841.44,893.4,0.1377,NORMAL,4.0201,0.252,30.24,-5.0,STOPLOSS,4.0,0.0,-0.035164,0.003,-0.038164,-66.21,-2.5201,-5.0,-0.021213,0.003804,False
380,2024-04-30 23:00:00+00:00,2024-05-03 12:00:00+00:00,-5.0,5.0,1.0243,-0.054846,LONG_SPREAD,1376.81,680.13,696.68,0.1377,STRONG,5.0,0.5,60.0,1.9522,TARGET,61.0,63.92,0.078205,0.003,0.075205,167.46,3.7977,-5.0,-0.054846,0.003643,True
381,2024-05-04 18:00:00+00:00,2024-05-06 12:00:00+00:00,2.7261,-2.7261,1.0081,0.030079,SHORT_SPREAD,938.34,467.27,471.07,0.1377,NORMAL,4.2261,-0.2726,32.71,-0.6675,TARGET,42.0,17.56,0.039135,0.003,0.036135,51.46,-2.9251,3.3533,0.030079,0.003456,True
382,2024-05-08 15:00:00+00:00,2024-05-10 00:00:00+00:00,-2.7102,2.7102,0.9548,-0.03234,LONG_SPREAD,932.87,477.22,455.65,0.1377,NORMAL,4.2102,0.271,32.52,0.7114,TARGET,33.0,18.48,0.040546,0.003,0.037546,53.5,1.25,-2.7102,-0.03234,0.003397,True
383,2024-05-15 09:00:00+00:00,2024-05-16 14:00:00+00:00,2.1561,-2.1561,0.9701,0.023672,SHORT_SPREAD,742.14,376.7,365.43,0.1377,NORMAL,3.6561,-0.2156,25.87,-0.2599,TARGET,29.0,14.76,0.027334,0.003,0.024334,32.82,-0.2638,2.1561,0.023672,0.00385,True
384,2024-05-17 06:00:00+00:00,2024-05-18 18:00:00+00:00,2.9261,-2.9261,0.9837,0.033706,SHORT_SPREAD,1007.16,507.73,499.43,0.1377,NORMAL,4.4261,-0.2926,35.11,-0.6646,TARGET,36.0,25.89,0.042192,0.003,0.039192,65.36,-0.986,4.4194,0.033706,0.003756,True
385,2024-05-21 05:00:00+00:00,2024-05-22 12:00:00+00:00,2.5814,-2.5814,1.0318,0.031659,SHORT_SPREAD,888.52,437.3,451.21,0.1377,NORMAL,4.0814,-0.2581,30.98,-1.1238,TARGET,31.0,16.37,0.04233,0.003,0.03933,51.31,-1.1238,2.5814,0.031659,0.003674,True
386,2024-05-28 03:00:00+00:00,2024-05-29 12:00:00+00:00,-2.0334,2.0334,1.0237,-0.016043,LONG_SPREAD,699.9,345.86,354.04,0.1377,NORMAL,3.5334,0.2033,24.4,0.2953,TARGET,33.0,5.08,0.019447,0.003,0.016447,16.59,0.9102,-2.3352,-0.016043,0.003917,True
387,2024-06-06 17:00:00+00:00,2024-06-08 01:00:00+00:00,-2.1825,2.1825,1.0073,-0.015835,LONG_SPREAD,751.22,374.25,376.97,0.1377,NORMAL,3.6825,0.2183,26.19,0.4687,TARGET,32.0,12.1,0.018991,0.003,0.015991,24.11,1.6004,-2.1825,-0.015835,0.004191,True
388,2024-06-11 07:00:00+00:00,2024-06-12 19:00:00+00:00,2.2625,-2.2625,1.0049,0.012393,SHORT_SPREAD,778.76,388.44,390.32,0.1377,NORMAL,3.7625,-0.2262,27.15,-1.0833,TARGET,36.0,4.81,0.019705,0.003,0.016705,17.82,-1.9176,2.6774,0.012393,0.00454,True
389,2024-06-14 08:00:00+00:00,2024-06-15 12:00:00+00:00,2.0989,-2.0989,1.0182,0.011269,SHORT_SPREAD,722.46,357.97,364.5,0.1377,NORMAL,3.5989,-0.2099,25.19,-0.4336,TARGET,28.0,4.69,0.014398,0.003,0.011398,12.92,-1.4779,2.4179,0.011269,0.004696,True
390,2024-06-17 07:00:00+00:00,2024-06-19 06:00:00+00:00,-2.8062,2.8062,1.0123,-0.016627,LONG_SPREAD,965.9,479.99,485.91,0.1377,NORMAL,4.3062,0.2806,33.67,0.6004,TARGET,47.0,9.82,0.01968,0.003,0.01668,25.93,2.1913,-2.8062,-0.016627,0.00487,True
391,2024-06-19 19:00:00+00:00,2024-06-20 20:00:00+00:00,-2.03,2.03,0.9945,-0.012303,LONG_SPREAD,698.72,350.32,348.4,0.1377,NORMAL,3.53,0.203,24.36,0.6328,TARGET,25.0,3.94,0.015695,0.003,0.012695,12.81,4.1185,-2.2069,-0.012303,0.004683,True
392,2024-06-22 03:00:00+00:00,2024-06-25 03:00:00+00:00,-5.0,5.0,1.0018,-0.033538,LONG_SPREAD,1500.0,749.34,750.66,0.1377,STRONG,5.0,0.5,60.0,1.0783,TARGET,72.0,40.92,0.04223,0.003,0.03923,99.76,1.8995,-5.0,-0.033538,0.004796,True
393,2024-06-26 06:00:00+00:00,2024-06-27 20:00:00+00:00,2.4837,-2.4837,0.9698,0.020389,SHORT_SPREAD,854.91,434.01,420.89,0.1377,NORMAL,3.9837,-0.2484,29.8,-0.7162,TARGET,38.0,9.9,0.028206,0.003,0.025206,31.45,-1.823,3.3504,0.020389,0.004809,True
394,2024-06-30 22:00:00+00:00,2024-07-02 05:00:00+00:00,2.5748,-2.5748,1.0268,0.026242,SHORT_SPREAD,886.27,437.27,449.0,0.1377,NORMAL,4.0748,-0.2575,30.9,-1.8888,TARGET,31.0,14.21,0.047369,0.003,0.044369,53.53,-2.7905,2.6686,0.026242,0.005059,True
395,2024-07-02 06:00:00+00:00,2024-07-03 16:00:00+00:00,-2.0952,2.0952,1.0145,-0.022392,LONG_SPREAD,721.16,358.0,363.17,0.1377,NORMAL,3.5952,0.2095,25.14,0.6139,TARGET,34.0,7.65,0.029251,0.003,0.026251,26.58,1.4632,-2.1741,-0.022392,0.004976,True
396,2024-07-05 02:00:00+00:00,2024-07-06 14:00:00+00:00,2.9063,-2.9063,0.9856,0.032004,SHORT_SPREAD,1000.36,503.81,496.55,0.1377,NORMAL,4.4063,-0.2906,34.88,-0.4842,TARGET,36.0,29.38,0.037899,0.003,0.034899,64.29,-1.2923,2.9063,0.032004,0.005009,True
397,2024-07-08 19:00:00+00:00,2024-07-09 20:00:00+00:00,-2.0269,2.0269,0.972,-0.023246,LONG_SPREAD,697.65,353.77,343.88,0.1377,NORMAL,3.5269,0.2027,24.32,0.6401,TARGET,25.0,8.49,0.032373,0.003,0.029373,28.98,1.2379,-2.0269,-0.023246,0.00425,True
398,2024-07-11 02:00:00+00:00,2024-07-12 03:00:00+00:00,-2.0508,2.0508,0.9619,-0.024423,LONG_SPREAD,705.89,359.8,346.08,0.1377,NORMAL,3.5508,0.2051,24.61,0.5584,TARGET,25.0,11.73,0.032446,0.003,0.029446,32.52,0.7444,-2.0508,-0.024423,0.004249,True
399,2024-07-16 16:00:00+00:00,2024-07-17 19:00:00+00:00,2.1752,-2.1752,0.9671,0.025112,SHORT_SPREAD,748.7,380.61,368.09,0.1377,NORMAL,3.6752,-0.2175,26.1,-0.4686,TARGET,27.0,19.8,0.029334,0.003,0.026334,39.51,-1.8827,2.1752,0.025112,0.004151,True
400,2024-07-21 14:00:00+00:00,2024-07-23 21:00:00+00:00,4.5477,-4.5477,0.99,0.047514,SHORT_SPREAD,1252.27,629.29,622.99,0.1377,STRONG,5.0,-0.4548,54.57,-0.5945,TARGET,55.0,44.82,0.053955,0.003,0.050955,108.63,-2.8777,4.9602,0.047514,0.004267,True
401,2024-07-24 01:00:00+00:00,2024-07-25 21:00:00+00:00,-3.0242,3.0242,1.0136,-0.033186,LONG_SPREAD,1040.95,516.96,523.99,0.1377,STRONG,4.5242,0.3024,36.29,0.3775,TARGET,44.0,31.88,0.039782,0.003,0.036782,70.17,1.9959,-3.4388,-0.033186,0.00446,True
402,2024-08-04 16:00:00+00:00,2024-08-06 00:00:00+00:00,-2.2682,2.2682,0.976,-0.024544,LONG_SPREAD,780.73,395.11,385.63,0.1377,NORMAL,3.7682,0.2268,27.22,0.4873,TARGET,32.0,17.85,0.030266,0.003,0.027266,39.14,0.8623,-2.9621,-0.024544,0.005142,True
403,2024-08-08 15:00:00+00:00,2024-08-10 05:00:00+00:00,3.1217,-3.1217,0.9936,0.03603,SHORT_SPREAD,1074.51,538.97,535.54,0.1377,STRONG,4.6217,-0.3122,37.46,-0.4175,TARGET,38.0,29.07,0.042184,0.003,0.039184,71.18,-1.3896,3.1217,0.03603,0.004038,True
404,2024-08-11 03:00:00+00:00,2024-08-12 15:00:00+00:00,2.2005,-2.2005,0.9925,0.02561,SHORT_SPREAD,757.42,380.13,377.29,0.1377,NORMAL,3.7005,-0.2201,26.41,-0.3302,TARGET,36.0,14.76,0.031508,0.003,0.028508,36.35,-1.3146,2.3606,0.02561,0.003982,True
405,2024-08-15 07:00:00+00:00,2024-08-16 10:00:00+00:00,2.213,-2.213,1.0086,0.02032,SHORT_SPREAD,761.71,379.23,382.48,0.1377,NORMAL,3.713,-0.2213,26.56,-0.517,TARGET,27.0,9.29,0.025934,0.003,0.022934,26.76,-0.6453,2.213,0.02032,0.004428,True
406,2024-08-20 17:00:00+00:00,2024-08-22 05:00:00+00:00,2.6966,-2.6966,1.0337,0.025094,SHORT_SPREAD,928.16,456.39,471.77,0.1377,NORMAL,4.1966,-0.2697,32.36,-0.5881,TARGET,36.0,16.95,0.02983,0.003,0.02683,41.85,-1.3334,3.5552,0.025094,0.004626,True
407,2024-08-22 13:00:00+00:00,2024-08-26 00:00:00+00:00,5.0,-5.0,1.0617,0.057245,SHORT_SPREAD,1376.81,667.8,709.02,0.1377,STRONG,5.0,-0.5,60.0,-1.0144,TARGET,83.0,89.03,0.068765,0.003,0.065765,179.58,-2.913,5.0,0.057245,0.004675,True
408,2024-08-27 14:00:00+00:00,2024-08-29 07:00:00+00:00,-3.2527,3.2527,1.0403,-0.035426,LONG_SPREAD,1119.59,548.73,570.86,0.1377,STRONG,4.7527,0.3253,39.03,0.3555,TARGET,41.0,37.25,0.042907,0.003,0.039907,81.93,1.0689,-3.2527,-0.035426,0.00449,True
409,2024-08-29 22:00:00+00:00,2024-08-31 10:00:00+00:00,-2.0881,2.0881,1.0269,-0.021963,LONG_SPREAD,718.72,354.59,364.13,0.1377,NORMAL,3.5881,0.2088,25.06,0.2842,TARGET,36.0,7.85,0.027401,0.003,0.024401,25.38,0.7185,-2.0881,-0.021963,0.004634,True
410,2024-09-03 19:00:00+00:00,2024-09-05 04:00:00+00:00,2.1961,-2.1961,1.0199,0.02628,SHORT_SPREAD,755.89,374.22,381.67,0.1377,NORMAL,3.6961,-0.2196,26.35,-0.7984,TARGET,33.0,10.55,0.033229,0.003,0.030229,33.4,-0.7984,2.1961,0.02628,0.005013,True
411,2024-09-08 03:00:00+00:00,2024-09-09 06:00:00+00:00,2.201,-2.201,1.0318,0.029116,SHORT_SPREAD,757.58,372.86,384.73,0.1377,NORMAL,3.701,-0.2201,26.41,-0.8954,TARGET,27.0,11.57,0.036874,0.003,0.033874,37.23,-1.3667,2.7614,0.029116,0.00559,True
412,2024-09-18 16:00:00+00:00,2024-09-19 23:00:00+00:00,-2.5634,2.5634,0.9535,-0.02519,LONG_SPREAD,882.32,451.66,430.67,0.1377,NORMAL,4.0634,0.2563,30.76,0.941,TARGET,31.0,18.42,0.037927,0.003,0.034927,49.24,5.0,-2.5634,-0.02519,0.005115,True
413,2024-09-20 00:00:00+00:00,2024-09-21 02:00:00+00:00,2.1492,-2.1492,1.004,0.025143,SHORT_SPREAD,739.75,369.13,370.62,0.1377,NORMAL,3.6492,-0.2149,25.79,-0.5506,TARGET,26.0,8.38,0.029328,0.003,0.026328,27.85,-2.4008,2.9251,0.025143,0.004672,True
414,2024-09-24 18:00:00+00:00,2024-09-26 12:00:00+00:00,-2.0033,2.0033,0.9978,-0.021705,LONG_SPREAD,689.54,345.15,344.39,0.1377,NORMAL,3.5033,0.2003,24.04,0.2089,TARGET,42.0,15.11,0.025218,0.003,0.022218,30.43,0.9782,-2.6464,-0.021705,0.004722,True
415,2024-10-06 12:00:00+00:00,2024-10-07 20:00:00+00:00,2.0084,-2.0084,0.9626,0.02025,SHORT_SPREAD,691.31,352.24,339.07,0.1377,NORMAL,3.5084,-0.2008,24.1,-0.2668,TARGET,32.0,7.01,0.023452,0.003,0.020452,21.15,-0.8938,2.0407,0.02025,0.004635,True
416,2024-10-08 00:00:00+00:00,2024-10-09 11:00:00+00:00,2.4265,-2.4265,0.9669,0.025662,SHORT_SPREAD,835.19,424.63,410.56,0.1377,NORMAL,3.9265,-0.2426,29.12,-0.4172,TARGET,35.0,11.91,0.02954,0.003,0.02654,34.07,-0.5514,2.4265,0.025662,0.004636,True
417,2024-10-11 19:00:00+00:00,2024-10-12 01:00:00+00:00,2.0898,-2.0898,0.9797,0.018258,SHORT_SPREAD,1438.6,726.69,711.91,0.1377,NORMAL,3.5898,-0.209,25.08,5.0,STOPLOSS,6.0,0.0,-0.031398,0.003,-0.034398,-49.49,1.0512,5.0,0.018258,0.00501,False
418,2024-10-12 02:00:00+00:00,2024-10-13 20:00:00+00:00,3.3923,-3.3923,0.9957,0.031334,SHORT_SPREAD,1167.63,585.08,582.56,0.1377,STRONG,4.8923,-0.3392,40.71,-0.746,TARGET,42.0,34.22,0.037169,0.003,0.034169,74.12,-1.4654,3.3923,0.031334,0.004995,True
419,2024-10-14 16:00:00+00:00,2024-10-16 12:00:00+00:00,-2.1475,2.1475,0.9976,-0.018525,LONG_SPREAD,739.16,370.03,369.13,0.1377,NORMAL,3.6475,0.2147,25.77,0.369,TARGET,44.0,7.79,0.022967,0.003,0.019967,22.55,0.9181,-2.1475,-0.018525,0.004876,True
420,2024-10-18 18:00:00+00:00,2024-10-20 03:00:00+00:00,2.5378,-2.5378,0.9799,0.023118,SHORT_SPREAD,873.51,441.19,432.32,0.1377,NORMAL,4.0378,-0.2538,30.45,-0.5323,TARGET,33.0,11.54,0.027233,0.003,0.024233,32.71,-1.6559,2.5378,0.023118,0.005173,True
421,2024-10-20 13:00:00+00:00,2024-10-21 03:00:00+00:00,-2.2862,2.2862,0.9588,-0.019154,LONG_SPREAD,786.9,401.73,385.17,0.1377,NORMAL,3.7862,0.2286,27.43,-4.0815,STOPLOSS,14.0,8.39,-0.016783,0.003,-0.019783,-7.17,0.8542,-4.0815,-0.019154,0.005078,False
422,2024-10-21 04:00:00+00:00,2024-10-21 08:00:00+00:00,-2.3743,2.3743,0.9351,-0.020836,LONG_SPREAD,1634.5,844.65,789.85,0.1377,NORMAL,3.8743,0.2374,28.49,-5.0,STOPLOSS,4.0,0.0,-0.0296,0.003,-0.0326,-53.28,-1.894,-5.0,-0.020836,0.00477,False
423,2024-10-21 09:00:00+00:00,2024-10-23 12:00:00+00:00,-3.8728,3.8728,0.9029,-0.037024,LONG_SPREAD,1333.02,700.52,632.51,0.1377,STRONG,5.0,0.3873,46.47,1.2041,TARGET,51.0,34.89,0.050307,0.003,0.047307,97.95,1.5282,-3.8728,-0.037024,0.00458,True
424,2024-10-24 23:00:00+00:00,2024-10-26 03:00:00+00:00,-2.2555,2.2555,0.8596,-0.02321,LONG_SPREAD,776.35,417.48,358.86,0.1377,NORMAL,3.7555,0.2255,27.07,0.9722,TARGET,28.0,10.24,0.033654,0.003,0.030654,34.04,0.9722,-2.2555,-0.02321,0.004709,True
425,2024-11-06 02:00:00+00:00,2024-11-06 03:00:00+00:00,2.8342,-2.8342,0.8641,0.022648,SHORT_SPREAD,1951.05,1046.65,904.4,0.1377,NORMAL,4.3342,-0.2834,34.01,4.5377,STOPLOSS,1.0,0.0,-0.015006,0.003,-0.018006,-35.13,2.8342,4.5377,0.022648,0.005191,False
426,2024-11-06 04:00:00+00:00,2024-11-08 06:00:00+00:00,3.2638,-3.2638,0.8801,0.027211,SHORT_SPREAD,1123.4,597.51,525.89,0.1377,STRONG,4.7638,-0.3264,39.17,-0.7775,TARGET,50.0,29.25,0.035375,0.003,0.032375,65.62,-0.7775,3.2638,0.027211,0.005066,True
427,2024-11-09 00:00:00+00:00,2024-11-10 04:00:00+00:00,2.0442,-2.0442,0.924,0.017643,SHORT_SPREAD,703.61,365.71,337.9,0.1377,NORMAL,3.5442,-0.2044,24.53,3.749,STOPLOSS,28.0,10.97,-0.016609,0.003,-0.019609,-2.82,-0.5352,3.749,0.017643,0.00465,False
428,2024-11-10 05:00:00+00:00,2024-11-11 18:00:00+00:00,2.215,-2.215,0.9506,0.020446,SHORT_SPREAD,762.4,390.85,371.54,0.1377,NORMAL,3.715,-0.2215,26.58,4.333,STOPLOSS,37.0,11.9,-0.018394,0.003,-0.021394,-4.41,-3.6871,4.333,0.020446,0.004522,False
429,2024-11-11 19:00:00+00:00,2024-11-12 06:00:00+00:00,2.9855,-2.9855,0.9159,0.027395,SHORT_SPREAD,1027.63,536.35,491.27,0.1377,NORMAL,4.4855,-0.2986,35.83,4.5639,STOPLOSS,11.0,19.07,-0.01678,0.003,-0.01978,-1.26,0.2994,4.5639,0.027395,0.003777,False
430,2024-11-13 15:00:00+00:00,2024-11-14 18:00:00+00:00,2.0359,-2.0359,0.9589,0.020288,SHORT_SPREAD,700.76,357.72,343.04,0.1377,NORMAL,3.5359,-0.2036,24.43,-0.6356,TARGET,27.0,17.99,0.024954,0.003,0.021954,33.37,-2.2414,2.0359,0.020288,0.003674,True
431,2024-11-15 15:00:00+00:00,2024-11-16 21:00:00+00:00,-2.4983,2.4983,0.9459,-0.021563,LONG_SPREAD,859.93,441.92,418.01,0.1377,NORMAL,3.9983,0.2498,29.98,-4.2312,STOPLOSS,30.0,12.6,-0.021089,0.003,-0.024089,-8.12,4.1403,-4.2312,-0.021563,0.003683,False
432,2024-11-16 22:00:00+00:00,2024-11-19 12:00:00+00:00,-4.3889,4.3889,0.9007,-0.045485,LONG_SPREAD,1208.54,635.84,572.7,0.1377,STRONG,5.0,0.4389,52.67,0.5412,TARGET,62.0,63.23,0.054105,0.003,0.051105,124.99,4.7076,-5.0,-0.045485,0.003155,True
433,2024-11-22 21:00:00+00:00,2024-11-23 23:00:00+00:00,2.1605,-2.1605,0.7861,0.03204,SHORT_SPREAD,743.65,416.35,327.3,0.1377,NORMAL,3.6605,-0.2161,25.93,-0.8518,TARGET,26.0,24.25,0.047018,0.003,0.044018,56.98,-2.8048,2.8789,0.03204,0.002381,True
434,2024-11-24 00:00:00+00:00,2024-11-25 12:00:00+00:00,-2.9739,2.9739,0.7515,-0.048122,LONG_SPREAD,818.9,467.55,351.35,0.1377,NORMAL,4.4739,0.2974,35.69,0.5217,TARGET,36.0,31.41,0.058872,0.003,0.055872,77.16,4.1308,-3.3413,-0.048122,0.002044,True
435,2024-12-02 04:00:00+00:00,2024-12-03 23:00:00+00:00,3.1297,-3.1297,0.7516,0.054351,SHORT_SPREAD,861.79,491.99,369.8,0.1377,STRONG,4.6297,-0.313,37.56,-0.72,TARGET,43.0,42.9,0.070201,0.003,0.067201,100.82,-1.3148,3.1297,0.054351,0.00204,True
436,2024-12-12 14:00:00+00:00,2024-12-13 17:00:00+00:00,2.2198,-2.2198,0.77,0.033718,SHORT_SPREAD,764.05,431.67,332.38,0.1377,NORMAL,3.7198,-0.222,26.64,-0.6426,TARGET,27.0,17.71,0.043296,0.003,0.040296,48.5,-1.6701,2.7659,0.033718,0.00194,True
437,2024-12-14 22:00:00+00:00,2024-12-16 01:00:00+00:00,-2.1859,2.1859,0.7692,-0.029524,LONG_SPREAD,752.4,425.27,327.13,0.1377,NORMAL,3.6859,0.2186,26.23,0.3867,TARGET,27.0,20.88,0.036681,0.003,0.033681,46.22,0.9363,-2.1859,-0.029524,0.002031,True
438,2024-12-20 11:00:00+00:00,2024-12-22 07:00:00+00:00,-2.1168,2.1168,0.7705,-0.024312,LONG_SPREAD,728.62,411.54,317.08,0.1377,NORMAL,3.6168,0.2117,25.4,0.5207,TARGET,44.0,11.88,0.031071,0.003,0.028071,32.33,1.1088,-2.1168,-0.024312,0.002465,True
439,2024-12-24 11:00:00+00:00,2024-12-25 13:00:00+00:00,2.0101,-2.0101,0.7915,0.020238,SHORT_SPREAD,691.88,386.2,305.68,0.1377,NORMAL,3.5101,-0.201,24.12,-0.4931,TARGET,26.0,7.51,0.025262,0.003,0.022262,22.91,-0.4968,2.229,0.020238,0.002338,True
440,2025-01-02 01:00:00+00:00,2025-01-03 03:00:00+00:00,2.003,-2.003,0.8064,0.016958,SHORT_SPREAD,689.45,381.68,307.77,0.1377,NORMAL,3.503,-0.2003,24.04,-0.4272,TARGET,26.0,6.53,0.021269,0.003,0.018269,19.13,-1.2572,3.218,0.016958,0.002661,True
441,2025-01-03 08:00:00+00:00,2025-01-04 11:00:00+00:00,2.015,-2.015,0.8228,0.015412,SHORT_SPREAD,693.58,380.51,313.07,0.1377,NORMAL,3.515,-0.2015,24.18,-0.3267,TARGET,27.0,5.19,0.018777,0.003,0.015777,16.14,-2.3282,2.015,0.015412,0.002649,True
442,2025-01-04 20:00:00+00:00,2025-01-06 02:00:00+00:00,2.4085,-2.4085,0.81,0.017931,SHORT_SPREAD,829.0,458.02,370.98,0.1377,NORMAL,3.9085,-0.2408,28.9,-0.4094,TARGET,30.0,15.61,0.021371,0.003,0.018371,30.84,-1.5959,3.4963,0.017931,0.002485,True
443,2025-01-07 05:00:00+00:00,2025-01-08 17:00:00+00:00,-2.3698,2.3698,0.8233,-0.018211,LONG_SPREAD,815.69,447.37,368.31,0.1377,NORMAL,3.8698,0.237,28.44,0.4911,TARGET,36.0,9.99,0.022129,0.003,0.019129,25.59,1.3322,-2.6045,-0.018211,0.00254,True
444,2025-01-10 15:00:00+00:00,2025-01-11 18:00:00+00:00,-2.1084,2.1084,0.8051,-0.015725,LONG_SPREAD,725.71,402.04,323.67,0.1377,NORMAL,3.6084,0.2108,25.3,0.2937,TARGET,27.0,7.8,0.017609,0.003,0.014609,18.4,0.7204,-2.1439,-0.015725,0.002821,True
445,2025-01-12 14:00:00+00:00,2025-01-13 17:00:00+00:00,2.209,-2.209,0.8006,0.016378,SHORT_SPREAD,760.34,422.26,338.08,0.1377,NORMAL,3.709,-0.2209,26.51,-1.2368,TARGET,27.0,7.41,0.0264,0.003,0.0234,25.21,-2.2546,2.209,0.016378,0.002897,True
446,2025-01-14 06:00:00+00:00,2025-01-15 09:00:00+00:00,2.1644,-2.1644,0.8057,0.016448,SHORT_SPREAD,744.99,412.58,332.41,0.1377,NORMAL,3.6644,-0.2164,25.97,-0.3808,TARGET,27.0,6.11,0.01985,0.003,0.01685,18.66,-0.3808,3.2365,0.016448,0.003028,True
447,2025-01-15 11:00:00+00:00,2025-01-15 13:00:00+00:00,2.2662,-2.2662,0.8196,0.016967,SHORT_SPREAD,1560.03,857.35,702.68,0.1377,NORMAL,3.7662,-0.2266,27.19,4.0216,STOPLOSS,2.0,0.0,-0.013935,0.003,-0.016935,-26.42,1.6841,4.0216,0.016967,0.003048,False
448,2025-01-15 14:00:00+00:00,2025-01-17 04:00:00+00:00,2.9244,-2.9244,0.8291,0.022723,SHORT_SPREAD,1006.59,550.33,456.26,0.1377,NORMAL,4.4244,-0.2924,35.09,-0.5187,TARGET,38.0,15.92,0.026717,0.003,0.023717,39.79,-1.6753,2.9244,0.022723,0.003007,True
449,2025-01-17 21:00:00+00:00,2025-01-19 03:00:00+00:00,-2.4238,2.4238,0.836,-0.018701,LONG_SPREAD,834.29,454.42,379.87,0.1377,NORMAL,3.9238,0.2424,29.09,0.2654,TARGET,30.0,11.08,0.02151,0.003,0.01851,26.52,1.4484,-2.4238,-0.018701,0.002844,True
450,2025-01-20 07:00:00+00:00,2025-01-21 14:00:00+00:00,2.2837,-2.2837,0.8417,0.019123,SHORT_SPREAD,786.05,426.81,359.24,0.1377,NORMAL,3.7837,-0.2284,27.4,-1.199,TARGET,31.0,9.23,0.029151,0.003,0.026151,29.78,-2.2195,2.2837,0.019123,0.002935,True
451,2025-01-25 15:00:00+00:00,2025-01-27 06:00:00+00:00,3.1988,-3.1988,0.8319,0.025057,SHORT_SPREAD,1101.03,601.03,500.0,0.1377,STRONG,4.6988,-0.3199,38.39,-0.5388,TARGET,39.0,20.92,0.030324,0.003,0.027324,51.0,-2.6906,3.3984,0.025057,0.003017,True
452,2025-01-27 15:00:00+00:00,2025-01-29 04:00:00+00:00,-2.3481,2.3481,0.8394,-0.02063,LONG_SPREAD,808.24,439.42,368.82,0.1377,NORMAL,3.8481,0.2348,28.18,0.6591,TARGET,37.0,8.27,0.02605,0.003,0.02305,26.9,1.6249,-2.3481,-0.02063,0.003151,True
453,2025-02-02 16:00:00+00:00,2025-02-03 19:00:00+00:00,-2.0171,2.0171,0.8175,-0.017597,LONG_SPREAD,694.29,382.0,312.29,0.1377,NORMAL,3.5171,0.2017,24.21,0.677,TARGET,27.0,13.44,0.023671,0.003,0.020671,27.79,4.0381,-2.0171,-0.017597,0.003302,True
454,2025-02-04 22:00:00+00:00,2025-02-06 03:00:00+00:00,-2.342,2.342,0.8339,-0.020382,LONG_SPREAD,806.12,439.58,366.54,0.1377,NORMAL,3.842,0.2342,28.1,0.9905,TARGET,29.0,13.28,0.027675,0.003,0.024675,33.17,1.3904,-2.9261,-0.020382,0.002404,True
455,2025-02-06 06:00:00+00:00,2025-02-07 15:00:00+00:00,2.326,-2.326,0.8243,0.018444,SHORT_SPREAD,800.62,438.87,361.75,0.1377,NORMAL,3.826,-0.2326,27.91,-0.5245,TARGET,33.0,11.03,0.024757,0.003,0.021757,28.45,-1.6464,2.326,0.018444,0.002465,True
456,2025-02-11 01:00:00+00:00,2025-02-12 13:00:00+00:00,2.5381,-2.5381,0.8129,0.019573,SHORT_SPREAD,873.62,481.9,391.72,0.1377,NORMAL,4.0381,-0.2538,30.46,-0.9066,TARGET,36.0,16.78,0.029313,0.003,0.026313,39.77,-1.2301,2.5381,0.019573,0.002567,True
457,2025-02-12 16:00:00+00:00,2025-02-13 19:00:00+00:00,-2.1329,2.1329,0.8109,-0.019948,LONG_SPREAD,734.14,405.4,328.74,0.1377,NORMAL,3.6329,0.2133,25.59,0.2697,TARGET,27.0,9.44,0.020502,0.003,0.017502,22.29,1.1183,-2.1329,-0.019948,0.002669,True
458,2025-02-14 09:00:00+00:00,2025-02-15 13:00:00+00:00,2.3333,-2.3333,0.7965,0.018746,SHORT_SPREAD,803.14,447.05,356.09,0.1377,NORMAL,3.8333,-0.2333,28.0,-1.2243,TARGET,28.0,14.55,0.031673,0.003,0.028673,37.58,-1.2243,2.7104,0.018746,0.002578,True
459,2025-02-21 10:00:00+00:00,2025-02-22 22:00:00+00:00,2.2031,-2.2031,0.7983,0.016455,SHORT_SPREAD,758.32,421.68,336.64,0.1377,NORMAL,3.7031,-0.2203,26.44,-0.3623,TARGET,36.0,12.06,0.020705,0.003,0.017705,25.49,-2.162,2.5307,0.016455,0.002917,True
460,2025-02-23 16:00:00+00:00,2025-02-25 12:00:00+00:00,-2.4553,2.4553,0.8056,-0.022138,LONG_SPREAD,845.13,468.05,377.08,0.1377,NORMAL,3.9553,0.2455,29.46,0.4107,TARGET,44.0,10.82,0.023964,0.003,0.020964,28.54,1.7773,-2.6908,-0.022138,0.003011,True
461,2025-02-26 18:00:00+00:00,2025-02-28 08:00:00+00:00,-2.5394,2.5394,0.7941,-0.022582,LONG_SPREAD,874.07,487.2,386.87,0.1377,NORMAL,4.0394,0.2539,30.47,0.8875,TARGET,38.0,14.45,0.028808,0.003,0.025808,37.01,2.8968,-3.2097,-0.022582,0.003182,True
462,2025-02-28 09:00:00+00:00,2025-03-01 11:00:00+00:00,2.0573,-2.0573,0.8118,0.015869,SHORT_SPREAD,708.12,390.83,317.28,0.1377,NORMAL,3.5573,-0.2057,24.69,-0.6042,TARGET,26.0,10.95,0.022893,0.003,0.019893,25.04,-0.6042,2.0573,0.015869,0.003271,True
463,2025-03-02 15:00:00+00:00,2025-03-02 16:00:00+00:00,2.0235,-2.0235,0.819,0.016298,SHORT_SPREAD,1393.0,765.79,627.21,0.1377,NORMAL,3.5235,-0.2024,24.28,4.2972,STOPLOSS,1.0,0.0,-0.020169,0.003,-0.023169,-32.27,2.0235,4.2972,0.016298,0.003238,False
464,2025-03-02 17:00:00+00:00,2025-03-04 22:00:00+00:00,4.3911,-4.3911,0.8384,0.038318,SHORT_SPREAD,1500.0,815.94,684.06,0.1377,STRONG,5.0,-0.4391,52.69,-0.4627,TARGET,53.0,56.49,0.045534,0.003,0.042534,120.29,-3.8011,4.3911,0.038318,0.003094,True
465,2025-03-05 09:00:00+00:00,2025-03-06 11:00:00+00:00,2.0622,-2.0622,0.8766,0.01936,SHORT_SPREAD,709.82,378.24,331.58,0.1377,NORMAL,3.5622,-0.2062,24.75,-0.7212,TARGET,26.0,8.28,0.028041,0.003,0.025041,26.05,-0.906,3.1467,0.01936,0.003197,True
466,2025-03-07 00:00:00+00:00,2025-03-08 06:00:00+00:00,-2.4991,2.4991,0.9019,-0.027321,LONG_SPREAD,860.2,452.28,407.92,0.1377,NORMAL,3.9991,0.2499,29.99,0.5463,TARGET,30.0,16.17,0.031795,0.003,0.028795,40.94,0.5463,-2.4991,-0.027321,0.003175,True
467,2025-03-08 13:00:00+00:00,2025-03-09 19:00:00+00:00,2.4446,-2.4446,0.883,0.024246,SHORT_SPREAD,841.44,446.85,394.59,0.1377,NORMAL,3.9446,-0.2445,29.34,-2.047,TARGET,30.0,13.65,0.050015,0.003,0.047015,53.21,-2.3409,3.4822,0.024246,0.003294,True
468,2025-03-10 03:00:00+00:00,2025-03-11 04:00:00+00:00,-2.0086,2.0086,0.8896,-0.024936,LONG_SPREAD,691.36,365.88,325.48,0.1377,NORMAL,3.5086,0.2009,24.1,2.1594,TARGET,25.0,9.76,0.050349,0.003,0.047349,42.49,2.1594,-2.6432,-0.024936,0.003524,True
469,2025-03-12 11:00:00+00:00,2025-03-13 18:00:00+00:00,2.5266,-2.5266,0.8816,0.030002,SHORT_SPREAD,869.67,462.2,407.47,0.1377,NORMAL,4.0266,-0.2527,30.32,-0.426,TARGET,31.0,17.54,0.037558,0.003,0.034558,47.59,-2.1334,3.6302,0.030002,0.003281,True
470,2025-03-14 21:00:00+00:00,2025-03-16 00:00:00+00:00,-2.2294,2.2294,0.868,-0.032024,LONG_SPREAD,767.35,410.79,356.56,0.1377,NORMAL,3.7294,0.2229,26.75,1.0827,TARGET,27.0,12.38,0.045511,0.003,0.042511,45.0,1.8721,-2.7115,-0.032024,0.003133,True
471,2025-03-16 03:00:00+00:00,2025-03-17 13:00:00+00:00,2.013,-2.013,0.7968,0.026121,SHORT_SPREAD,692.89,385.63,307.27,0.1377,NORMAL,3.513,-0.2013,24.16,-0.3915,TARGET,34.0,11.96,0.035322,0.003,0.032322,34.36,-1.5037,2.013,0.026121,0.0028,True
472,2025-03-20 16:00:00+00:00,2025-03-21 20:00:00+00:00,-2.2523,2.2523,0.7833,-0.035751,LONG_SPREAD,775.26,434.73,340.52,0.1377,NORMAL,3.7523,0.2252,27.03,1.2452,TARGET,28.0,13.77,0.05374,0.003,0.05074,53.11,1.3881,-2.2523,-0.035751,0.002995,True
473,2025-03-24 00:00:00+00:00,2025-03-24 03:00:00+00:00,2.1165,-2.1165,0.7787,0.028487,SHORT_SPREAD,1457.03,819.17,637.86,0.1377,NORMAL,3.6165,-0.2117,25.4,4.0276,STOPLOSS,3.0,0.0,-0.029005,0.003,-0.032005,-46.63,1.7295,4.0276,0.028487,0.003081,False
474,2025-03-24 04:00:00+00:00,2025-03-26 07:00:00+00:00,3.9762,-3.9762,0.7953,0.058097,SHORT_SPREAD,1094.91,609.89,485.02,0.1377,STRONG,5.0,-0.3976,47.71,-0.5909,TARGET,51.0,66.77,0.070043,0.003,0.067043,140.18,-1.0817,3.9762,0.058097,0.00308,True
475,2025-03-28 13:00:00+00:00,2025-03-29 15:00:00+00:00,-2.1198,2.1198,0.8145,-0.03445,LONG_SPREAD,729.63,402.11,327.52,0.1377,NORMAL,3.6198,0.212,25.44,0.7983,TARGET,26.0,17.75,0.047633,0.003,0.044633,50.32,1.2591,-2.1198,-0.03445,0.003372,True
476,2025-04-03 17:00:00+00:00,2025-04-05 00:00:00+00:00,-2.1885,2.1885,0.7682,-0.033495,LONG_SPREAD,753.28,426.01,327.27,0.1377,NORMAL,3.6885,0.2188,26.26,0.2773,TARGET,31.0,15.38,0.036411,0.003,0.033411,40.55,1.0244,-2.5335,-0.033495,0.003687,True
477,2025-04-07 17:00:00+00:00,2025-04-09 11:00:00+00:00,3.4587,-3.4587,0.6992,0.049153,SHORT_SPREAD,952.4,560.51,391.89,0.1377,STRONG,4.9587,-0.3459,41.5,-0.7652,TARGET,42.0,33.26,0.063869,0.003,0.060869,91.23,-2.3877,3.4587,0.049153,0.003377,True
478,2025-04-09 16:00:00+00:00,2025-04-09 17:00:00+00:00,2.3186,-2.3186,0.7285,0.034466,SHORT_SPREAD,1596.14,923.42,672.72,0.1377,NORMAL,3.8186,-0.2319,27.82,4.7554,STOPLOSS,1.0,0.0,-0.038438,0.003,-0.041438,-66.14,2.3186,4.7554,0.034466,0.003508,False
479,2025-04-09 18:00:00+00:00,2025-04-12 02:00:00+00:00,2.4404,-2.4404,0.756,0.037571,SHORT_SPREAD,840.0,478.36,361.65,0.1377,NORMAL,3.9404,-0.244,29.29,-0.3957,TARGET,56.0,18.97,0.044224,0.003,0.041224,53.6,-0.3957,3.1304,0.037571,0.00339,True
480,2025-04-12 15:00:00+00:00,2025-04-14 15:00:00+00:00,2.9787,-2.9787,0.826,0.050374,SHORT_SPREAD,820.23,449.2,371.03,0.1377,NORMAL,4.4787,-0.2979,35.74,-0.7946,TARGET,48.0,28.26,0.064022,0.003,0.061022,78.31,-0.7946,2.9787,0.050374,0.003562,True
481,2025-04-22 14:00:00+00:00,2025-04-23 15:00:00+00:00,2.0777,-2.0777,0.8719,0.03092,SHORT_SPREAD,715.14,382.03,333.11,0.1377,NORMAL,3.5777,-0.2078,24.93,-0.923,TARGET,25.0,15.91,0.043197,0.003,0.040197,44.65,-0.923,2.4427,0.03092,0.004131,True
482,2025-04-26 16:00:00+00:00,2025-04-28 04:00:00+00:00,-2.4674,2.4674,0.8614,-0.029438,LONG_SPREAD,849.28,456.26,393.02,0.1377,NORMAL,3.9674,0.2467,29.61,0.5818,TARGET,36.0,17.23,0.041461,0.003,0.038461,49.89,2.0404,-2.4674,-0.029438,0.003788,True
483,2025-04-30 13:00:00+00:00,2025-05-01 18:00:00+00:00,-2.0835,2.0835,0.8647,-0.021051,LONG_SPREAD,717.14,384.59,332.55,0.1377,NORMAL,3.5835,0.2083,25.0,0.6479,TARGET,29.0,10.16,0.030194,0.003,0.027194,29.66,0.6479,-2.0835,-0.021051,0.004157,True
484,2025-05-07 16:00:00+00:00,2025-05-08 17:00:00+00:00,-2.0507,2.0507,0.8452,-0.017863,LONG_SPREAD,705.87,382.54,323.33,0.1377,NORMAL,3.5507,0.2051,24.61,0.4553,TARGET,25.0,8.33,0.022576,0.003,0.019576,22.15,2.5444,-2.0507,-0.017863,0.004729,True
485,2025-05-09 14:00:00+00:00,2025-05-10 20:00:00+00:00,-2.463,2.463,0.8765,-0.021593,LONG_SPREAD,847.77,451.78,395.99,0.1377,NORMAL,3.963,0.2463,29.56,0.3496,TARGET,30.0,14.11,0.025576,0.003,0.022576,33.25,2.0542,-2.463,-0.021593,0.003877,True
486,2025-05-12 07:00:00+00:00,2025-05-14 16:00:00+00:00,2.968,-2.968,0.8785,0.0281,SHORT_SPREAD,1021.6,543.83,477.76,0.1377,NORMAL,4.468,-0.2968,35.62,-0.7861,TARGET,57.0,20.92,0.03599,0.003,0.03299,54.63,-2.2397,3.0545,0.0281,0.003577,True
487,2025-05-18 07:00:00+00:00,2025-05-20 07:00:00+00:00,2.2302,-2.2302,0.8906,0.01778,SHORT_SPREAD,767.65,406.04,361.61,0.1377,NORMAL,3.7302,-0.223,26.76,-0.4021,TARGET,48.0,7.28,0.021802,0.003,0.018802,21.71,-2.1462,2.2302,0.01778,0.004094,True
488,2025-05-22 05:00:00+00:00,2025-05-22 10:00:00+00:00,2.0615,-2.0615,0.8869,0.016755,SHORT_SPREAD,1419.13,752.08,667.05,0.1377,NORMAL,3.5615,-0.2061,24.74,3.7089,STOPLOSS,5.0,0.0,-0.014643,0.003,-0.017643,-25.04,1.5984,3.7089,0.016755,0.003845,False
489,2025-05-22 11:00:00+00:00,2025-05-24 14:00:00+00:00,3.8042,-3.8042,0.9015,0.032851,SHORT_SPREAD,1309.42,688.64,620.78,0.1377,STRONG,5.0,-0.3804,45.65,-0.4234,TARGET,51.0,38.51,0.037193,0.003,0.034193,83.28,-1.549,3.8042,0.032851,0.003815,True
490,2025-05-25 23:00:00+00:00,2025-05-27 08:00:00+00:00,2.5102,-2.5102,0.9151,0.022321,SHORT_SPREAD,864.01,451.16,412.86,0.1377,NORMAL,4.0102,-0.251,30.12,-0.2514,TARGET,33.0,17.73,0.024601,0.003,0.021601,36.39,-1.5306,2.694,0.022321,0.00408,True
491,2025-05-29 13:00:00+00:00,2025-05-31 12:00:00+00:00,-2.2001,2.2001,0.9222,-0.019008,LONG_SPREAD,757.28,393.97,363.3,0.1377,NORMAL,3.7001,0.22,26.4,0.351,TARGET,47.0,13.57,0.021921,0.003,0.018921,27.9,1.839,-2.2001,-0.019008,0.00411,True
492,2025-06-04 20:00:00+00:00,2025-06-06 05:00:00+00:00,-2.7193,2.7193,0.9325,-0.021274,LONG_SPREAD,935.99,484.33,451.66,0.1377,NORMAL,4.2193,0.2719,32.63,0.9311,TARGET,33.0,14.8,0.028278,0.003,0.025278,38.46,1.1828,-2.7193,-0.021274,0.004587,True
493,2025-06-06 23:00:00+00:00,2025-06-08 01:00:00+00:00,2.1451,-2.1451,0.9251,0.016682,SHORT_SPREAD,738.35,383.53,354.81,0.1377,NORMAL,3.6451,-0.2145,25.74,-0.9785,TARGET,26.0,9.03,0.025203,0.003,0.022203,25.42,-1.2786,3.3488,0.016682,0.004686,True
494,2025-06-08 18:00:00+00:00,2025-06-10 04:00:00+00:00,2.7941,-2.7941,0.9528,0.023897,SHORT_SPREAD,961.75,492.5,469.25,0.1377,NORMAL,4.2941,-0.2794,33.53,-0.872,TARGET,34.0,16.38,0.031438,0.003,0.028438,43.73,-1.9209,3.0762,0.023897,0.004733,True
495,2025-06-13 01:00:00+00:00,2025-06-14 20:00:00+00:00,-3.5336,3.5336,0.9656,-0.029311,LONG_SPREAD,1216.28,618.79,597.49,0.1377,STRONG,5.0,0.3534,42.4,0.5424,TARGET,43.0,26.93,0.033736,0.003,0.030736,64.32,0.8267,-3.5336,-0.029311,0.004727,True
496,2025-06-18 22:00:00+00:00,2025-06-20 04:00:00+00:00,-2.4291,2.4291,0.9571,-0.019755,LONG_SPREAD,836.12,427.23,408.88,0.1377,NORMAL,3.9291,0.2429,29.15,0.2994,TARGET,30.0,8.95,0.021236,0.003,0.018236,24.19,1.0441,-2.4291,-0.019755,0.005097,True
497,2025-06-23 08:00:00+00:00,2025-06-25 06:00:00+00:00,3.009,-3.009,0.9582,0.022466,SHORT_SPREAD,1035.72,528.91,506.8,0.1377,STRONG,4.509,-0.3009,36.11,-0.4248,TARGET,46.0,21.12,0.0273,0.003,0.0243,46.29,-3.0718,3.009,0.022466,0.005489,True
498,2025-07-01 13:00:00+00:00,2025-07-02 14:00:00+00:00,-2.0394,2.0394,0.9474,-0.014423,LONG_SPREAD,701.96,360.45,341.51,0.1377,NORMAL,3.5394,0.2039,24.47,1.6125,TARGET,25.0,8.22,0.023664,0.003,0.020664,22.73,1.8316,-2.2274,-0.014423,0.005204,True
499,2025-07-03 06:00:00+00:00,2025-07-04 15:00:00+00:00,2.6826,-2.6826,0.9675,0.01648,SHORT_SPREAD,923.37,469.32,454.05,0.1377,NORMAL,4.1826,-0.2683,32.19,-1.1457,TARGET,33.0,13.37,0.024812,0.003,0.021812,33.51,-1.3675,3.1389,0.01648,0.00492,True
500,2025-07-09 21:00:00+00:00,2025-07-11 13:00:00+00:00,2.4268,-2.4268,0.9704,0.014612,SHORT_SPREAD,835.31,423.94,411.38,0.1377,NORMAL,3.9268,-0.2427,29.12,-1.5762,TARGET,40.0,7.24,0.024525,0.003,0.021525,25.22,-1.5762,3.0916,0.014612,0.005103,True
501,2025-07-13 01:00:00+00:00,2025-07-15 01:00:00+00:00,2.5457,-2.5457,0.9774,0.015857,SHORT_SPREAD,876.23,443.11,433.11,0.1377,NORMAL,4.0457,-0.2546,30.55,-0.6176,TARGET,48.0,7.41,0.018855,0.003,0.015855,21.31,-1.179,2.8105,0.015857,0.00464,True
502,2025-07-15 03:00:00+00:00,2025-07-16 09:00:00+00:00,-2.0951,2.0951,0.9838,-0.011102,LONG_SPREAD,721.15,363.52,357.63,0.1377,NORMAL,3.5951,0.2095,25.14,0.7683,TARGET,30.0,6.53,0.016439,0.003,0.013439,16.22,4.4966,-2.0951,-0.011102,0.00469,True
503,2025-07-17 09:00:00+00:00,2025-07-17 23:00:00+00:00,2.0695,-2.0695,0.999,0.013035,SHORT_SPREAD,712.32,356.34,355.98,0.1377,NORMAL,3.5695,-0.2069,24.83,5.0,STOPLOSS,14.0,5.53,-0.025283,0.003,-0.028283,-14.61,-2.0873,5.0,0.013035,0.004526,False
504,2025-07-18 00:00:00+00:00,2025-07-20 12:00:00+00:00,5.0,-5.0,1.007,0.037576,SHORT_SPREAD,1500.0,747.39,752.61,0.1377,STRONG,5.0,-0.5,60.0,-0.7491,TARGET,60.0,44.86,0.042484,0.003,0.039484,104.09,-3.1027,5.0,0.037576,0.004482,True
505,2025-07-21 01:00:00+00:00,2025-07-22 03:00:00+00:00,2.2673,-2.2673,1.0045,0.016132,SHORT_SPREAD,780.42,389.33,391.09,0.1377,NORMAL,3.7673,-0.2267,27.21,3.8778,STOPLOSS,26.0,7.76,-0.011538,0.003,-0.014538,-3.58,-0.8749,3.8778,0.016132,0.00411,False
506,2025-07-22 04:00:00+00:00,2025-07-23 11:00:00+00:00,2.5015,-2.5015,1.0136,0.018573,SHORT_SPREAD,861.01,427.59,433.42,0.1377,NORMAL,4.0015,-0.2501,30.02,-1.2581,TARGET,31.0,10.93,0.025975,0.003,0.022975,30.71,-3.2458,2.5015,0.018573,0.004173,True
507,2025-07-26 15:00:00+00:00,2025-07-26 18:00:00+00:00,2.0001,-2.0001,1.0241,0.015423,SHORT_SPREAD,688.43,340.12,348.31,0.1377,NORMAL,3.5001,-0.2,24.0,5.0,STOPLOSS,3.0,7.33,-0.022157,0.003,-0.025157,-9.99,0.2316,5.0,0.015423,0.004419,False
508,2025-07-28 04:00:00+00:00,2025-07-29 12:00:00+00:00,2.5954,-2.5954,1.0451,0.020781,SHORT_SPREAD,893.33,436.8,456.52,0.1377,NORMAL,4.0954,-0.2595,31.14,-0.5932,TARGET,32.0,8.96,0.023333,0.003,0.020333,27.12,-2.3781,3.6032,0.020781,0.004398,True
509,2025-08-04 15:00:00+00:00,2025-08-05 20:00:00+00:00,2.3815,-2.3815,1.0338,0.020162,SHORT_SPREAD,819.71,403.03,416.67,0.1377,NORMAL,3.8815,-0.2381,28.58,-1.2949,TARGET,29.0,11.64,0.029882,0.003,0.026882,33.67,-2.7673,3.0291,0.020162,0.004973,True
510,2025-08-08 13:00:00+00:00,2025-08-09 19:00:00+00:00,-2.2297,2.2297,1.0328,-0.016541,LONG_SPREAD,767.48,377.55,389.93,0.1377,NORMAL,3.7297,0.223,26.76,0.3155,TARGET,30.0,7.11,0.019759,0.003,0.016759,19.98,1.1124,-2.2297,-0.016541,0.004798,True
511,2025-08-12 14:00:00+00:00,2025-08-14 01:00:00+00:00,2.622,-2.622,1.0347,0.019828,SHORT_SPREAD,902.52,443.55,458.96,0.1377,NORMAL,4.122,-0.2622,31.46,-0.7244,TARGET,35.0,12.8,0.025119,0.003,0.022119,32.76,-1.309,2.622,0.019828,0.004882,True
512,2025-08-15 00:00:00+00:00,2025-08-15 03:00:00+00:00,2.004,-2.004,1.0504,0.015207,SHORT_SPREAD,689.79,336.42,353.37,0.1377,NORMAL,3.504,-0.2004,24.05,4.4472,STOPLOSS,3.0,5.05,-0.018775,0.003,-0.021775,-9.97,0.8193,4.4472,0.015207,0.00472,False
513,2025-08-15 04:00:00+00:00,2025-08-15 05:00:00+00:00,2.6434,-2.6434,1.0567,0.020665,SHORT_SPREAD,1819.7,884.76,934.95,0.1377,NORMAL,4.1434,-0.2643,31.72,4.7801,STOPLOSS,1.0,0.0,-0.017081,0.003,-0.020081,-36.54,2.6434,4.7801,0.020665,0.004727,False
514,2025-08-15 06:00:00+00:00,2025-08-16 18:00:00+00:00,2.9876,-2.9876,1.0634,0.02415,SHORT_SPREAD,1028.34,498.38,529.96,0.1377,NORMAL,4.4876,-0.2988,35.85,-0.4759,TARGET,36.0,16.28,0.028144,0.003,0.025144,42.13,-1.81,4.0192,0.02415,0.004718,True
515,2025-08-17 17:00:00+00:00,2025-08-19 06:00:00+00:00,3.0167,-3.0167,1.0592,0.024786,SHORT_SPREAD,1038.34,504.25,534.09,0.1377,STRONG,4.5167,-0.3017,36.2,-0.3901,TARGET,37.0,16.52,0.028394,0.003,0.025394,42.89,-1.6313,3.0167,0.024786,0.004667,True
516,2025-08-22 17:00:00+00:00,2025-08-23 13:00:00+00:00,2.006,-2.006,1.0614,0.015173,SHORT_SPREAD,690.48,334.95,355.52,0.1377,NORMAL,3.506,-0.2006,24.07,4.3493,STOPLOSS,20.0,8.27,-0.019186,0.003,-0.022186,-7.05,-1.4911,4.3493,0.015173,0.004748,False
517,2025-08-23 15:00:00+00:00,2025-08-24 23:00:00+00:00,-2.2584,2.2584,1.0683,-0.017761,LONG_SPREAD,777.34,375.84,401.5,0.1377,NORMAL,3.7584,0.2258,27.1,0.2907,TARGET,32.0,10.41,0.021018,0.003,0.018018,24.42,1.8418,-2.6628,-0.017761,0.004358,True
518,2025-08-27 14:00:00+00:00,2025-08-29 00:00:00+00:00,2.7562,-2.7562,1.0743,0.021584,SHORT_SPREAD,948.68,457.35,491.33,0.1377,NORMAL,4.2562,-0.2756,33.07,-1.6194,TARGET,34.0,12.72,0.034973,0.003,0.031973,43.05,-3.0933,2.7562,0.021584,0.004614,True
519,2025-09-02 05:00:00+00:00,2025-09-03 16:00:00+00:00,2.1986,-2.1986,1.053,0.018133,SHORT_SPREAD,756.77,368.61,388.16,0.1377,NORMAL,3.6986,-0.2199,26.38,-0.5612,TARGET,35.0,7.32,0.022082,0.003,0.019082,21.76,-0.5612,2.4705,0.018133,0.004788,True
520,2025-09-05 00:00:00+00:00,2025-09-06 06:00:00+00:00,-2.2228,2.2228,1.0724,-0.017488,LONG_SPREAD,765.11,369.19,395.92,0.1377,NORMAL,3.7228,0.2223,26.67,0.4293,TARGET,30.0,8.51,0.021214,0.003,0.018214,22.44,0.5402,-2.2228,-0.017488,0.004946,True
521,2025-09-09 13:00:00+00:00,2025-09-10 06:00:00+00:00,2.0137,-2.0137,1.0758,0.015214,SHORT_SPREAD,693.11,333.9,359.21,0.1377,NORMAL,3.5137,-0.2014,24.16,3.903,STOPLOSS,17.0,5.09,-0.014686,0.003,-0.017686,-7.16,-1.2501,3.903,0.015214,0.004952,False
522,2025-09-10 07:00:00+00:00,2025-09-10 12:00:00+00:00,2.6591,-2.6591,1.0841,0.020941,SHORT_SPREAD,915.27,439.16,476.11,0.1377,NORMAL,4.1591,-0.2659,31.91,4.837,STOPLOSS,5.0,17.32,-0.017268,0.003,-0.020268,-1.23,-0.0431,4.837,0.020941,0.004999,False
523,2025-09-10 13:00:00+00:00,2025-09-13 01:00:00+00:00,4.9039,-4.9039,1.0976,0.03989,SHORT_SPREAD,1500.0,715.11,784.89,0.1377,STRONG,5.0,-0.4904,58.85,-0.5018,TARGET,60.0,46.54,0.043577,0.003,0.040577,107.41,-1.9889,5.0,0.03989,0.004967,True
524,2025-09-13 03:00:00+00:00,2025-09-15 08:00:00+00:00,3.8267,-3.8267,1.1241,0.037268,SHORT_SPREAD,1317.15,620.09,697.07,0.1377,STRONG,5.0,-0.3827,45.92,-0.7872,TARGET,53.0,33.74,0.043653,0.003,0.040653,87.28,-1.9658,4.6471,0.037268,0.005013,True
