trade_id,entry_timestamp,exit_timestamp,entry_zscore,entry_signal,entry_beta,entry_spread,direction,position_usdt,leg_a_usdt,leg_b_usdt,kelly_fraction,signal_strength,stop_zscore,target_zscore,min_hold_hours,exit_zscore,exit_reason,hours_held,partial_pnl_usdt,gross_pnl_pct,fee_cost_pct,net_pnl_pct,net_pnl_usdt,max_adverse_zscore,max_favorable_zscore,prediction_error_at_entry,beta_uncertainty_at_entry,is_winner
1,2020-09-03 13:00:00+00:00,2020-09-03 15:00:00+00:00,2.0742,-2.0742,0.7764,0.054941,SHORT_SPREAD,1142.33,643.06,499.26,0.1377,NORMAL,3.5742,-0.2074,24.89,1.5031,TIMESTOP,2.0,0.0,0.013601,0.003,0.010601,12.11,1.5031,2.2437,0.054941,0.008708,True
2,2020-09-12 19:00:00+00:00,2020-09-12 21:00:00+00:00,2.1279,-2.1279,0.7882,0.053555,SHORT_SPREAD,1171.9,655.36,516.53,0.1377,NORMAL,3.6279,-0.2128,25.54,1.4303,TIMESTOP,2.0,0.0,0.017534,0.003,0.014534,17.03,1.0414,2.1279,0.053555,0.004016,True
3,2020-09-13 23:00:00+00:00,2020-09-14 01:00:00+00:00,2.2444,-2.2444,0.812,0.056464,SHORT_SPREAD,1236.04,682.15,553.89,0.1377,NORMAL,3.7444,-0.2244,26.93,1.6521,TIMESTOP,2.0,0.0,0.014659,0.003,0.011659,14.41,1.0204,2.2444,0.056464,0.004033,True
4,2020-09-24 19:00:00+00:00,2020-09-24 21:00:00+00:00,-2.4378,2.4378,0.7392,-0.048688,LONG_SPREAD,671.27,385.97,285.3,0.1377,NORMAL,3.9378,0.2438,29.25,-0.9452,TIMESTOP,2.0,18.89,0.029637,0.003,0.026637,36.77,-0.9452,-2.9018,-0.048688,0.003544,True
5,2020-09-28 10:00:00+00:00,2020-09-28 12:00:00+00:00,3.2441,-3.2441,0.6488,0.051441,SHORT_SPREAD,1786.58,1083.6,702.99,0.1377,STRONG,4.7441,-0.3244,38.93,1.3074,TIMESTOP,2.0,0.0,0.030171,0.003,0.027171,48.54,1.3074,3.2441,0.051441,0.002924,True
6,2020-09-29 00:00:00+00:00,2020-09-29 02:00:00+00:00,2.5001,-2.5001,0.6589,0.040441,SHORT_SPREAD,688.43,414.99,273.44,0.1377,NORMAL,4.0001,-0.25,30.0,0.5421,TIMESTOP,2.0,20.36,0.03108,0.003,0.02808,39.7,0.5421,2.5001,0.040441,0.002956,True
7,2020-10-06 14:00:00+00:00,2020-10-06 16:00:00+00:00,-2.4652,2.4652,0.6514,-0.032389,LONG_SPREAD,848.51,513.8,334.71,0.1377,NORMAL,3.9652,0.2465,29.58,-0.2383,TIMESTOP,2.0,32.94,0.02893,0.003,0.02593,54.94,0.6186,-2.4652,-0.032389,0.00323,True
8,2020-10-06 20:00:00+00:00,2020-10-06 22:00:00+00:00,-2.7428,2.7428,0.6526,-0.036321,LONG_SPREAD,1888.18,1142.54,745.64,0.1377,NORMAL,4.2428,0.2743,32.91,-1.7782,TIMESTOP,2.0,0.0,0.012285,0.003,0.009285,17.53,-1.7342,-2.7428,-0.036321,0.003265,True
9,2020-10-08 14:00:00+00:00,2020-10-08 16:00:00+00:00,2.222,-2.222,0.6654,0.027224,SHORT_SPREAD,764.82,459.24,305.57,0.1377,NORMAL,3.722,-0.2222,26.66,0.994,TIMESTOP,2.0,11.2,0.016146,0.003,0.013146,21.26,0.994,2.222,0.027224,0.003278,True
10,2020-10-12 21:00:00+00:00,2020-10-12 23:00:00+00:00,-2.1739,2.1739,0.6462,-0.026704,LONG_SPREAD,748.26,454.54,293.72,0.1377,NORMAL,3.6739,0.2174,26.09,-0.503,TIMESTOP,2.0,12.86,0.019855,0.003,0.016855,25.47,-0.503,-2.1739,-0.026704,0.002609,True
11,2020-10-20 06:00:00+00:00,2020-10-20 08:00:00+00:00,2.5454,-2.5454,0.6343,0.018761,SHORT_SPREAD,1752.29,1072.23,680.06,0.1377,NORMAL,4.0454,-0.2545,30.55,2.3195,TIMESTOP,2.0,0.0,0.001667,0.003,-0.001333,-2.34,1.2687,2.5454,0.018761,0.002885,False
12,2020-10-20 09:00:00+00:00,2020-10-20 11:00:00+00:00,3.6872,-3.6872,0.6373,0.028383,SHORT_SPREAD,2538.29,1550.24,988.04,0.1377,STRONG,5.0,-0.3687,44.25,1.9253,TIMESTOP,2.0,0.0,0.013983,0.003,0.010983,27.88,1.9253,3.6872,0.028383,0.002903,True
13,2020-10-22 16:00:00+00:00,2020-10-22 18:00:00+00:00,-2.8435,2.8435,0.6356,-0.024038,LONG_SPREAD,1957.49,1196.78,760.71,0.1377,NORMAL,4.3435,0.2844,34.12,-1.6645,TIMESTOP,2.0,0.0,0.009228,0.003,0.006228,12.19,-1.6645,-3.6619,-0.024038,0.002681,True
14,2020-10-22 20:00:00+00:00,2020-10-22 22:00:00+00:00,-2.0664,2.0664,0.6229,-0.018296,LONG_SPREAD,711.25,438.26,273.0,0.1377,NORMAL,3.5664,0.2066,24.8,-0.0076,TIMESTOP,2.0,5.95,0.016994,0.003,0.013994,15.9,-0.0076,-2.0664,-0.018296,0.002594,True
15,2020-10-23 09:00:00+00:00,2020-10-23 11:00:00+00:00,5.0,-5.0,0.6259,0.041429,SHORT_SPREAD,1376.81,846.79,530.03,0.1377,STRONG,5.0,-0.5,60.0,-0.1516,TIMESTOP,2.0,59.43,0.044666,0.003,0.041666,116.8,-0.1516,5.0,0.041429,0.002615,True
16,2020-10-26 11:00:00+00:00,2020-10-26 12:00:00+00:00,2.1283,-2.1283,0.6209,0.016926,SHORT_SPREAD,1465.14,903.89,561.25,0.1377,NORMAL,3.6283,-0.2128,25.54,5.0,STOPLOSS,1.0,0.0,-0.036644,0.003,-0.039644,-58.08,2.1283,5.0,0.016926,0.002632,False
17,2020-10-26 13:00:00+00:00,2020-10-26 15:00:00+00:00,5.0,-5.0,0.6262,0.058091,SHORT_SPREAD,2753.62,1693.33,1060.29,0.1377,STRONG,5.0,-0.5,60.0,3.5108,TIMESTOP,2.0,0.0,0.024732,0.003,0.021732,59.84,3.5108,5.0,0.058091,0.002646,True
18,2020-10-26 16:00:00+00:00,2020-10-26 18:00:00+00:00,2.5861,-2.5861,0.6294,0.024819,SHORT_SPREAD,1780.25,1092.58,687.67,0.1377,NORMAL,4.0861,-0.2586,31.03,1.7911,TIMESTOP,2.0,0.0,0.00762,0.003,0.00462,8.23,1.7911,2.5861,0.024819,0.002673,True
19,2020-10-26 19:00:00+00:00,2020-10-26 21:00:00+00:00,2.9512,-2.9512,0.6334,0.029046,SHORT_SPREAD,1015.83,621.9,393.93,0.1377,NORMAL,4.4512,-0.2951,35.41,0.5946,TIMESTOP,2.0,22.13,0.023808,0.003,0.020808,43.26,0.5946,2.9512,0.029046,0.002687,True
20,2020-10-26 23:00:00+00:00,2020-10-27 01:00:00+00:00,2.546,-2.546,0.6366,0.025265,SHORT_SPREAD,1752.69,1070.9,681.79,0.1377,NORMAL,4.046,-0.2546,30.55,3.6243,TIMESTOP,2.0,0.0,-0.011733,0.003,-0.014733,-25.82,2.546,3.6243,0.025265,0.002688,False
21,2020-10-27 03:00:00+00:00,2020-10-27 05:00:00+00:00,2.075,-2.075,0.6462,0.021372,SHORT_SPREAD,714.23,433.86,280.37,0.1377,NORMAL,3.575,-0.2075,24.9,0.7607,TIMESTOP,2.0,7.85,0.013629,0.003,0.010629,15.44,0.7607,2.075,0.021372,0.002686,True
22,2020-10-27 11:00:00+00:00,2020-10-27 13:00:00+00:00,-2.0078,2.0078,0.6445,-0.020895,LONG_SPREAD,691.09,420.25,270.84,0.1377,NORMAL,3.5078,0.2008,24.09,-0.6755,TIMESTOP,2.0,7.27,0.013981,0.003,0.010981,14.86,-0.6755,-2.0078,-0.020895,0.002686,True
23,2020-10-28 11:00:00+00:00,2020-10-28 13:00:00+00:00,-2.6387,2.6387,0.6324,-0.026714,LONG_SPREAD,1816.47,1112.74,703.73,0.1377,NORMAL,4.1387,0.2639,31.66,-2.0314,TIMESTOP,2.0,0.0,0.005949,0.003,0.002949,5.36,-1.4103,-2.6387,-0.026714,0.002704,True
24,2020-10-29 12:00:00+00:00,2020-10-29 14:00:00+00:00,-4.7293,4.7293,0.6182,-0.049995,LONG_SPREAD,2604.53,1609.48,995.05,0.1377,STRONG,5.0,0.4729,56.75,-1.7093,TIMESTOP,2.0,0.0,0.031943,0.003,0.028943,75.38,-1.7093,-4.7293,-0.049995,0.002761,True
25,2020-10-29 15:00:00+00:00,2020-10-29 17:00:00+00:00,-2.4891,2.4891,0.6113,-0.026866,LONG_SPREAD,1713.5,1063.43,650.08,0.1377,NORMAL,3.9891,0.2489,29.87,-1.5342,TIMESTOP,2.0,0.0,0.009925,0.003,0.006925,11.87,-1.3251,-2.4891,-0.026866,0.002752,True
26,2020-10-30 12:00:00+00:00,2020-10-30 14:00:00+00:00,2.6029,-2.6029,0.6103,0.026654,SHORT_SPREAD,895.93,556.39,339.54,0.1377,NORMAL,4.1029,-0.2603,31.23,0.8633,TIMESTOP,2.0,15.06,0.018471,0.003,0.015471,28.92,0.8633,2.6029,0.026654,0.00285,True
27,2020-11-07 02:00:00+00:00,2020-11-07 04:00:00+00:00,-3.3793,3.3793,0.6248,-0.034174,LONG_SPREAD,2326.31,1431.71,894.6,0.1377,STRONG,4.8793,0.3379,40.55,-1.1645,TIMESTOP,2.0,0.0,0.022925,0.003,0.019925,46.35,-1.1645,-3.3793,-0.034174,0.002547,True
28,2020-11-07 11:00:00+00:00,2020-11-07 13:00:00+00:00,-2.5713,2.5713,0.6077,-0.02673,LONG_SPREAD,885.06,550.52,334.54,0.1377,NORMAL,4.0713,0.2571,30.86,-1.692,TIMESTOP,2.0,15.46,0.009153,0.003,0.006153,20.9,-0.7783,-2.5713,-0.02673,0.002442,True
29,2020-11-07 15:00:00+00:00,2020-11-07 17:00:00+00:00,-2.1647,2.1647,0.6051,-0.022823,LONG_SPREAD,1490.18,928.43,561.75,0.1377,NORMAL,3.6647,0.2165,25.98,-2.083,TIMESTOP,2.0,0.0,0.000483,0.003,-0.002517,-3.75,-2.083,-2.7886,-0.022823,0.002455,False
30,2020-11-07 18:00:00+00:00,2020-11-07 20:00:00+00:00,-2.4112,2.4112,0.6025,-0.026061,LONG_SPREAD,829.96,517.91,312.05,0.1377,NORMAL,3.9112,0.2411,28.93,-0.7134,TIMESTOP,2.0,12.22,0.018433,0.003,0.015433,25.03,-0.7134,-2.4112,-0.026061,0.002472,True
31,2020-11-11 02:00:00+00:00,2020-11-11 04:00:00+00:00,2.5409,-2.5409,0.5983,0.026724,SHORT_SPREAD,874.59,547.2,327.4,0.1377,NORMAL,4.0409,-0.2541,30.49,0.026,TIMESTOP,2.0,22.39,0.027104,0.003,0.024104,43.48,0.026,2.5409,0.026724,0.002391,True
32,2020-11-17 04:00:00+00:00,2020-11-17 06:00:00+00:00,2.4763,-2.4763,0.614,0.019725,SHORT_SPREAD,1704.69,1056.2,648.49,0.1377,NORMAL,3.9763,-0.2476,29.72,5.0,STOPLOSS,2.0,0.0,-0.022788,0.003,-0.025788,-43.96,2.4763,5.0,0.019725,0.002558,False
33,2020-11-17 10:00:00+00:00,2020-11-17 12:00:00+00:00,2.2438,-2.2438,0.6264,0.019072,SHORT_SPREAD,1544.64,949.72,594.92,0.1377,NORMAL,3.7438,-0.2244,26.93,1.8542,TIMESTOP,2.0,0.0,0.003316,0.003,0.000316,0.49,1.1466,2.2438,0.019072,0.002557,True
34,2020-11-17 19:00:00+00:00,2020-11-17 21:00:00+00:00,-2.5619,2.5619,0.6277,-0.022506,LONG_SPREAD,1763.63,1083.48,680.15,0.1377,NORMAL,4.0619,0.2562,30.74,-2.7662,TIMESTOP,2.0,0.0,-0.002246,0.003,-0.005246,-9.25,-2.5619,-2.8812,-0.022506,0.00255,False
35,2020-11-18 00:00:00+00:00,2020-11-18 02:00:00+00:00,-2.1307,2.1307,0.6173,-0.019271,LONG_SPREAD,1466.81,906.97,559.84,0.1377,NORMAL,3.6307,0.2131,25.57,-2.1681,TIMESTOP,2.0,0.0,-0.000647,0.003,-0.003647,-5.35,-2.1307,-2.6735,-0.019271,0.002479,False
36,2020-11-18 05:00:00+00:00,2020-11-18 07:00:00+00:00,-2.8768,2.8768,0.6088,-0.026593,LONG_SPREAD,990.2,615.5,374.7,0.1377,NORMAL,4.3768,0.2877,34.52,-0.2009,TIMESTOP,2.0,22.84,0.02457,0.003,0.02157,44.2,-0.2009,-2.8768,-0.026593,0.002428,True
37,2020-11-19 17:00:00+00:00,2020-11-19 19:00:00+00:00,3.061,-3.061,0.6053,0.025848,SHORT_SPREAD,1053.61,656.34,397.27,0.1377,STRONG,4.561,-0.3061,36.73,-0.2932,TIMESTOP,2.0,22.28,0.028484,0.003,0.025484,49.13,-0.2932,3.061,0.025848,0.002434,True
38,2020-11-20 01:00:00+00:00,2020-11-20 03:00:00+00:00,4.2704,-4.2704,0.6093,0.036511,SHORT_SPREAD,2939.76,1826.72,1113.03,0.1377,STRONG,5.0,-0.427,51.24,5.0,TIMESTOP,2.0,0.0,-0.019903,0.003,-0.022903,-67.33,4.2704,5.0,0.036511,0.002448,False
39,2020-11-20 04:00:00+00:00,2020-11-20 06:00:00+00:00,3.9503,-3.9503,0.6259,0.038381,SHORT_SPREAD,2719.43,1672.58,1046.86,0.1377,STRONG,5.0,-0.395,47.4,4.3972,TIMESTOP,2.0,0.0,-0.005729,0.003,-0.008729,-23.74,3.4117,4.3972,0.038381,0.002438,False
40,2020-11-20 11:00:00+00:00,2020-11-20 13:00:00+00:00,2.4132,-2.4132,0.6416,0.025023,SHORT_SPREAD,830.61,505.97,324.64,0.1377,NORMAL,3.9132,-0.2413,28.96,-0.0973,TIMESTOP,2.0,20.2,0.025364,0.003,0.022364,38.78,-0.1439,2.4132,0.025023,0.002411,True
41,2020-11-21 16:00:00+00:00,2020-11-21 18:00:00+00:00,2.3687,-2.3687,0.6481,0.024626,SHORT_SPREAD,1630.64,989.38,641.26,0.1377,NORMAL,3.8687,-0.2369,28.42,1.3475,TIMESTOP,2.0,0.0,0.010214,0.003,0.007214,11.76,1.3475,2.3687,0.024626,0.002329,True
42,2020-11-23 13:00:00+00:00,2020-11-23 15:00:00+00:00,2.1306,-2.1306,0.6658,0.023178,SHORT_SPREAD,733.35,440.24,293.11,0.1377,NORMAL,3.6306,-0.2131,25.57,0.2049,TIMESTOP,2.0,13.57,0.019998,0.003,0.016998,26.03,0.2049,2.1306,0.023178,0.002317,True
43,2020-11-25 04:00:00+00:00,2020-11-25 06:00:00+00:00,-2.2238,2.2238,0.6565,-0.022767,LONG_SPREAD,765.45,462.09,303.35,0.1377,NORMAL,3.7238,0.2224,26.69,-0.3163,TIMESTOP,2.0,14.38,0.020282,0.003,0.017282,27.6,-0.3163,-2.2238,-0.022767,0.002272,True
44,2020-11-26 06:00:00+00:00,2020-11-26 08:00:00+00:00,-2.5106,2.5106,0.646,-0.026585,LONG_SPREAD,864.16,525.01,339.15,0.1377,NORMAL,4.0106,0.2511,30.13,-0.7343,TIMESTOP,2.0,15.28,0.019183,0.003,0.016183,29.27,-0.7343,-3.8114,-0.026585,0.002354,True
45,2020-11-27 02:00:00+00:00,2020-11-27 04:00:00+00:00,3.5916,-3.5916,0.6476,0.040725,SHORT_SPREAD,988.98,600.27,388.71,0.1377,STRONG,5.0,-0.3592,43.1,0.2487,TIMESTOP,2.0,36.34,0.038241,0.003,0.035241,71.19,0.2487,3.5916,0.040725,0.002342,True
46,2020-12-02 15:00:00+00:00,2020-12-02 17:00:00+00:00,2.6764,-2.6764,0.6606,0.030791,SHORT_SPREAD,1842.43,1109.49,732.94,0.1377,NORMAL,4.1764,-0.2676,32.12,3.4998,TIMESTOP,2.0,0.0,-0.009901,0.003,-0.012901,-23.77,2.3441,3.4998,0.030791,0.002247,False
47,2020-12-05 01:00:00+00:00,2020-12-05 03:00:00+00:00,-2.6418,2.6418,0.6623,-0.02953,LONG_SPREAD,909.3,547.03,362.28,0.1377,NORMAL,4.1418,0.2642,31.7,-0.5249,TIMESTOP,2.0,21.0,0.024592,0.003,0.021592,40.63,-0.5249,-2.6418,-0.02953,0.002372,True
48,2020-12-15 08:00:00+00:00,2020-12-15 10:00:00+00:00,4.0891,-4.0891,0.6544,0.034939,SHORT_SPREAD,2814.96,1701.48,1113.47,0.1377,STRONG,5.0,-0.4089,49.07,3.4485,TIMESTOP,2.0,0.0,0.004383,0.003,0.001383,3.89,3.4485,4.5701,0.034939,0.002559,True
49,2020-12-15 11:00:00+00:00,2020-12-15 13:00:00+00:00,2.6333,-2.6333,0.6624,0.023489,SHORT_SPREAD,906.4,545.23,361.17,0.1377,NORMAL,4.1333,-0.2633,31.6,0.8752,TIMESTOP,2.0,12.94,0.015778,0.003,0.012778,24.52,0.8752,2.6333,0.023489,0.00256,True
50,2020-12-15 16:00:00+00:00,2020-12-15 18:00:00+00:00,2.3702,-2.3702,0.6672,0.021444,SHORT_SPREAD,815.83,489.35,326.48,0.1377,NORMAL,3.8702,-0.237,28.44,0.8877,TIMESTOP,2.0,9.68,0.013361,0.003,0.010361,18.13,0.8877,2.3702,0.021444,0.002572,True
51,2020-12-17 13:00:00+00:00,2020-12-17 15:00:00+00:00,2.3458,-2.3458,0.6719,0.020709,SHORT_SPREAD,807.42,482.95,324.47,0.1377,NORMAL,3.8458,-0.2346,28.15,0.4918,TIMESTOP,2.0,9.31,0.015941,0.003,0.012941,19.76,0.4918,2.3458,0.020709,0.002425,True
52,2020-12-17 17:00:00+00:00,2020-12-17 19:00:00+00:00,-2.5646,2.5646,0.6707,-0.021449,LONG_SPREAD,1765.47,1056.74,708.74,0.1377,NORMAL,4.0646,0.2565,30.78,-1.2899,TIMESTOP,2.0,0.0,0.011097,0.003,0.008097,14.3,-1.2899,-2.5646,-0.021449,0.002406,True
53,2020-12-17 21:00:00+00:00,2020-12-17 23:00:00+00:00,-2.0879,2.0879,0.6681,-0.017339,LONG_SPREAD,718.66,430.82,287.84,0.1377,NORMAL,3.5879,0.2088,25.05,-0.0487,TIMESTOP,2.0,6.06,0.017686,0.003,0.014686,16.62,-0.0487,-2.0879,-0.017339,0.00243,True
54,2020-12-18 04:00:00+00:00,2020-12-18 06:00:00+00:00,-2.2927,2.2927,0.6673,-0.018766,LONG_SPREAD,789.17,473.33,315.83,0.1377,NORMAL,3.7927,0.2293,27.51,-0.6008,TIMESTOP,2.0,9.82,0.01422,0.003,0.01122,18.68,-0.6008,-2.2927,-0.018766,0.002448,True
55,2020-12-21 07:00:00+00:00,2020-12-21 09:00:00+00:00,3.5085,-3.5085,0.6661,0.028381,SHORT_SPREAD,1207.63,724.82,482.8,0.1377,STRONG,5.0,-0.3508,42.1,-1.3756,TIMESTOP,2.0,31.32,0.039867,0.003,0.036867,75.84,-1.3756,3.5085,0.028381,0.002565,True
56,2020-12-21 10:00:00+00:00,2020-12-21 12:00:00+00:00,-3.0471,3.0471,0.6666,-0.024372,LONG_SPREAD,2097.64,1258.65,838.99,0.1377,STRONG,4.5471,0.3047,36.57,-1.8882,TIMESTOP,2.0,0.0,0.009214,0.003,0.006214,13.03,-1.8882,-3.0471,-0.024372,0.002591,True
57,2020-12-22 10:00:00+00:00,2020-12-22 12:00:00+00:00,2.1411,-2.1411,0.667,0.017673,SHORT_SPREAD,1473.97,884.21,589.76,0.1377,NORMAL,3.6411,-0.2141,25.69,1.2826,TIMESTOP,2.0,0.0,0.006937,0.003,0.003937,5.8,1.2826,2.7742,0.017673,0.002684,True
58,2020-12-23 21:00:00+00:00,2020-12-23 23:00:00+00:00,4.3351,-4.3351,0.6726,0.034509,SHORT_SPREAD,2984.3,1784.24,1200.06,0.1377,STRONG,5.0,-0.4335,52.02,-1.7711,TIMESTOP,2.0,0.0,0.049931,0.003,0.046931,140.06,-1.7711,5.0,0.034509,0.002747,True
59,2020-12-24 02:00:00+00:00,2020-12-24 04:00:00+00:00,3.6619,-3.6619,0.662,0.030619,SHORT_SPREAD,2520.88,1516.73,1004.15,0.1377,STRONG,5.0,-0.3662,43.94,2.563,TIMESTOP,2.0,0.0,0.00882,0.003,0.00582,14.67,2.1008,3.6619,0.030619,0.002739,True
60,2020-12-24 05:00:00+00:00,2020-12-24 07:00:00+00:00,3.3342,-3.3342,0.6626,0.028596,SHORT_SPREAD,2295.29,1380.57,914.72,0.1377,STRONG,4.8342,-0.3334,40.01,2.0041,TIMESTOP,2.0,0.0,0.010886,0.003,0.007886,18.1,2.0041,4.046,0.028596,0.002768,True
61,2020-12-24 16:00:00+00:00,2020-12-24 18:00:00+00:00,2.9974,-2.9974,0.6736,0.027159,SHORT_SPREAD,1031.72,616.47,415.24,0.1377,NORMAL,4.4974,-0.2997,35.97,-0.8464,TIMESTOP,2.0,34.01,0.03446,0.003,0.03146,66.46,-0.8464,2.9974,0.027159,0.002709,True
62,2020-12-24 23:00:00+00:00,2020-12-25 01:00:00+00:00,-2.8375,2.8375,0.6673,-0.024615,LONG_SPREAD,1953.37,1171.6,781.77,0.1377,NORMAL,4.3375,0.2838,34.05,-1.1885,TIMESTOP,2.0,0.0,0.014754,0.003,0.011754,22.96,-1.1885,-2.8375,-0.024615,0.002602,True
63,2020-12-26 11:00:00+00:00,2020-12-26 13:00:00+00:00,2.6683,-2.6683,0.6667,0.024552,SHORT_SPREAD,918.43,551.05,367.38,0.1377,NORMAL,4.1683,-0.2668,32.02,0.9784,TIMESTOP,2.0,12.35,0.014949,0.003,0.011949,23.33,0.9784,2.6683,0.024552,0.002612,True
64,2020-12-27 14:00:00+00:00,2020-12-27 16:00:00+00:00,-5.0,5.0,0.6552,-0.052185,LONG_SPREAD,2753.62,1663.6,1090.02,0.1377,STRONG,5.0,0.5,60.0,-4.1778,TIMESTOP,2.0,0.0,0.011781,0.003,0.008781,24.18,-4.1778,-5.0,-0.052185,0.00256,True
65,2020-12-27 17:00:00+00:00,2020-12-27 19:00:00+00:00,-3.7283,3.7283,0.6169,-0.036627,LONG_SPREAD,2566.6,1587.38,979.22,0.1377,STRONG,5.0,0.3728,44.74,-1.6289,TIMESTOP,2.0,0.0,0.021127,0.003,0.018127,46.52,-1.6289,-3.7283,-0.036627,0.002305,True
66,2020-12-28 06:00:00+00:00,2020-12-28 08:00:00+00:00,4.5411,-4.5411,0.6159,0.0479,SHORT_SPREAD,2500.91,1547.65,953.26,0.1377,STRONG,5.0,-0.4541,54.49,5.0,TIMESTOP,2.0,0.0,-0.00752,0.003,-0.01052,-26.31,3.4529,5.0,0.0479,0.002278,False
67,2020-12-28 09:00:00+00:00,2020-12-28 11:00:00+00:00,4.6705,-4.6705,0.6329,0.052532,SHORT_SPREAD,2572.17,1575.22,996.95,0.1377,STRONG,5.0,-0.4671,56.05,3.1016,TIMESTOP,2.0,0.0,0.016229,0.003,0.013229,34.03,3.1016,4.6705,0.052532,0.002253,True
68,2020-12-28 12:00:00+00:00,2020-12-28 14:00:00+00:00,2.6185,-2.6185,0.642,0.031221,SHORT_SPREAD,1802.59,1097.78,704.81,0.1377,NORMAL,4.1185,-0.2619,31.42,5.0,STOPLOSS,2.0,0.0,-0.040847,0.003,-0.043847,-79.04,2.4033,5.0,0.031221,0.002259,False
69,2020-12-28 16:00:00+00:00,2020-12-28 18:00:00+00:00,2.7655,-2.7655,0.6597,0.036289,SHORT_SPREAD,951.91,573.53,378.37,0.1377,NORMAL,4.2655,-0.2766,33.19,0.3031,TIMESTOP,2.0,28.19,0.031115,0.003,0.028115,54.95,0.3031,2.7655,0.036289,0.002262,True
70,2020-12-29 00:00:00+00:00,2020-12-29 02:00:00+00:00,2.3767,-2.3767,0.6742,0.032866,SHORT_SPREAD,1636.14,977.29,658.85,0.1377,NORMAL,3.8767,-0.2377,28.52,4.8799,STOPLOSS,2.0,0.0,-0.03433,0.003,-0.03733,-61.08,2.3767,4.8799,0.032866,0.00225,False
71,2020-12-29 12:00:00+00:00,2020-12-29 14:00:00+00:00,2.3427,-2.3427,0.6887,0.034416,SHORT_SPREAD,806.36,477.51,328.85,0.1377,NORMAL,3.8427,-0.2343,28.11,0.1202,TIMESTOP,2.0,23.32,0.030425,0.003,0.027425,45.44,0.1202,2.3427,0.034416,0.002315,True
72,2020-12-29 16:00:00+00:00,2020-12-29 18:00:00+00:00,3.6366,-3.6366,0.6899,0.053023,SHORT_SPREAD,2002.76,1185.11,817.66,0.1377,STRONG,5.0,-0.3637,43.64,5.0,TIMESTOP,2.0,0.0,-0.034054,0.003,-0.037054,-74.21,3.055,5.0,0.053023,0.00235,False
73,2020-12-29 20:00:00+00:00,2020-12-29 22:00:00+00:00,3.382,-3.382,0.7077,0.05417,SHORT_SPREAD,1862.55,1090.68,771.87,0.1377,STRONG,4.882,-0.3382,40.58,3.4345,TIMESTOP,2.0,0.0,-0.001904,0.003,-0.004904,-9.13,2.5099,3.4345,0.05417,0.002368,False
74,2020-12-29 23:00:00+00:00,2020-12-30 01:00:00+00:00,3.2865,-3.2865,0.7229,0.054454,SHORT_SPREAD,1809.98,1050.52,759.47,0.1377,STRONG,4.7865,-0.3287,39.44,3.2767,TIMESTOP,2.0,0.0,-0.000599,0.003,-0.003599,-6.51,1.2702,3.2865,0.054454,0.002359,False
75,2020-12-30 16:00:00+00:00,2020-12-30 18:00:00+00:00,2.2205,-2.2205,0.7358,0.039176,SHORT_SPREAD,764.29,440.32,323.98,0.1377,NORMAL,3.7205,-0.222,26.65,0.2559,TIMESTOP,2.0,14.43,0.031563,0.003,0.028563,36.26,0.2559,2.2205,0.039176,0.002413,True
76,2020-12-31 06:00:00+00:00,2020-12-31 08:00:00+00:00,2.6123,-2.6123,0.7545,0.048223,SHORT_SPREAD,1438.66,819.98,618.68,0.1377,NORMAL,4.1123,-0.2612,31.35,1.0174,TIMESTOP,2.0,0.0,0.026865,0.003,0.023865,34.33,1.0174,2.6123,0.048223,0.002454,True
77,2020-12-31 19:00:00+00:00,2020-12-31 21:00:00+00:00,2.5468,-2.5468,0.7771,0.048422,SHORT_SPREAD,1402.61,789.28,613.34,0.1377,NORMAL,4.0468,-0.2547,30.56,2.1789,TIMESTOP,2.0,0.0,0.00559,0.003,0.00259,3.63,2.1789,3.0807,0.048422,0.002441,True
78,2021-01-01 00:00:00+00:00,2021-01-01 02:00:00+00:00,2.9472,-2.9472,0.8013,0.059095,SHORT_SPREAD,811.55,450.53,361.02,0.1377,NORMAL,4.4472,-0.2947,35.37,-0.42,TIMESTOP,2.0,49.85,0.062928,0.003,0.059928,98.49,-0.42,2.9472,0.059095,0.002455,True
79,2021-01-01 13:00:00+00:00,2021-01-01 15:00:00+00:00,-3.3026,3.3026,0.7795,-0.056202,LONG_SPREAD,1818.82,1022.1,796.72,0.1377,STRONG,4.8026,0.3303,39.63,-2.9423,TIMESTOP,2.0,0.0,0.005692,0.003,0.002692,4.9,-2.7249,-3.3026,-0.056202,0.002374,True
80,2021-01-01 16:00:00+00:00,2021-01-01 18:00:00+00:00,-2.7648,2.7648,0.7602,-0.047617,LONG_SPREAD,1522.66,865.04,657.62,0.1377,NORMAL,4.2648,0.2765,33.18,-1.0053,TIMESTOP,2.0,0.0,0.033815,0.003,0.030815,46.92,-1.0053,-3.1332,-0.047617,0.002333,True
81,2021-01-01 21:00:00+00:00,2021-01-01 23:00:00+00:00,-2.1548,2.1548,0.7481,-0.03704,LONG_SPREAD,741.7,424.3,317.41,0.1377,NORMAL,3.6548,0.2155,25.86,-0.3403,TIMESTOP,2.0,21.0,0.035936,0.003,0.032936,45.43,-0.3403,-2.1548,-0.03704,0.002342,True
82,2021-01-02 03:00:00+00:00,2021-01-02 05:00:00+00:00,2.017,-2.017,0.7529,0.044578,SHORT_SPREAD,555.41,316.85,238.56,0.1377,NORMAL,3.517,-0.2017,24.2,0.14,TIMESTOP,2.0,15.56,0.03743,0.003,0.03443,34.68,0.14,2.017,0.044578,0.002371,True
83,2021-01-02 13:00:00+00:00,2021-01-02 15:00:00+00:00,2.3407,-2.3407,0.7678,0.051604,SHORT_SPREAD,1289.08,729.19,559.89,0.1377,NORMAL,3.8407,-0.2341,28.09,2.2888,TIMESTOP,2.0,0.0,0.000432,0.003,-0.002568,-3.31,1.9599,2.3407,0.051604,0.002373,False
84,2021-01-02 17:00:00+00:00,2021-01-02 19:00:00+00:00,2.545,-2.545,0.7869,0.056833,SHORT_SPREAD,700.79,392.18,308.61,0.1377,NORMAL,4.045,-0.2545,30.54,-0.1295,TIMESTOP,2.0,37.61,0.055166,0.003,0.052166,74.17,-0.1295,2.545,0.056833,0.002347,True
85,2021-01-02 20:00:00+00:00,2021-01-02 22:00:00+00:00,-2.301,2.301,0.789,-0.040865,LONG_SPREAD,633.6,354.15,279.44,0.1377,NORMAL,3.801,0.2301,27.61,0.1199,TIMESTOP,2.0,30.52,0.050201,0.003,0.047201,60.42,0.1199,-2.301,-0.040865,0.002338,True
86,2021-01-03 15:00:00+00:00,2021-01-03 17:00:00+00:00,-2.4841,2.4841,0.7669,-0.045985,LONG_SPREAD,684.04,387.15,296.89,0.1377,NORMAL,3.9841,0.2484,29.81,1.0076,TIMESTOP,2.0,27.53,0.074796,0.003,0.071796,76.64,1.0076,-2.4841,-0.045985,0.002228,True
87,2021-01-04 05:00:00+00:00,2021-01-04 07:00:00+00:00,-2.256,2.256,0.7669,-0.041428,LONG_SPREAD,1242.43,703.17,539.26,0.1377,NORMAL,3.756,0.2256,27.07,-2.155,TIMESTOP,2.0,0.0,0.001587,0.003,-0.001413,-1.76,-1.8005,-2.256,-0.041428,0.001998,False
88,2021-01-06 16:00:00+00:00,2021-01-06 18:00:00+00:00,-2.1367,2.1367,0.7163,-0.042156,LONG_SPREAD,588.37,342.82,245.55,0.1377,NORMAL,3.6367,0.2137,25.64,-0.3395,TIMESTOP,2.0,22.41,0.039585,0.003,0.036585,43.93,-0.3395,-2.1367,-0.042156,0.001798,True
89,2021-01-11 05:00:00+00:00,2021-01-11 07:00:00+00:00,-2.4302,2.4302,0.6758,-0.051209,LONG_SPREAD,669.2,399.34,269.86,0.1377,NORMAL,3.9302,0.243,29.16,0.2282,TIMESTOP,2.0,40.01,0.061293,0.003,0.058293,79.02,0.2282,-2.4302,-0.051209,0.001783,True
90,2021-01-13 04:00:00+00:00,2021-01-13 06:00:00+00:00,2.0586,-2.0586,0.697,0.050097,SHORT_SPREAD,566.86,334.03,232.83,0.1377,NORMAL,3.5586,-0.2059,24.7,1.0213,TIMESTOP,2.0,15.81,0.023566,0.003,0.020566,27.47,0.7741,2.0586,0.050097,0.001831,True
91,2021-01-14 00:00:00+00:00,2021-01-14 02:00:00+00:00,2.3124,-2.3124,0.7714,0.059123,SHORT_SPREAD,1273.5,718.92,554.58,0.1377,NORMAL,3.8124,-0.2312,27.75,1.8615,TIMESTOP,2.0,0.0,0.010307,0.003,0.007307,9.31,1.3156,2.3124,0.059123,0.001668,True
92,2021-01-14 10:00:00+00:00,2021-01-14 12:00:00+00:00,2.1516,-2.1516,0.7882,0.055753,SHORT_SPREAD,1184.95,662.66,522.3,0.1377,NORMAL,3.6516,-0.2152,25.82,2.5569,TIMESTOP,2.0,0.0,-0.010606,0.003,-0.013606,-16.12,2.1516,2.5698,0.055753,0.001683,False
93,2021-01-15 00:00:00+00:00,2021-01-15 02:00:00+00:00,2.1018,-2.1018,0.8268,0.056802,SHORT_SPREAD,578.76,316.81,261.94,0.1377,NORMAL,3.6018,-0.2102,25.22,0.3803,TIMESTOP,2.0,23.98,0.042931,0.003,0.039931,47.09,0.3803,2.1018,0.056802,0.00157,True
94,2021-01-15 19:00:00+00:00,2021-01-15 21:00:00+00:00,-2.262,2.262,0.7801,-0.053813,LONG_SPREAD,622.86,349.89,272.97,0.1377,NORMAL,3.762,0.2262,27.14,-1.4695,TIMESTOP,2.0,28.95,0.020523,0.003,0.017523,39.86,-0.4482,-2.262,-0.053813,0.001459,True
95,2021-01-15 22:00:00+00:00,2021-01-16 00:00:00+00:00,-2.3739,2.3739,0.7664,-0.057395,LONG_SPREAD,1307.36,740.11,567.25,0.1377,NORMAL,3.8739,0.2374,28.49,1.9457,TIMESTOP,2.0,0.0,0.119466,0.003,0.116466,152.26,1.9457,-2.3739,-0.057395,0.001422,True
96,2021-01-16 10:00:00+00:00,2021-01-16 12:00:00+00:00,2.0703,-2.0703,0.7944,0.059872,SHORT_SPREAD,1140.16,635.41,504.75,0.1377,NORMAL,3.5703,-0.207,24.84,1.8788,TIMESTOP,2.0,0.0,0.004272,0.003,0.001272,1.45,1.8788,3.0861,0.059872,0.001325,True
97,2021-02-03 12:00:00+00:00,2021-02-03 14:00:00+00:00,2.3254,-2.3254,0.7855,0.054294,SHORT_SPREAD,1280.66,717.25,563.41,0.1377,NORMAL,3.8254,-0.2325,27.9,1.6377,TIMESTOP,2.0,0.0,0.015167,0.003,0.012167,15.58,1.6377,2.6622,0.054294,0.001404,True
98,2021-02-03 22:00:00+00:00,2021-02-04 00:00:00+00:00,2.0703,-2.0703,0.8124,0.047492,SHORT_SPREAD,1140.15,629.08,511.08,0.1377,NORMAL,3.5703,-0.207,24.84,1.401,TIMESTOP,2.0,0.0,0.014917,0.003,0.011917,13.59,1.401,2.0703,0.047492,0.001397,True
99,2021-02-08 09:00:00+00:00,2021-02-08 10:00:00+00:00,2.5338,-2.5338,0.8186,0.036186,SHORT_SPREAD,1744.28,959.14,785.14,0.1377,NORMAL,4.0338,-0.2534,30.41,4.835,STOPLOSS,1.0,0.0,-0.03364,0.003,-0.03664,-63.91,2.5338,4.835,0.036186,0.001459,False
100,2021-02-08 11:00:00+00:00,2021-02-08 13:00:00+00:00,3.3609,-3.3609,0.8318,0.049774,SHORT_SPREAD,1850.92,1010.46,840.46,0.1377,STRONG,4.8609,-0.3361,40.33,2.2528,TIMESTOP,2.0,0.0,0.015887,0.003,0.012887,23.85,1.9425,3.3609,0.049774,0.001445,True
101,2021-02-08 14:00:00+00:00,2021-02-08 16:00:00+00:00,2.317,-2.317,0.8404,0.035205,SHORT_SPREAD,1595.04,866.66,728.38,0.1377,NORMAL,3.817,-0.2317,27.8,1.6058,TIMESTOP,2.0,0.0,0.010385,0.003,0.007385,11.78,1.5996,2.317,0.035205,0.001442,True
102,2021-02-08 21:00:00+00:00,2021-02-08 23:00:00+00:00,2.2045,-2.2045,0.853,0.034214,SHORT_SPREAD,758.78,409.49,349.29,0.1377,NORMAL,3.7045,-0.2204,26.45,-0.5221,TIMESTOP,2.0,30.22,0.041325,0.003,0.038325,59.3,-0.5221,2.2045,0.034214,0.001448,True
103,2021-02-09 17:00:00+00:00,2021-02-09 19:00:00+00:00,-3.1006,3.1006,0.8456,-0.045467,LONG_SPREAD,853.79,462.6,391.19,0.1377,STRONG,4.6006,0.3101,37.21,-0.3092,TIMESTOP,2.0,28.56,0.042845,0.003,0.039845,62.57,-0.3092,-3.1006,-0.045467,0.00144,True
104,2021-02-11 02:00:00+00:00,2021-02-11 05:00:00+00:00,2.9636,-2.9636,0.8496,0.043469,SHORT_SPREAD,816.05,441.19,374.86,0.1377,NORMAL,4.4636,-0.2964,35.56,0.4748,TIMESTOP,3.0,28.33,0.036213,0.003,0.033213,55.43,0.4748,2.9636,0.043469,0.001423,True
105,2021-02-13 18:00:00+00:00,2021-02-13 20:00:00+00:00,-2.4322,2.4322,0.8622,-0.032723,LONG_SPREAD,1674.37,899.11,775.26,0.1377,NORMAL,3.9322,0.2432,29.19,-1.6479,TIMESTOP,2.0,0.0,0.010932,0.003,0.007932,13.28,-1.6479,-2.4322,-0.032723,0.001339,True
106,2021-02-13 22:00:00+00:00,2021-02-14 00:00:00+00:00,-3.7281,3.7281,0.8383,-0.05398,LONG_SPREAD,2053.13,1116.85,936.28,0.1377,STRONG,5.0,0.3728,44.74,1.0499,TIMESTOP,2.0,0.0,0.07355,0.003,0.07055,144.85,1.0499,-3.7281,-0.05398,0.001289,True
107,2021-02-14 03:00:00+00:00,2021-02-14 05:00:00+00:00,-2.0579,2.0579,0.8303,-0.029726,LONG_SPREAD,708.35,387.0,321.35,0.1377,NORMAL,3.5579,0.2058,24.7,0.2875,TIMESTOP,2.0,24.28,0.035781,0.003,0.032781,47.5,0.2875,-2.0579,-0.029726,0.00126,True
108,2021-02-16 08:00:00+00:00,2021-02-16 10:00:00+00:00,3.2198,-3.2198,0.8501,0.050929,SHORT_SPREAD,1773.24,958.47,814.77,0.1377,STRONG,4.7198,-0.322,38.64,1.5958,TIMESTOP,2.0,0.0,0.024842,0.003,0.021842,38.73,1.5958,3.2198,0.050929,0.001288,True
109,2021-02-17 02:00:00+00:00,2021-02-17 04:00:00+00:00,3.0394,-3.0394,0.8678,0.049784,SHORT_SPREAD,836.93,448.09,388.84,0.1377,STRONG,4.5394,-0.3039,36.47,0.4665,TIMESTOP,2.0,32.93,0.04085,0.003,0.03785,64.61,0.4665,3.0956,0.049784,0.001327,True
110,2021-02-17 17:00:00+00:00,2021-02-17 19:00:00+00:00,2.281,-2.281,0.8671,0.038665,SHORT_SPREAD,785.14,420.5,364.63,0.1377,NORMAL,3.781,-0.2281,27.37,0.6032,TIMESTOP,2.0,20.32,0.026945,0.003,0.023945,39.12,0.5784,2.281,0.038665,0.001324,True
111,2021-02-19 08:00:00+00:00,2021-02-19 10:00:00+00:00,2.78,-2.78,0.8661,0.046872,SHORT_SPREAD,765.51,410.23,355.29,0.1377,NORMAL,4.28,-0.278,33.36,-0.631,TIMESTOP,2.0,39.71,0.056087,0.003,0.053087,80.35,-0.631,2.78,0.046872,0.001334,True
112,2021-02-20 02:00:00+00:00,2021-02-20 04:00:00+00:00,2.2878,-2.2878,0.8887,0.041521,SHORT_SPREAD,629.97,333.55,296.42,0.1377,NORMAL,3.7878,-0.2288,27.45,1.6963,TIMESTOP,2.0,21.55,0.009915,0.003,0.006915,25.91,0.212,2.2878,0.041521,0.001298,True
113,2021-02-20 16:00:00+00:00,2021-02-20 18:00:00+00:00,2.0462,-2.0462,0.9028,0.038198,SHORT_SPREAD,1408.62,740.28,668.34,0.1377,NORMAL,3.5462,-0.2046,24.55,1.1684,TIMESTOP,2.0,0.0,0.01484,0.003,0.01184,16.68,1.1684,2.3144,0.038198,0.00128,True
114,2021-02-23 04:00:00+00:00,2021-02-23 06:00:00+00:00,2.1122,-2.1122,0.9218,0.040513,SHORT_SPREAD,581.61,302.64,278.97,0.1377,NORMAL,3.6122,-0.2112,25.35,2.6175,TIMESTOP,2.0,13.79,-0.00914,0.003,-0.01214,6.73,0.6675,2.6175,0.040513,0.001423,False
115,2021-02-24 15:00:00+00:00,2021-02-24 17:00:00+00:00,-2.9103,2.9103,0.9163,-0.047606,LONG_SPREAD,1602.76,836.37,766.39,0.1377,NORMAL,4.4103,0.291,34.92,-3.3871,TIMESTOP,2.0,0.0,-0.009747,0.003,-0.012747,-20.43,-2.9103,-3.3871,-0.047606,0.001356,False
116,2021-02-26 07:00:00+00:00,2021-02-26 09:00:00+00:00,-2.207,2.207,0.9024,-0.035644,LONG_SPREAD,759.65,399.31,360.34,0.1377,NORMAL,3.707,0.2207,26.48,0.1403,TIMESTOP,2.0,30.68,0.04189,0.003,0.03889,60.22,0.1403,-2.207,-0.035644,0.00145,True
117,2021-02-27 00:00:00+00:00,2021-02-27 02:00:00+00:00,2.4899,-2.4899,0.9139,0.047242,SHORT_SPREAD,685.63,358.23,327.39,0.1377,NORMAL,3.9899,-0.249,29.88,0.374,TIMESTOP,2.0,25.1,0.038108,0.003,0.035108,49.17,0.374,2.4899,0.047242,0.00142,True
118,2021-02-28 02:00:00+00:00,2021-02-28 04:00:00+00:00,-2.0999,2.0999,0.9166,-0.035431,LONG_SPREAD,722.79,377.11,345.68,0.1377,NORMAL,3.5999,0.21,25.2,0.0548,TIMESTOP,2.0,14.79,0.040317,0.003,0.037317,41.76,0.0548,-2.0999,-0.035431,0.00141,True
119,2021-03-02 03:00:00+00:00,2021-03-02 05:00:00+00:00,-2.4927,2.4927,0.915,-0.042343,LONG_SPREAD,686.38,358.42,327.96,0.1377,NORMAL,3.9927,0.2493,29.91,-0.4771,TIMESTOP,2.0,17.64,0.036755,0.003,0.033755,40.81,-0.4771,-2.4927,-0.042343,0.001346,True
120,2021-03-03 00:00:00+00:00,2021-03-03 02:00:00+00:00,2.2659,-2.2659,0.9162,0.043073,SHORT_SPREAD,623.96,325.62,298.34,0.1377,NORMAL,3.7659,-0.2266,27.19,-0.9123,TIMESTOP,2.0,35.38,0.058203,0.003,0.055203,69.83,-0.9123,2.2659,0.043073,0.001353,True
121,2021-03-09 16:00:00+00:00,2021-03-09 18:00:00+00:00,2.6585,-2.6585,0.8862,0.045378,SHORT_SPREAD,1464.12,776.21,687.9,0.1377,NORMAL,4.1585,-0.2659,31.9,1.3374,TIMESTOP,2.0,0.0,0.021955,0.003,0.018955,27.75,1.2898,2.6585,0.045378,0.001359,True
122,2021-03-17 14:00:00+00:00,2021-03-17 16:00:00+00:00,-3.2643,3.2643,0.8852,-0.045499,LONG_SPREAD,1797.73,953.62,844.11,0.1377,STRONG,4.7643,0.3264,39.17,-2.7197,TIMESTOP,2.0,0.0,0.007067,0.003,0.004067,7.31,-2.7197,-3.9174,-0.045499,0.001511,True
123,2021-03-17 17:00:00+00:00,2021-03-17 19:00:00+00:00,-2.0475,2.0475,0.8697,-0.02876,LONG_SPREAD,704.77,376.95,327.82,0.1377,NORMAL,3.5475,0.2048,24.57,-0.4853,TIMESTOP,2.0,17.83,0.022196,0.003,0.019196,31.36,-0.153,-2.0475,-0.02876,0.001475,True
124,2021-03-19 13:00:00+00:00,2021-03-19 15:00:00+00:00,3.868,-3.868,0.8819,0.052746,SHORT_SPREAD,2130.22,1131.97,998.25,0.1377,STRONG,5.0,-0.3868,46.42,1.8976,TIMESTOP,2.0,0.0,0.026716,0.003,0.023716,50.52,1.8976,3.868,0.052746,0.001496,True
125,2021-03-24 23:00:00+00:00,2021-03-25 01:00:00+00:00,-2.9916,2.9916,0.8894,-0.036935,LONG_SPREAD,2059.44,1089.99,969.45,0.1377,NORMAL,4.4916,0.2992,35.9,-5.0,STOPLOSS,2.0,0.0,-0.027343,0.003,-0.030343,-62.49,-2.1171,-5.0,-0.036935,0.001698,False
126,2021-03-25 12:00:00+00:00,2021-03-25 14:00:00+00:00,-2.6094,2.6094,0.88,-0.033768,LONG_SPREAD,1796.31,955.49,840.81,0.1377,NORMAL,4.1094,0.2609,31.31,-1.1757,TIMESTOP,2.0,0.0,0.018381,0.003,0.015381,27.63,-1.1757,-2.6094,-0.033768,0.001717,True
127,2021-03-31 12:00:00+00:00,2021-03-31 14:00:00+00:00,4.447,-4.447,0.9069,0.054632,SHORT_SPREAD,2449.08,1284.36,1164.72,0.1377,STRONG,5.0,-0.4447,53.36,2.8417,TIMESTOP,2.0,0.0,0.019269,0.003,0.016269,39.84,2.5213,4.447,0.054632,0.001737,True
128,2021-03-31 16:00:00+00:00,2021-03-31 18:00:00+00:00,4.1266,-4.1266,0.9171,0.052486,SHORT_SPREAD,1136.3,592.71,543.59,0.1377,STRONG,5.0,-0.4127,49.52,-2.2302,TIMESTOP,2.0,47.98,0.08382,0.003,0.08082,139.82,-2.2302,4.1266,0.052486,0.001734,True
129,2021-03-31 19:00:00+00:00,2021-03-31 21:00:00+00:00,-2.2516,2.2516,0.9119,-0.028481,LONG_SPREAD,1550.01,810.72,739.28,0.1377,NORMAL,3.7516,0.2252,27.02,-2.797,TIMESTOP,2.0,0.0,-0.007461,0.003,-0.010461,-16.21,-1.952,-2.797,-0.028481,0.001722,False
130,2021-03-31 22:00:00+00:00,2021-04-01 00:00:00+00:00,-2.0432,2.0432,0.9026,-0.026408,LONG_SPREAD,1406.55,739.26,667.28,0.1377,NORMAL,3.5432,0.2043,24.52,-2.8149,TIMESTOP,2.0,0.0,-0.010391,0.003,-0.013391,-18.84,-1.6192,-2.8149,-0.026408,0.001704,False
131,2021-04-01 01:00:00+00:00,2021-04-01 03:00:00+00:00,-2.4857,2.4857,0.8915,-0.032813,LONG_SPREAD,1711.14,904.66,806.47,0.1377,NORMAL,3.9857,0.2486,29.83,-1.2111,TIMESTOP,2.0,0.0,0.016801,0.003,0.013801,23.62,-1.2111,-2.4857,-0.032813,0.001668,True
132,2021-04-03 01:00:00+00:00,2021-04-03 03:00:00+00:00,3.4337,-3.4337,0.9051,0.047699,SHORT_SPREAD,1891.0,992.61,898.39,0.1377,STRONG,4.9337,-0.3434,41.2,2.7592,TIMESTOP,2.0,0.0,0.008508,0.003,0.005508,10.42,2.7592,3.4337,0.047699,0.001606,True
133,2021-04-03 04:00:00+00:00,2021-04-03 06:00:00+00:00,2.5745,-2.5745,0.9148,0.036948,SHORT_SPREAD,1772.29,925.55,846.74,0.1377,NORMAL,4.0745,-0.2574,30.89,3.0581,TIMESTOP,2.0,0.0,-0.0074,0.003,-0.0104,-18.43,1.4583,3.0581,0.036948,0.001608,False
134,2021-04-04 01:00:00+00:00,2021-04-04 03:00:00+00:00,2.5018,-2.5018,0.9315,0.037312,SHORT_SPREAD,1722.25,891.65,830.6,0.1377,NORMAL,4.0018,-0.2502,30.02,1.3601,TIMESTOP,2.0,0.0,0.016591,0.003,0.013591,23.41,1.3601,2.5018,0.037312,0.001675,True
135,2021-04-06 12:00:00+00:00,2021-04-06 14:00:00+00:00,-3.6244,3.6244,0.9099,-0.053388,LONG_SPREAD,1996.05,1045.12,950.93,0.1377,STRONG,5.0,0.3624,43.49,-1.4023,TIMESTOP,2.0,0.0,0.033489,0.003,0.030489,60.86,-1.4023,-3.6244,-0.053388,0.001625,True
136,2021-04-11 15:00:00+00:00,2021-04-11 17:00:00+00:00,-2.4475,2.4475,0.8795,-0.033802,LONG_SPREAD,842.43,448.21,394.21,0.1377,NORMAL,3.9475,0.2447,29.37,-0.5269,TIMESTOP,2.0,21.0,0.02681,0.003,0.02381,41.06,-0.5269,-2.4475,-0.033802,0.001663,True
137,2021-04-14 01:00:00+00:00,2021-04-14 03:00:00+00:00,-2.1722,2.1722,0.8676,-0.030454,LONG_SPREAD,747.68,400.35,347.33,0.1377,NORMAL,3.6722,0.2172,26.07,0.613,TIMESTOP,2.0,28.37,0.039449,0.003,0.036449,55.63,0.613,-2.1722,-0.030454,0.001607,True
138,2021-04-14 11:00:00+00:00,2021-04-14 13:00:00+00:00,-2.1645,2.1645,0.8607,-0.030862,LONG_SPREAD,745.04,400.41,344.63,0.1377,NORMAL,3.6645,0.2165,25.97,-0.6347,TIMESTOP,2.0,13.94,0.021623,0.003,0.018623,27.82,-0.6347,-2.1645,-0.030862,0.00158,True
139,2021-04-14 16:00:00+00:00,2021-04-14 18:00:00+00:00,-2.4553,2.4553,0.8538,-0.035303,LONG_SPREAD,1690.26,911.77,778.5,0.1377,NORMAL,3.9553,0.2455,29.46,-2.0957,TIMESTOP,2.0,0.0,0.004784,0.003,0.001784,3.02,-1.9824,-2.4553,-0.035303,0.00158,True
140,2021-04-14 20:00:00+00:00,2021-04-14 22:00:00+00:00,-3.295,3.295,0.8402,-0.048243,LONG_SPREAD,907.31,493.05,414.26,0.1377,STRONG,4.795,0.3295,39.54,-0.707,TIMESTOP,2.0,33.54,0.038471,0.003,0.035471,65.73,-0.707,-3.295,-0.048243,0.001552,True
141,2021-04-14 23:00:00+00:00,2021-04-15 01:00:00+00:00,-2.1196,2.1196,0.8318,-0.029965,LONG_SPREAD,729.58,398.29,331.3,0.1377,NORMAL,3.6196,0.212,25.44,-0.5852,TIMESTOP,2.0,16.3,0.021774,0.003,0.018774,30.0,-0.4173,-2.1196,-0.029965,0.001509,True
142,2021-04-17 10:00:00+00:00,2021-04-17 12:00:00+00:00,3.9485,-3.9485,0.8255,0.058132,SHORT_SPREAD,1087.27,595.6,491.66,0.1377,STRONG,5.0,-0.3948,47.38,-0.0812,TIMESTOP,2.0,65.28,0.061538,0.003,0.058538,128.92,-0.0812,3.9485,0.058132,0.001464,True
143,2021-04-18 05:00:00+00:00,2021-04-18 07:00:00+00:00,-2.9763,2.9763,0.8223,-0.046255,LONG_SPREAD,1639.1,899.49,739.61,0.1377,NORMAL,4.4763,0.2976,35.72,-1.961,TIMESTOP,2.0,0.0,0.015249,0.003,0.012249,20.08,-1.961,-2.9763,-0.046255,0.00153,True
144,2021-04-18 15:00:00+00:00,2021-04-18 17:00:00+00:00,-2.3356,2.3356,0.8079,-0.037356,LONG_SPREAD,1607.81,889.32,718.49,0.1377,NORMAL,3.8356,0.2336,28.03,-1.302,TIMESTOP,2.0,0.0,0.016117,0.003,0.013117,21.09,-1.0449,-2.3356,-0.037356,0.001515,True
145,2021-04-19 00:00:00+00:00,2021-04-19 02:00:00+00:00,-2.211,2.211,0.7935,-0.036042,LONG_SPREAD,761.02,424.32,336.69,0.1377,NORMAL,3.711,0.2211,26.53,-0.7587,TIMESTOP,2.0,16.42,0.023073,0.003,0.020073,31.69,-0.7587,-2.211,-0.036042,0.001438,True
146,2021-04-23 02:00:00+00:00,2021-04-23 04:00:00+00:00,-2.6081,2.6081,0.7756,-0.040994,LONG_SPREAD,718.18,404.46,313.72,0.1377,NORMAL,4.1081,0.2608,31.3,-1.0939,TIMESTOP,2.0,19.76,0.022821,0.003,0.019821,34.0,-0.6948,-2.6081,-0.040994,0.001487,True
147,2021-04-23 13:00:00+00:00,2021-04-23 15:00:00+00:00,2.8968,-2.8968,0.7807,0.042024,SHORT_SPREAD,797.68,447.96,349.72,0.1377,NORMAL,4.3968,-0.2897,34.76,-0.4946,TIMESTOP,2.0,24.2,0.052738,0.003,0.049738,63.88,-0.4946,2.8968,0.042024,0.00152,True
148,2021-04-24 14:00:00+00:00,2021-04-24 16:00:00+00:00,-2.1529,2.1529,0.7788,-0.032934,LONG_SPREAD,741.02,416.59,324.43,0.1377,NORMAL,3.6529,0.2153,25.83,-0.9052,TIMESTOP,2.0,21.09,0.017665,0.003,0.014665,31.96,-0.051,-2.1529,-0.032934,0.001525,True
149,2021-04-29 22:00:00+00:00,2021-04-30 00:00:00+00:00,2.4508,-2.4508,0.7929,0.030377,SHORT_SPREAD,1687.17,941.02,746.14,0.1377,NORMAL,3.9508,-0.2451,29.41,2.9731,TIMESTOP,2.0,0.0,-0.007722,0.003,-0.010722,-18.09,2.4508,3.3936,0.030377,0.001478,False
150,2021-04-30 01:00:00+00:00,2021-04-30 03:00:00+00:00,2.6532,-2.6532,0.8028,0.03416,SHORT_SPREAD,913.23,506.57,406.66,0.1377,NORMAL,4.1532,-0.2653,31.84,0.2949,TIMESTOP,2.0,28.03,0.032192,0.003,0.029192,54.69,0.2949,2.6532,0.03416,0.001476,True
151,2021-05-04 14:00:00+00:00,2021-05-04 16:00:00+00:00,-2.1789,2.1789,0.7664,-0.032355,LONG_SPREAD,1499.94,849.17,650.78,0.1377,NORMAL,3.6789,0.2179,26.15,-1.7983,TIMESTOP,2.0,0.0,0.00508,0.003,0.00208,3.12,-1.7983,-2.1789,-0.032355,0.001385,True
152,2021-05-04 17:00:00+00:00,2021-05-04 19:00:00+00:00,-3.8888,3.8888,0.7544,-0.057468,LONG_SPREAD,2141.66,1220.73,920.93,0.1377,STRONG,5.0,0.3889,46.67,-1.5868,TIMESTOP,2.0,0.0,0.032823,0.003,0.029823,63.87,-1.5868,-3.8888,-0.057468,0.001371,True
153,2021-05-04 20:00:00+00:00,2021-05-04 22:00:00+00:00,-2.6553,2.6553,0.7392,-0.040786,LONG_SPREAD,731.17,420.4,310.78,0.1377,NORMAL,4.1553,0.2655,31.86,-1.4685,TIMESTOP,2.0,18.32,0.017279,0.003,0.014279,28.76,-0.8448,-2.6553,-0.040786,0.001324,True
154,2021-05-05 10:00:00+00:00,2021-05-05 12:00:00+00:00,2.2892,-2.2892,0.7339,0.03069,SHORT_SPREAD,1575.89,908.88,667.01,0.1377,NORMAL,3.7892,-0.2289,27.47,2.0032,TIMESTOP,2.0,0.0,0.003496,0.003,0.000496,0.78,2.0032,3.5591,0.03069,0.001287,True
155,2021-05-05 13:00:00+00:00,2021-05-05 15:00:00+00:00,3.8297,-3.8297,0.7432,0.054972,SHORT_SPREAD,2109.1,1209.92,899.17,0.1377,STRONG,5.0,-0.383,45.96,1.5465,TIMESTOP,2.0,0.0,0.034333,0.003,0.031333,66.08,1.5465,3.8297,0.054972,0.001293,True
156,2021-05-06 00:00:00+00:00,2021-05-06 02:00:00+00:00,2.0846,-2.0846,0.7506,0.0294,SHORT_SPREAD,717.51,409.87,307.64,0.1377,NORMAL,3.5846,-0.2085,25.01,0.588,TIMESTOP,2.0,11.79,0.022345,0.003,0.019345,25.67,0.588,2.0846,0.0294,0.001296,True
157,2021-05-06 12:00:00+00:00,2021-05-06 14:00:00+00:00,2.246,-2.246,0.7533,0.031436,SHORT_SPREAD,1546.14,881.86,664.28,0.1377,NORMAL,3.746,-0.2246,26.95,1.1867,TIMESTOP,2.0,0.0,0.015363,0.003,0.012363,19.11,1.0385,2.246,0.031436,0.001306,True
158,2021-05-09 15:00:00+00:00,2021-05-09 17:00:00+00:00,-2.1225,2.1225,0.7384,-0.028473,LONG_SPREAD,730.57,420.27,310.3,0.1377,NORMAL,3.6225,0.2122,25.47,0.9098,TIMESTOP,2.0,18.54,0.039777,0.003,0.036777,45.41,0.9098,-2.1225,-0.028473,0.001308,True
159,2021-05-10 01:00:00+00:00,2021-05-10 03:00:00+00:00,2.2562,-2.2562,0.7399,0.0279,SHORT_SPREAD,776.58,446.33,330.26,0.1377,NORMAL,3.7562,-0.2256,27.07,0.6312,TIMESTOP,2.0,15.04,0.02087,0.003,0.01787,28.92,0.6312,2.2562,0.0279,0.001294,True
160,2021-05-10 20:00:00+00:00,2021-05-10 22:00:00+00:00,-2.5757,2.5757,0.7368,-0.033311,LONG_SPREAD,886.55,510.44,376.11,0.1377,NORMAL,4.0757,0.2576,30.91,-0.3422,TIMESTOP,2.0,23.91,0.028467,0.003,0.025467,46.49,-0.3422,-2.5757,-0.033311,0.001344,True
161,2021-05-12 02:00:00+00:00,2021-05-12 04:00:00+00:00,3.8849,-3.8849,0.7444,0.048542,SHORT_SPREAD,1069.77,613.27,456.49,0.1377,STRONG,5.0,-0.3885,46.62,0.9032,TIMESTOP,2.0,39.3,0.038238,0.003,0.035238,77.0,0.9032,3.8849,0.048542,0.001337,True
162,2021-05-12 13:00:00+00:00,2021-05-12 15:00:00+00:00,2.1134,-2.1134,0.7514,0.026514,SHORT_SPREAD,727.44,415.35,312.08,0.1377,NORMAL,3.6134,-0.2113,25.36,0.7735,TIMESTOP,2.0,11.28,0.017001,0.003,0.014001,21.46,0.7735,2.1134,0.026514,0.001352,True
163,2021-05-12 23:00:00+00:00,2021-05-13 01:00:00+00:00,-2.3414,2.3414,0.7536,-0.030143,LONG_SPREAD,805.92,459.58,346.34,0.1377,NORMAL,3.8414,0.2341,28.1,-0.0572,TIMESTOP,2.0,12.9,0.029386,0.003,0.026386,34.17,-0.0572,-2.3414,-0.030143,0.001392,True
164,2021-05-13 05:00:00+00:00,2021-05-13 07:00:00+00:00,2.1357,-2.1357,0.7628,0.028876,SHORT_SPREAD,1470.23,834.04,636.18,0.1377,NORMAL,3.6357,-0.2136,25.63,1.6821,TIMESTOP,2.0,0.0,0.005665,0.003,0.002665,3.92,1.6821,3.486,0.028876,0.001402,True
165,2021-05-13 12:00:00+00:00,2021-05-13 14:00:00+00:00,2.1044,-2.1044,0.7729,0.029142,SHORT_SPREAD,724.34,408.57,315.77,0.1377,NORMAL,3.6044,-0.2104,25.25,-0.9511,TIMESTOP,2.0,14.03,0.043104,0.003,0.040104,43.08,-0.9511,2.1044,0.029142,0.001416,True
166,2021-05-13 17:00:00+00:00,2021-05-13 19:00:00+00:00,2.3465,-2.3465,0.7742,0.032806,SHORT_SPREAD,807.66,455.21,352.45,0.1377,NORMAL,3.8465,-0.2346,28.16,0.6807,TIMESTOP,2.0,17.63,0.023332,0.003,0.020332,34.05,0.6807,2.3465,0.032806,0.001417,True
167,2021-05-14 14:00:00+00:00,2021-05-14 16:00:00+00:00,2.8544,-2.8544,0.774,0.039928,SHORT_SPREAD,982.5,553.84,428.66,0.1377,NORMAL,4.3544,-0.2854,34.25,0.9355,TIMESTOP,2.0,25.04,0.026988,0.003,0.023988,48.61,0.9355,2.8544,0.039928,0.001366,True
168,2021-05-14 17:00:00+00:00,2021-05-14 19:00:00+00:00,2.5207,-2.5207,0.7815,0.035436,SHORT_SPREAD,1735.27,974.03,761.23,0.1377,NORMAL,4.0207,-0.2521,30.25,2.1552,TIMESTOP,2.0,0.0,0.004526,0.003,0.001526,2.65,2.1552,3.0269,0.035436,0.001358,True
169,2021-05-14 22:00:00+00:00,2021-05-15 00:00:00+00:00,2.5358,-2.5358,0.7942,0.036992,SHORT_SPREAD,1745.67,972.96,772.7,0.1377,NORMAL,4.0358,-0.2536,30.43,1.3756,TIMESTOP,2.0,0.0,0.016355,0.003,0.013355,23.31,1.3756,3.0476,0.036992,0.001364,True
170,2021-05-15 03:00:00+00:00,2021-05-15 05:00:00+00:00,2.6565,-2.6565,0.8053,0.040054,SHORT_SPREAD,731.5,405.19,326.31,0.1377,NORMAL,4.1565,-0.2656,31.88,0.6551,TIMESTOP,2.0,37.75,0.029804,0.003,0.026804,57.36,-0.8675,2.6565,0.040054,0.001361,True
171,2021-05-15 22:00:00+00:00,2021-05-16 00:00:00+00:00,-2.2866,2.2866,0.808,-0.032546,LONG_SPREAD,787.04,435.31,351.73,0.1377,NORMAL,3.7866,0.2287,27.44,-0.2919,TIMESTOP,2.0,22.32,0.029859,0.003,0.026859,43.46,-0.2919,-2.2866,-0.032546,0.001425,True
172,2021-05-18 12:00:00+00:00,2021-05-18 14:00:00+00:00,-3.4174,3.4174,0.7958,-0.051456,LONG_SPREAD,941.03,524.01,417.02,0.1377,STRONG,4.9174,0.3417,41.01,-0.9632,TIMESTOP,2.0,34.25,0.037894,0.003,0.034894,67.08,-0.9632,-3.4174,-0.051456,0.001443,True
173,2021-05-18 20:00:00+00:00,2021-05-18 22:00:00+00:00,-2.2909,2.2909,0.78,-0.034998,LONG_SPREAD,1577.1,886.02,691.08,0.1377,NORMAL,3.7909,0.2291,27.49,1.3968,TIMESTOP,2.0,0.0,0.058622,0.003,0.055622,87.72,1.9172,-2.2909,-0.034998,0.001405,True
174,2021-05-19 09:00:00+00:00,2021-05-19 10:00:00+00:00,2.3413,-2.3413,0.7881,0.036893,SHORT_SPREAD,1611.78,901.4,710.38,0.1377,NORMAL,3.8413,-0.2341,28.1,5.0,STOPLOSS,1.0,0.0,-0.054821,0.003,-0.057821,-93.19,2.3413,5.0,0.036893,0.001462,False
175,2021-05-19 14:00:00+00:00,2021-05-19 15:00:00+00:00,-2.5878,2.5878,0.8383,-0.048365,LONG_SPREAD,1425.15,775.23,649.92,0.1377,NORMAL,4.0878,0.2588,31.05,-4.3431,STOPLOSS,1.0,0.0,-0.033972,0.003,-0.036972,-52.69,-2.5878,-4.3431,-0.048365,0.001405,False
176,2021-05-20 02:00:00+00:00,2021-05-20 04:00:00+00:00,2.6841,-2.6841,0.8364,0.051686,SHORT_SPREAD,739.1,402.48,336.63,0.1377,NORMAL,4.1841,-0.2684,32.21,0.0971,TIMESTOP,2.0,30.83,0.051224,0.003,0.048224,66.48,0.0971,2.6841,0.051686,0.001442,True
177,2021-05-21 14:00:00+00:00,2021-05-21 16:00:00+00:00,-2.837,2.837,0.837,-0.054852,LONG_SPREAD,1562.42,850.53,711.89,0.1377,NORMAL,4.337,0.2837,34.04,-1.7186,TIMESTOP,2.0,0.0,0.021079,0.003,0.018079,28.25,-1.7186,-3.1597,-0.054852,0.00135,True
178,2021-05-24 17:00:00+00:00,2021-05-24 19:00:00+00:00,2.3193,-2.3193,0.8416,0.047446,SHORT_SPREAD,638.66,346.8,291.86,0.1377,NORMAL,3.8193,-0.2319,27.83,0.7973,TIMESTOP,2.0,19.58,0.032155,0.003,0.029155,38.2,0.7973,2.3193,0.047446,0.001209,True
179,2021-05-26 01:00:00+00:00,2021-05-26 03:00:00+00:00,-2.7854,2.7854,0.821,-0.058738,LONG_SPREAD,767.0,421.19,345.81,0.1377,NORMAL,4.2854,0.2785,33.43,-0.3002,TIMESTOP,2.0,39.58,0.053261,0.003,0.050261,78.13,-0.3002,-2.7854,-0.058738,0.001111,True
180,2021-05-27 04:00:00+00:00,2021-05-27 06:00:00+00:00,-2.0837,2.0837,0.7958,-0.045138,LONG_SPREAD,573.78,319.51,254.27,0.1377,NORMAL,3.5837,0.2084,25.0,-0.507,TIMESTOP,2.0,18.26,0.033326,0.003,0.030326,35.66,-0.507,-2.0837,-0.045138,0.001019,True
181,2021-05-28 09:00:00+00:00,2021-05-28 11:00:00+00:00,-2.2409,2.2409,0.8087,-0.049296,LONG_SPREAD,1234.11,682.32,551.79,0.1377,NORMAL,3.7409,0.2241,26.89,-1.3563,TIMESTOP,2.0,0.0,0.018797,0.003,0.015797,19.5,-1.3563,-2.2409,-0.049296,0.001068,True
182,2021-06-02 18:00:00+00:00,2021-06-02 20:00:00+00:00,2.4172,-2.4172,0.8308,0.051114,SHORT_SPREAD,665.6,363.56,302.05,0.1377,NORMAL,3.9172,-0.2417,29.01,1.0214,TIMESTOP,2.0,22.11,0.030359,0.003,0.027359,40.32,0.828,2.4172,0.051114,0.001051,True
183,2021-06-10 01:00:00+00:00,2021-06-10 03:00:00+00:00,2.9898,-2.9898,0.8563,0.0471,SHORT_SPREAD,1646.55,886.99,759.57,0.1377,NORMAL,4.4898,-0.299,35.88,1.8118,TIMESTOP,2.0,0.0,0.018877,0.003,0.015877,26.14,1.8118,2.9898,0.0471,0.001251,True
184,2021-06-14 18:00:00+00:00,2021-06-14 20:00:00+00:00,2.6843,-2.6843,0.8672,0.038362,SHORT_SPREAD,1847.86,989.63,858.23,0.1377,NORMAL,4.1843,-0.2684,32.21,3.0129,TIMESTOP,2.0,0.0,-0.005157,0.003,-0.008157,-15.07,2.3212,3.0129,0.038362,0.001303,False
185,2021-06-15 05:00:00+00:00,2021-06-15 07:00:00+00:00,-3.216,3.216,0.8669,-0.044706,LONG_SPREAD,1771.13,948.68,822.45,0.1377,STRONG,4.716,0.3216,38.59,-1.1145,TIMESTOP,2.0,0.0,0.030117,0.003,0.027117,48.03,-1.1145,-3.216,-0.044706,0.001263,True
186,2021-06-20 21:00:00+00:00,2021-06-20 23:00:00+00:00,-2.5024,2.5024,0.8526,-0.027187,LONG_SPREAD,861.32,464.93,396.4,0.1377,NORMAL,4.0024,0.2502,30.03,-0.8285,TIMESTOP,2.0,16.67,0.019305,0.003,0.016305,30.72,-0.6992,-2.5024,-0.027187,0.00148,True
187,2021-06-21 16:00:00+00:00,2021-06-21 18:00:00+00:00,-2.2031,2.2031,0.8456,-0.024227,LONG_SPREAD,1516.62,821.75,694.87,0.1377,NORMAL,3.7031,0.2203,26.44,-1.3943,TIMESTOP,2.0,0.0,0.009209,0.003,0.006209,9.42,-1.3943,-2.2031,-0.024227,0.001564,True
188,2021-06-21 21:00:00+00:00,2021-06-21 23:00:00+00:00,-2.9804,2.9804,0.8417,-0.033791,LONG_SPREAD,2051.73,1114.05,937.69,0.1377,NORMAL,4.4804,0.298,35.76,-1.5249,TIMESTOP,2.0,0.0,0.016863,0.003,0.013863,28.44,-1.5249,-2.9804,-0.033791,0.001582,True
189,2021-06-22 11:00:00+00:00,2021-06-22 13:00:00+00:00,-2.9661,2.9661,0.8375,-0.034994,LONG_SPREAD,2041.89,1111.23,930.66,0.1377,NORMAL,4.4661,0.2966,35.59,-1.4572,TIMESTOP,2.0,0.0,0.017717,0.003,0.014717,30.05,-1.4572,-4.4649,-0.034994,0.001627,True
190,2021-07-06 23:00:00+00:00,2021-07-07 00:00:00+00:00,2.0797,-2.0797,0.8231,0.015414,SHORT_SPREAD,1431.67,785.29,646.38,0.1377,NORMAL,3.5797,-0.208,24.96,4.1859,STOPLOSS,1.0,0.0,-0.017764,0.003,-0.020764,-29.73,2.0797,4.1859,0.015414,0.001583,False
191,2021-07-07 09:00:00+00:00,2021-07-07 11:00:00+00:00,2.5728,-2.5728,0.8283,0.019881,SHORT_SPREAD,885.56,484.38,401.19,0.1377,NORMAL,4.0728,-0.2573,30.87,0.5747,TIMESTOP,2.0,16.09,0.016889,0.003,0.013889,28.39,0.2513,2.5728,0.019881,0.001546,True
192,2021-07-07 13:00:00+00:00,2021-07-07 15:00:00+00:00,2.9486,-2.9486,0.8314,0.023201,SHORT_SPREAD,2029.83,1108.37,921.46,0.1377,NORMAL,4.4486,-0.2949,35.38,1.072,TIMESTOP,2.0,0.0,0.015871,0.003,0.012871,26.13,1.072,2.9486,0.023201,0.001546,True
193,2021-07-07 17:00:00+00:00,2021-07-07 19:00:00+00:00,2.3505,-2.3505,0.8349,0.018437,SHORT_SPREAD,1618.07,881.82,736.24,0.1377,NORMAL,3.8505,-0.235,28.21,3.5311,TIMESTOP,2.0,0.0,-0.010778,0.003,-0.013778,-22.29,2.3505,3.5311,0.018437,0.001561,False
194,2021-07-09 08:00:00+00:00,2021-07-09 10:00:00+00:00,2.0146,-2.0146,0.837,0.016299,SHORT_SPREAD,1386.84,754.95,631.89,0.1377,NORMAL,3.5146,-0.2015,24.17,1.1648,TIMESTOP,2.0,0.0,0.007352,0.003,0.004352,6.04,1.1648,2.0146,0.016299,0.001696,True
195,2021-07-14 01:00:00+00:00,2021-07-14 03:00:00+00:00,-2.0596,2.0596,0.8296,-0.015317,LONG_SPREAD,708.91,387.47,321.44,0.1377,NORMAL,3.5596,0.206,24.71,-2.653,TIMESTOP,2.0,5.38,-0.004398,0.003,-0.007398,0.13,-0.8045,-2.653,-0.015317,0.001875,False
196,2021-07-14 04:00:00+00:00,2021-07-14 06:00:00+00:00,-2.0251,2.0251,0.8274,-0.015276,LONG_SPREAD,1394.12,762.9,631.22,0.1377,NORMAL,3.5251,0.2025,24.3,-1.1069,TIMESTOP,2.0,0.0,0.006657,0.003,0.003657,5.1,-1.1069,-2.0251,-0.015276,0.001891,True
197,2021-07-15 12:00:00+00:00,2021-07-15 14:00:00+00:00,-2.8078,2.8078,0.823,-0.020738,LONG_SPREAD,966.44,530.12,436.31,0.1377,NORMAL,4.3078,0.2808,33.69,-0.4436,TIMESTOP,2.0,13.87,0.017127,0.003,0.014127,27.52,-0.4436,-2.8078,-0.020738,0.00192,True
198,2021-07-16 18:00:00+00:00,2021-07-16 20:00:00+00:00,-2.8656,2.8656,0.8184,-0.021565,LONG_SPREAD,1972.72,1084.85,887.86,0.1377,NORMAL,4.3656,0.2866,34.39,-1.048,TIMESTOP,2.0,0.0,0.013293,0.003,0.010293,20.31,-1.048,-2.8656,-0.021565,0.001983,True
199,2021-07-16 23:00:00+00:00,2021-07-17 01:00:00+00:00,-2.2216,2.2216,0.8154,-0.017105,LONG_SPREAD,1529.38,842.46,686.93,0.1377,NORMAL,3.7216,0.2222,26.66,-3.0502,TIMESTOP,2.0,0.0,-0.006651,0.003,-0.009651,-14.76,-2.2216,-3.2838,-0.017105,0.002007,False
200,2021-07-17 06:00:00+00:00,2021-07-17 08:00:00+00:00,2.3332,-2.3332,0.8118,0.016947,SHORT_SPREAD,803.1,443.27,359.83,0.1377,NORMAL,3.8332,-0.2333,28.0,0.7532,TIMESTOP,2.0,8.46,0.012028,0.003,0.009028,15.71,0.7532,2.3332,0.016947,0.002018,True
201,2021-07-17 19:00:00+00:00,2021-07-17 21:00:00+00:00,4.1228,-4.1228,0.8161,0.031167,SHORT_SPREAD,2838.18,1562.82,1275.36,0.1377,STRONG,5.0,-0.4123,49.47,2.3483,TIMESTOP,2.0,0.0,0.013594,0.003,0.010594,30.07,1.4124,4.1228,0.031167,0.002024,True
202,2021-07-19 11:00:00+00:00,2021-07-19 13:00:00+00:00,-2.8492,2.8492,0.8171,-0.0226,LONG_SPREAD,1961.4,1079.38,882.02,0.1377,NORMAL,4.3492,0.2849,34.19,-2.1336,TIMESTOP,2.0,0.0,0.00537,0.003,0.00237,4.65,-1.955,-2.8492,-0.0226,0.002069,True
203,2021-07-21 06:00:00+00:00,2021-07-21 08:00:00+00:00,2.0982,-2.0982,0.8233,0.015342,SHORT_SPREAD,722.22,396.11,326.12,0.1377,NORMAL,3.5982,-0.2098,25.18,-0.1741,TIMESTOP,2.0,8.7,0.01756,0.003,0.01456,19.22,-0.1741,2.0982,0.015342,0.002139,True
204,2021-07-21 10:00:00+00:00,2021-07-21 12:00:00+00:00,4.0628,-4.0628,0.8275,0.031028,SHORT_SPREAD,2796.87,1530.41,1266.46,0.1377,STRONG,5.0,-0.4063,48.75,2.5924,TIMESTOP,2.0,0.0,0.011111,0.003,0.008111,22.68,2.5924,4.0628,0.031028,0.002109,True
205,2021-07-22 00:00:00+00:00,2021-07-22 02:00:00+00:00,-2.2413,2.2413,0.835,-0.018398,LONG_SPREAD,1542.94,840.82,702.12,0.1377,NORMAL,3.7413,0.2241,26.9,-1.9953,TIMESTOP,2.0,0.0,0.001571,0.003,-0.001429,-2.2,-1.9953,-3.7317,-0.018398,0.002057,False
206,2021-07-22 10:00:00+00:00,2021-07-22 12:00:00+00:00,3.2232,-3.2232,0.8336,0.025721,SHORT_SPREAD,2218.85,1210.09,1008.77,0.1377,STRONG,4.7232,-0.3223,38.68,1.7121,TIMESTOP,2.0,0.0,0.012379,0.003,0.009379,20.81,1.7121,3.2232,0.025721,0.002056,True
207,2021-07-22 16:00:00+00:00,2021-07-22 18:00:00+00:00,2.9789,-2.9789,0.842,0.024265,SHORT_SPREAD,1025.35,556.65,468.69,0.1377,NORMAL,4.4789,-0.2979,35.75,0.7583,TIMESTOP,2.0,17.51,0.018573,0.003,0.015573,33.47,0.7583,2.9789,0.024265,0.002028,True
208,2021-07-24 17:00:00+00:00,2021-07-24 19:00:00+00:00,2.4512,-2.4512,0.8461,0.020621,SHORT_SPREAD,843.69,457.02,386.67,0.1377,NORMAL,3.9512,-0.2451,29.41,0.1874,TIMESTOP,2.0,15.17,0.019485,0.003,0.016485,29.08,0.1874,2.4512,0.020621,0.001945,True
209,2021-07-25 01:00:00+00:00,2021-07-25 03:00:00+00:00,-2.3466,2.3466,0.8458,-0.020609,LONG_SPREAD,807.71,437.59,370.12,0.1377,NORMAL,3.8466,0.2347,28.16,-0.8719,TIMESTOP,2.0,11.41,0.012784,0.003,0.009784,19.31,-0.5499,-2.3466,-0.020609,0.001972,True
210,2021-07-27 01:00:00+00:00,2021-07-27 03:00:00+00:00,-2.8526,2.8526,0.8259,-0.025875,LONG_SPREAD,1963.76,1075.5,888.26,0.1377,NORMAL,4.3526,0.2853,34.23,-1.4425,TIMESTOP,2.0,0.0,0.012543,0.003,0.009543,18.74,-1.2076,-2.8526,-0.025875,0.001798,True
211,2021-07-29 04:00:00+00:00,2021-07-29 06:00:00+00:00,2.1251,-2.1251,0.8272,0.017253,SHORT_SPREAD,1462.91,800.63,662.28,0.1377,NORMAL,3.6251,-0.2125,25.5,1.1663,TIMESTOP,2.0,0.0,0.00793,0.003,0.00493,7.21,1.1663,3.4632,0.017253,0.001784,True
212,2021-07-29 14:00:00+00:00,2021-07-29 16:00:00+00:00,2.3198,-2.3198,0.8344,0.01947,SHORT_SPREAD,1596.96,870.55,726.41,0.1377,NORMAL,3.8198,-0.232,27.84,1.3205,TIMESTOP,2.0,0.0,0.008514,0.003,0.005514,8.81,1.1736,2.3198,0.01947,0.001789,True
213,2021-07-30 15:00:00+00:00,2021-07-30 17:00:00+00:00,-4.9448,4.9448,0.8169,-0.044625,LONG_SPREAD,2723.23,1498.85,1224.38,0.1377,STRONG,5.0,0.4945,59.34,-2.4542,TIMESTOP,2.0,0.0,0.021214,0.003,0.018214,49.6,-2.4542,-5.0,-0.044625,0.001748,True
214,2021-07-30 18:00:00+00:00,2021-07-30 20:00:00+00:00,-2.3737,2.3737,0.8007,-0.023054,LONG_SPREAD,817.04,453.75,363.3,0.1377,NORMAL,3.8737,0.2374,28.48,-2.4554,TIMESTOP,2.0,13.26,-0.000956,0.003,-0.003956,10.03,-0.477,-2.4554,-0.023054,0.001671,False
215,2021-07-31 00:00:00+00:00,2021-07-31 02:00:00+00:00,2.112,-2.112,0.7976,0.01876,SHORT_SPREAD,726.94,404.39,322.55,0.1377,NORMAL,3.612,-0.2112,25.34,0.5459,TIMESTOP,2.0,9.63,0.014744,0.003,0.011744,18.16,0.5459,2.112,0.01876,0.001599,True
216,2021-07-31 08:00:00+00:00,2021-07-31 10:00:00+00:00,2.2947,-2.2947,0.8042,0.020865,SHORT_SPREAD,1579.69,875.55,704.14,0.1377,NORMAL,3.7947,-0.2295,27.54,2.6986,TIMESTOP,2.0,0.0,-0.00414,0.003,-0.00714,-11.28,1.4638,2.6986,0.020865,0.001604,False
217,2021-07-31 11:00:00+00:00,2021-07-31 13:00:00+00:00,2.109,-2.109,0.8086,0.019489,SHORT_SPREAD,1451.88,802.76,649.12,0.1377,NORMAL,3.609,-0.2109,25.31,1.3326,TIMESTOP,2.0,0.0,0.007374,0.003,0.004374,6.35,1.3326,2.109,0.019489,0.00161,True
218,2021-08-01 02:00:00+00:00,2021-08-01 04:00:00+00:00,4.0376,-4.0376,0.8282,0.042873,SHORT_SPREAD,2223.61,1216.32,1007.29,0.1377,STRONG,5.0,-0.4038,48.45,2.8148,TIMESTOP,2.0,0.0,0.012554,0.003,0.009554,21.24,2.8148,4.0376,0.042873,0.001565,True
219,2021-08-01 14:00:00+00:00,2021-08-01 16:00:00+00:00,4.6579,-4.6579,0.8399,0.051786,SHORT_SPREAD,2565.21,1394.22,1171.0,0.1377,STRONG,5.0,-0.4658,55.89,4.6056,TIMESTOP,2.0,0.0,-0.001146,0.003,-0.004146,-10.64,2.9845,4.6579,0.051786,0.00158,False
220,2021-08-01 17:00:00+00:00,2021-08-01 19:00:00+00:00,3.5242,-3.5242,0.8501,0.041096,SHORT_SPREAD,970.42,524.52,445.9,0.1377,STRONG,5.0,-0.3524,42.29,-0.0991,TIMESTOP,2.0,40.28,0.043003,0.003,0.040003,79.1,-0.0991,3.5242,0.041096,0.001583,True
221,2021-08-02 04:00:00+00:00,2021-08-02 06:00:00+00:00,-2.2663,2.2663,0.8441,-0.026695,LONG_SPREAD,780.08,423.02,357.07,0.1377,NORMAL,3.7663,0.2266,27.2,0.0074,TIMESTOP,2.0,19.96,0.027086,0.003,0.024086,38.75,0.0074,-2.2663,-0.026695,0.001608,True
222,2021-08-03 16:00:00+00:00,2021-08-03 18:00:00+00:00,-2.2676,2.2676,0.8152,-0.027944,LONG_SPREAD,780.52,429.98,350.54,0.1377,NORMAL,3.7676,0.2268,27.21,-0.6469,TIMESTOP,2.0,11.81,0.019761,0.003,0.016761,24.9,-0.6469,-2.2676,-0.027944,0.001575,True
223,2021-08-04 12:00:00+00:00,2021-08-04 14:00:00+00:00,2.2579,-2.2579,0.8183,0.027223,SHORT_SPREAD,1554.34,854.85,699.48,0.1377,NORMAL,3.7579,-0.2258,27.09,1.6723,TIMESTOP,2.0,0.0,0.007,0.003,0.004,6.22,1.4325,2.2579,0.027223,0.00158,True
224,2021-08-04 16:00:00+00:00,2021-08-04 18:00:00+00:00,2.4139,-2.4139,0.8271,0.02958,SHORT_SPREAD,1661.72,909.48,752.24,0.1377,NORMAL,3.9139,-0.2414,28.97,2.3173,TIMESTOP,2.0,0.0,0.000701,0.003,-0.002299,-3.82,2.3173,2.7855,0.02958,0.001549,False
225,2021-08-06 12:00:00+00:00,2021-08-06 14:00:00+00:00,3.7843,-3.7843,0.8454,0.048159,SHORT_SPREAD,2084.11,1129.35,954.76,0.1377,STRONG,5.0,-0.3784,45.41,2.0407,TIMESTOP,2.0,0.0,0.02178,0.003,0.01878,39.14,2.0407,3.7843,0.048159,0.001613,True
226,2021-08-16 16:00:00+00:00,2021-08-16 18:00:00+00:00,2.882,-2.882,0.8676,0.034722,SHORT_SPREAD,1983.96,1062.31,921.65,0.1377,NORMAL,4.382,-0.2882,34.58,1.7848,TIMESTOP,2.0,0.0,0.012565,0.003,0.009565,18.98,1.7848,2.882,0.034722,0.001503,True
227,2021-08-17 02:00:00+00:00,2021-08-17 04:00:00+00:00,2.7812,-2.7812,0.8833,0.035542,SHORT_SPREAD,1914.58,1016.62,897.96,0.1377,NORMAL,4.2812,-0.2781,33.37,1.001,TIMESTOP,2.0,0.0,0.021838,0.003,0.018838,36.07,1.001,2.7812,0.035542,0.001541,True
228,2021-08-17 10:00:00+00:00,2021-08-17 12:00:00+00:00,-2.8632,2.8632,0.8848,-0.03341,LONG_SPREAD,985.54,522.88,462.65,0.1377,NORMAL,4.3632,0.2863,34.36,-0.9572,TIMESTOP,2.0,21.85,0.023666,0.003,0.020666,42.21,-0.9572,-2.8632,-0.03341,0.001521,True
229,2021-08-19 13:00:00+00:00,2021-08-19 15:00:00+00:00,2.3648,-2.3648,0.8964,0.030981,SHORT_SPREAD,1627.95,858.44,769.51,0.1377,NORMAL,3.8648,-0.2365,28.38,1.3589,TIMESTOP,2.0,0.0,0.012333,0.003,0.009333,15.19,1.3589,2.3648,0.030981,0.001648,True
230,2021-08-25 08:00:00+00:00,2021-08-25 10:00:00+00:00,-2.1778,2.1778,0.9085,-0.017877,LONG_SPREAD,749.62,392.77,356.85,0.1377,NORMAL,3.6778,0.2178,26.13,-0.5502,TIMESTOP,2.0,9.11,0.014971,0.003,0.011971,18.08,-0.5502,-2.1778,-0.017877,0.001672,True
231,2021-08-27 01:00:00+00:00,2021-08-27 03:00:00+00:00,3.2258,-3.2258,0.9112,0.029907,SHORT_SPREAD,2220.65,1161.93,1058.71,0.1377,STRONG,4.7258,-0.3226,38.71,2.4966,TIMESTOP,2.0,0.0,0.006177,0.003,0.003177,7.05,1.4003,3.2258,0.029907,0.001749,True
232,2021-08-30 18:00:00+00:00,2021-08-30 20:00:00+00:00,2.8638,-2.8638,0.9194,0.024704,SHORT_SPREAD,1971.46,1027.13,944.33,0.1377,NORMAL,4.3638,-0.2864,34.37,2.4318,TIMESTOP,2.0,0.0,0.003037,0.003,3.7e-05,0.07,2.4318,3.8431,0.024704,0.001786,True
233,2021-08-31 12:00:00+00:00,2021-08-31 14:00:00+00:00,4.6295,-4.6295,0.9427,0.041775,SHORT_SPREAD,2549.58,1312.42,1237.16,0.1377,STRONG,5.0,-0.463,55.55,1.1397,TIMESTOP,2.0,0.0,0.030479,0.003,0.027479,70.06,1.1397,4.6295,0.041775,0.001737,True
234,2021-08-31 15:00:00+00:00,2021-08-31 17:00:00+00:00,4.7042,-4.7042,0.9514,0.04386,SHORT_SPREAD,2590.7,1327.59,1263.11,0.1377,STRONG,5.0,-0.4704,56.45,1.8788,TIMESTOP,2.0,0.0,0.025216,0.003,0.022216,57.55,1.8788,4.7042,0.04386,0.001722,True
235,2021-08-31 23:00:00+00:00,2021-09-01 01:00:00+00:00,3.872,-3.872,0.9612,0.037597,SHORT_SPREAD,2665.47,1359.12,1306.36,0.1377,STRONG,5.0,-0.3872,46.46,1.4527,TIMESTOP,2.0,0.0,0.022306,0.003,0.019306,51.46,1.2045,3.872,0.037597,0.00173,True
236,2021-09-01 03:00:00+00:00,2021-09-01 05:00:00+00:00,-2.3436,2.3436,0.9589,-0.019655,LONG_SPREAD,1613.37,823.62,789.75,0.1377,NORMAL,3.8436,0.2344,28.12,-1.1173,TIMESTOP,2.0,0.0,0.011392,0.003,0.008392,13.54,-1.1173,-2.3436,-0.019655,0.001732,True
237,2021-09-01 09:00:00+00:00,2021-09-01 11:00:00+00:00,-2.9718,2.9718,0.9525,-0.026049,LONG_SPREAD,2045.81,1047.81,998.0,0.1377,NORMAL,4.4718,0.2972,35.66,-3.826,TIMESTOP,2.0,0.0,-0.008753,0.003,-0.011753,-24.04,-1.9722,-3.826,-0.026049,0.001718,False
238,2021-09-01 12:00:00+00:00,2021-09-01 13:00:00+00:00,-2.4466,2.4466,0.9448,-0.021741,LONG_SPREAD,1684.22,866.03,818.19,0.1377,NORMAL,3.9466,0.2447,29.36,-4.1612,STOPLOSS,1.0,0.0,-0.017197,0.003,-0.020197,-34.02,-2.4466,-4.1612,-0.021741,0.001702,False
239,2021-09-01 14:00:00+00:00,2021-09-01 16:00:00+00:00,-3.1806,3.1806,0.9372,-0.029816,LONG_SPREAD,2189.57,1130.29,1059.28,0.1377,STRONG,4.6806,0.3181,38.17,-1.7046,TIMESTOP,2.0,0.0,0.014551,0.003,0.011551,25.29,-1.7046,-3.1806,-0.029816,0.001688,True
240,2021-09-01 18:00:00+00:00,2021-09-01 19:00:00+00:00,2.2692,-2.2692,0.9348,0.024573,SHORT_SPREAD,1562.11,807.38,754.73,0.1377,NORMAL,3.7692,-0.2269,27.23,4.984,STOPLOSS,1.0,0.0,-0.028254,0.003,-0.031254,-48.82,2.2692,4.984,0.024573,0.001655,False
241,2021-09-01 20:00:00+00:00,2021-09-01 22:00:00+00:00,2.6107,-2.6107,0.9422,0.029022,SHORT_SPREAD,1797.21,925.37,871.85,0.1377,NORMAL,4.1107,-0.2611,31.33,2.1042,TIMESTOP,2.0,0.0,0.004683,0.003,0.001683,3.02,2.1042,3.9965,0.029022,0.001652,True
242,2021-09-02 12:00:00+00:00,2021-09-02 14:00:00+00:00,-2.6694,2.6694,0.944,-0.026526,LONG_SPREAD,1837.65,945.3,892.35,0.1377,NORMAL,4.1694,0.2669,32.03,-1.7562,TIMESTOP,2.0,0.0,0.009559,0.003,0.006559,12.05,-1.7562,-2.6694,-0.026526,0.001644,True
243,2021-09-02 21:00:00+00:00,2021-09-02 23:00:00+00:00,-2.1336,2.1336,0.9351,-0.021346,LONG_SPREAD,734.4,379.51,354.89,0.1377,NORMAL,3.6336,0.2134,25.6,-0.3815,TIMESTOP,2.0,16.66,0.019185,0.003,0.016185,28.55,0.0685,-2.1336,-0.021346,0.001627,True
244,2021-09-03 04:00:00+00:00,2021-09-03 06:00:00+00:00,2.2465,-2.2465,0.9411,0.026556,SHORT_SPREAD,1546.51,796.71,749.79,0.1377,NORMAL,3.7465,-0.2247,26.96,1.5074,TIMESTOP,2.0,0.0,0.007956,0.003,0.004956,7.66,1.5074,2.4352,0.026556,0.001641,True
245,2021-09-03 09:00:00+00:00,2021-09-03 11:00:00+00:00,-4.0627,4.0627,0.9374,-0.043924,LONG_SPREAD,2237.45,1154.85,1082.61,0.1377,STRONG,5.0,0.4063,48.75,-1.6161,TIMESTOP,2.0,0.0,0.027692,0.003,0.024692,55.25,-1.6161,-4.0627,-0.043924,0.001625,True
246,2021-09-03 16:00:00+00:00,2021-09-03 18:00:00+00:00,2.7142,-2.7142,0.9329,0.032979,SHORT_SPREAD,934.23,483.33,450.91,0.1377,NORMAL,4.2142,-0.2714,32.57,0.2804,TIMESTOP,2.0,21.72,0.028301,0.003,0.025301,45.36,0.2804,2.7142,0.032979,0.001613,True
247,2021-09-05 16:00:00+00:00,2021-09-05 18:00:00+00:00,-2.2341,2.2341,0.9303,-0.02438,LONG_SPREAD,1538.0,796.76,741.24,0.1377,NORMAL,3.7341,0.2234,26.81,-2.0249,TIMESTOP,2.0,0.0,0.002069,0.003,-0.000931,-1.43,-2.0249,-2.6567,-0.02438,0.001636,False
248,2021-09-06 13:00:00+00:00,2021-09-06 15:00:00+00:00,-2.7536,2.7536,0.9072,-0.0318,LONG_SPREAD,1895.58,993.91,901.67,0.1377,NORMAL,4.2536,0.2754,33.04,-1.9448,TIMESTOP,2.0,0.0,0.00938,0.003,0.00638,12.09,-1.9448,-2.8468,-0.0318,0.001552,True
249,2021-09-07 04:00:00+00:00,2021-09-07 06:00:00+00:00,2.4496,-2.4496,0.9079,0.028932,SHORT_SPREAD,843.17,441.93,401.23,0.1377,NORMAL,3.9496,-0.245,29.4,0.0586,TIMESTOP,2.0,16.95,0.027925,0.003,0.024925,37.96,0.0586,2.4496,0.028932,0.00155,True
250,2021-09-08 21:00:00+00:00,2021-09-08 23:00:00+00:00,-2.4772,2.4772,0.922,-0.028693,LONG_SPREAD,852.67,443.63,409.04,0.1377,NORMAL,3.9772,0.2477,29.73,0.2806,TIMESTOP,2.0,17.96,0.03316,0.003,0.03016,43.68,0.2806,-2.4772,-0.028693,0.001668,True
251,2021-09-10 00:00:00+00:00,2021-09-10 02:00:00+00:00,3.3122,-3.3122,0.9397,0.039842,SHORT_SPREAD,2280.13,1175.51,1104.62,0.1377,STRONG,4.8122,-0.3312,39.75,1.3623,TIMESTOP,2.0,0.0,0.023155,0.003,0.020155,45.96,1.3623,3.3122,0.039842,0.001632,True
252,2021-09-10 09:00:00+00:00,2021-09-10 11:00:00+00:00,3.2174,-3.2174,0.9507,0.03979,SHORT_SPREAD,1107.45,567.73,539.72,0.1377,STRONG,4.7174,-0.3217,38.61,0.0732,TIMESTOP,2.0,37.41,0.038837,0.003,0.035837,77.1,0.0732,3.2174,0.03979,0.001645,True
253,2021-09-11 13:00:00+00:00,2021-09-11 15:00:00+00:00,2.1251,-2.1251,0.9498,0.026594,SHORT_SPREAD,731.46,375.14,356.32,0.1377,NORMAL,3.6251,-0.2125,25.5,0.865,TIMESTOP,2.0,9.38,0.015443,0.003,0.012443,18.48,0.865,2.1251,0.026594,0.001681,True
254,2021-09-11 19:00:00+00:00,2021-09-11 21:00:00+00:00,2.5111,-2.5111,0.9587,0.03195,SHORT_SPREAD,1728.67,882.54,846.13,0.1377,NORMAL,4.0111,-0.2511,30.13,1.0767,TIMESTOP,2.0,0.0,0.017757,0.003,0.014757,25.51,1.0767,2.5111,0.03195,0.001685,True
255,2021-09-12 22:00:00+00:00,2021-09-13 00:00:00+00:00,2.9043,-2.9043,0.9734,0.038365,SHORT_SPREAD,1999.33,1013.13,986.2,0.1377,NORMAL,4.4043,-0.2904,34.85,3.1399,TIMESTOP,2.0,0.0,-0.003506,0.003,-0.006506,-13.01,1.0573,3.1399,0.038365,0.001643,False
256,2021-09-13 01:00:00+00:00,2021-09-13 03:00:00+00:00,3.9014,-3.9014,0.9823,0.052555,SHORT_SPREAD,1074.31,541.95,532.36,0.1377,STRONG,5.0,-0.3901,46.82,0.4476,TIMESTOP,2.0,47.96,0.046147,0.003,0.043147,94.32,0.4476,3.9014,0.052555,0.001638,True
257,2021-09-13 04:00:00+00:00,2021-09-13 06:00:00+00:00,2.1054,-2.1054,0.9858,0.029439,SHORT_SPREAD,724.7,364.93,359.77,0.1377,NORMAL,3.6054,-0.2105,25.27,0.2276,TIMESTOP,2.0,12.42,0.025074,0.003,0.022074,28.41,0.2276,2.1054,0.029439,0.001658,True
258,2021-09-14 06:00:00+00:00,2021-09-14 08:00:00+00:00,2.1716,-2.1716,0.994,0.032046,SHORT_SPREAD,1494.92,749.7,745.22,0.1377,NORMAL,3.6716,-0.2172,26.06,1.8193,TIMESTOP,2.0,0.0,0.004651,0.003,0.001651,2.47,1.274,2.1716,0.032046,0.001695,True
259,2021-09-14 15:00:00+00:00,2021-09-14 17:00:00+00:00,-2.9405,2.9405,0.9926,-0.039238,LONG_SPREAD,2024.27,1015.88,1008.39,0.1377,NORMAL,4.4405,0.2941,35.29,-2.2248,TIMESTOP,2.0,0.0,0.009411,0.003,0.006411,12.98,-2.2248,-3.7315,-0.039238,0.001654,True
260,2021-09-14 23:00:00+00:00,2021-09-15 01:00:00+00:00,-3.3989,3.3989,0.9719,-0.047572,LONG_SPREAD,1871.87,949.27,922.6,0.1377,STRONG,4.8989,0.3399,40.79,-1.3998,TIMESTOP,2.0,0.0,0.029209,0.003,0.026209,49.06,-1.3998,-3.3989,-0.047572,0.001602,True
261,2021-09-15 10:00:00+00:00,2021-09-15 12:00:00+00:00,-2.312,2.312,0.9566,-0.032607,LONG_SPREAD,1591.62,813.45,778.17,0.1377,NORMAL,3.812,0.2312,27.74,-1.537,TIMESTOP,2.0,0.0,0.011286,0.003,0.008286,13.19,-1.537,-2.312,-0.032607,0.001585,True
262,2021-09-16 01:00:00+00:00,2021-09-16 03:00:00+00:00,-2.5844,2.5844,0.9504,-0.037141,LONG_SPREAD,1779.08,912.16,866.92,0.1377,NORMAL,4.0844,0.2584,31.01,-2.0173,TIMESTOP,2.0,0.0,0.007918,0.003,0.004918,8.75,-2.0173,-3.0221,-0.037141,0.001587,True
263,2021-09-17 03:00:00+00:00,2021-09-17 05:00:00+00:00,2.0613,-2.0613,0.9544,0.032685,SHORT_SPREAD,709.49,363.02,346.47,0.1377,NORMAL,3.5613,-0.2061,24.74,0.2895,TIMESTOP,2.0,14.85,0.027264,0.003,0.024264,32.06,0.2895,2.0613,0.032685,0.00163,True
264,2021-09-22 16:00:00+00:00,2021-09-22 18:00:00+00:00,2.2052,-2.2052,0.9757,0.033392,SHORT_SPREAD,759.04,384.19,374.86,0.1377,NORMAL,3.7052,-0.2205,26.46,0.6534,TIMESTOP,2.0,16.25,0.022911,0.003,0.019911,31.36,0.6534,2.2052,0.033392,0.001859,True
265,2021-09-25 18:00:00+00:00,2021-09-25 20:00:00+00:00,-2.2812,2.2812,0.986,-0.030146,LONG_SPREAD,1570.4,790.74,779.65,0.1377,NORMAL,3.7812,0.2281,27.37,-3.1504,TIMESTOP,2.0,0.0,-0.012837,0.003,-0.015837,-24.87,-2.2812,-3.1504,-0.030146,0.001869,False
266,2021-09-25 21:00:00+00:00,2021-09-25 23:00:00+00:00,-2.9494,2.9494,0.9703,-0.040701,LONG_SPREAD,1624.3,824.41,799.89,0.1377,NORMAL,4.4494,0.2949,35.39,-2.2591,TIMESTOP,2.0,0.0,0.009348,0.003,0.006348,10.31,-2.2591,-2.9494,-0.040701,0.001829,True
267,2021-09-26 00:00:00+00:00,2021-09-26 02:00:00+00:00,-2.4214,2.4214,0.9601,-0.033982,LONG_SPREAD,1666.89,850.42,816.47,0.1377,NORMAL,3.9214,0.2421,29.06,-1.0692,TIMESTOP,2.0,0.0,0.019479,0.003,0.016479,27.47,-1.0692,-2.4214,-0.033982,0.001811,True
268,2021-10-06 20:00:00+00:00,2021-10-06 22:00:00+00:00,3.6057,-3.6057,0.9423,0.035018,SHORT_SPREAD,2482.2,1277.96,1204.24,0.1377,STRONG,5.0,-0.3606,43.27,1.5361,TIMESTOP,2.0,0.0,0.020136,0.003,0.017136,42.53,1.5361,3.6057,0.035018,0.00176,True
269,2021-10-07 09:00:00+00:00,2021-10-07 11:00:00+00:00,2.0933,-2.0933,0.9496,0.020158,SHORT_SPREAD,1441.05,739.17,701.88,0.1377,NORMAL,3.5933,-0.2093,25.12,3.7001,STOPLOSS,2.0,0.0,-0.015752,0.003,-0.018752,-27.02,1.8269,3.7001,0.020158,0.001773,False
270,2021-10-07 14:00:00+00:00,2021-10-07 16:00:00+00:00,2.0263,-2.0263,0.9578,0.020111,SHORT_SPREAD,1394.89,712.47,682.42,0.1377,NORMAL,3.5263,-0.2026,24.32,1.413,TIMESTOP,2.0,0.0,0.005669,0.003,0.002669,3.72,1.413,3.3818,0.020111,0.001767,True
271,2021-10-08 10:00:00+00:00,2021-10-08 12:00:00+00:00,-2.0438,2.0438,0.9574,-0.019199,LONG_SPREAD,703.47,359.38,344.08,0.1377,NORMAL,3.5438,0.2044,24.53,-0.0211,TIMESTOP,2.0,9.52,0.019374,0.003,0.016374,21.04,-0.0211,-2.0438,-0.019199,0.001781,True
272,2021-10-09 16:00:00+00:00,2021-10-09 18:00:00+00:00,3.2388,-3.2388,0.9681,0.031256,SHORT_SPREAD,1114.79,566.43,548.36,0.1377,STRONG,4.7388,-0.3239,38.87,0.9986,TIMESTOP,2.0,22.27,0.021473,0.003,0.018473,42.86,0.9986,3.2388,0.031256,0.001796,True
273,2021-10-10 02:00:00+00:00,2021-10-10 04:00:00+00:00,3.1464,-3.1464,0.9774,0.031026,SHORT_SPREAD,1082.99,547.67,535.32,0.1377,STRONG,4.6464,-0.3146,37.76,0.2267,TIMESTOP,2.0,29.27,0.02853,0.003,0.02553,56.92,0.2267,3.1464,0.031026,0.001801,True
274,2021-10-12 18:00:00+00:00,2021-10-12 20:00:00+00:00,3.2302,-3.2302,0.9831,0.031204,SHORT_SPREAD,1111.85,560.65,551.19,0.1377,STRONG,4.7302,-0.323,38.76,2.325,TIMESTOP,2.0,23.84,0.008359,0.003,0.005359,29.8,0.8157,3.2302,0.031204,0.001941,True
275,2021-10-13 05:00:00+00:00,2021-10-13 07:00:00+00:00,-2.3375,2.3375,0.9898,-0.021452,LONG_SPREAD,804.59,404.35,400.24,0.1377,NORMAL,3.8375,0.2338,28.05,0.8142,TIMESTOP,2.0,11.01,0.030692,0.003,0.027692,33.29,0.8142,-2.3375,-0.021452,0.001936,True
276,2021-10-13 20:00:00+00:00,2021-10-13 22:00:00+00:00,2.0028,-2.0028,1.0257,0.027624,SHORT_SPREAD,1378.73,680.61,698.12,0.1377,NORMAL,3.5028,-0.2003,24.03,2.9557,TIMESTOP,2.0,0.0,-0.012669,0.003,-0.015669,-21.6,1.6346,2.9557,0.027624,0.001942,False
277,2021-10-14 04:00:00+00:00,2021-10-14 06:00:00+00:00,-2.1579,2.1579,1.023,-0.027199,LONG_SPREAD,1485.48,734.29,751.2,0.1377,NORMAL,3.6579,0.2158,25.89,-2.6432,TIMESTOP,2.0,0.0,-0.006783,0.003,-0.009783,-14.53,-1.1677,-2.6432,-0.027199,0.00189,False
278,2021-10-14 07:00:00+00:00,2021-10-14 09:00:00+00:00,-2.2415,2.2415,1.0144,-0.028853,LONG_SPREAD,771.53,383.02,388.51,0.1377,NORMAL,3.7415,0.2241,26.9,0.3611,TIMESTOP,2.0,26.24,0.035514,0.003,0.032514,51.33,0.3611,-2.2415,-0.028853,0.001868,True
279,2021-10-14 13:00:00+00:00,2021-10-14 15:00:00+00:00,-2.0444,2.0444,1.0048,-0.026714,LONG_SPREAD,1407.36,701.98,705.38,0.1377,NORMAL,3.5444,0.2044,24.53,-1.5723,TIMESTOP,2.0,0.0,0.006328,0.003,0.003328,4.68,-1.0775,-2.0444,-0.026714,0.001842,True
280,2021-10-15 19:00:00+00:00,2021-10-15 21:00:00+00:00,3.7203,-3.7203,1.013,0.052966,SHORT_SPREAD,2048.85,1017.79,1031.06,0.1377,STRONG,5.0,-0.372,44.64,2.5887,TIMESTOP,2.0,0.0,0.01551,0.003,0.01251,25.63,1.0532,3.7203,0.052966,0.001872,True
281,2021-10-16 09:00:00+00:00,2021-10-16 11:00:00+00:00,-2.1517,2.1517,1.0162,-0.02933,LONG_SPREAD,1481.22,734.64,746.57,0.1377,NORMAL,3.6517,0.2152,25.82,-1.756,TIMESTOP,2.0,0.0,0.005392,0.003,0.002392,3.54,-1.6525,-2.1517,-0.02933,0.001856,True
282,2021-10-16 14:00:00+00:00,2021-10-16 16:00:00+00:00,-2.8011,2.8011,1.005,-0.039344,LONG_SPREAD,964.16,480.87,483.29,0.1377,NORMAL,4.3011,0.2801,33.61,-0.99,TIMESTOP,2.0,23.91,0.0263,0.003,0.0233,46.38,-0.99,-2.8011,-0.039344,0.001839,True
283,2021-10-21 14:00:00+00:00,2021-10-21 16:00:00+00:00,-3.2439,3.2439,1.0033,-0.04359,LONG_SPREAD,1786.5,891.76,894.74,0.1377,STRONG,4.7439,0.3244,38.93,-1.1018,TIMESTOP,2.0,0.0,0.030226,0.003,0.027226,48.64,-1.1018,-3.2439,-0.04359,0.001893,True
284,2021-10-23 07:00:00+00:00,2021-10-23 09:00:00+00:00,-2.1312,2.1312,0.9929,-0.029366,LONG_SPREAD,1467.13,736.18,730.95,0.1377,NORMAL,3.6312,0.2131,25.57,-1.5553,TIMESTOP,2.0,0.0,0.008101,0.003,0.005101,7.48,-1.5553,-2.1312,-0.029366,0.001869,True
285,2021-10-23 11:00:00+00:00,2021-10-23 13:00:00+00:00,-2.3552,2.3552,0.9819,-0.03322,LONG_SPREAD,1621.36,818.06,803.3,0.1377,NORMAL,3.8552,0.2355,28.26,-1.2408,TIMESTOP,2.0,0.0,0.016359,0.003,0.013359,21.66,-1.0202,-2.3552,-0.03322,0.00184,True
286,2021-10-26 19:00:00+00:00,2021-10-26 21:00:00+00:00,-2.0261,2.0261,0.9549,-0.029205,LONG_SPREAD,697.4,356.74,340.66,0.1377,NORMAL,3.5261,0.2026,24.31,0.4523,TIMESTOP,2.0,24.28,0.037797,0.003,0.034797,48.54,0.4523,-2.0261,-0.029205,0.001802,True
287,2021-11-01 13:00:00+00:00,2021-11-01 15:00:00+00:00,2.78,-2.78,0.9682,0.042054,SHORT_SPREAD,1531.03,777.89,753.14,0.1377,NORMAL,4.28,-0.278,33.36,2.2076,TIMESTOP,2.0,0.0,0.008181,0.003,0.005181,7.93,1.5843,2.78,0.042054,0.001885,True
288,2021-11-01 20:00:00+00:00,2021-11-01 22:00:00+00:00,3.6834,-3.6834,0.986,0.057375,SHORT_SPREAD,1014.26,510.71,503.56,0.1377,STRONG,5.0,-0.3683,44.2,-0.2384,TIMESTOP,2.0,43.75,0.061733,0.003,0.058733,103.32,-0.2384,3.6834,0.057375,0.001869,True
289,2021-11-03 01:00:00+00:00,2021-11-03 03:00:00+00:00,-2.5759,2.5759,0.9868,-0.039252,LONG_SPREAD,886.63,446.26,440.37,0.1377,NORMAL,4.0759,0.2576,30.91,0.0757,TIMESTOP,2.0,25.37,0.042001,0.003,0.039001,59.95,0.0757,-2.5759,-0.039252,0.001847,True
290,2021-11-03 15:00:00+00:00,2021-11-03 17:00:00+00:00,3.4437,-3.4437,0.9964,0.055025,SHORT_SPREAD,1896.53,949.97,946.55,0.1377,STRONG,4.9437,-0.3444,41.32,1.6537,TIMESTOP,2.0,0.0,0.030086,0.003,0.027086,51.37,1.6537,3.4437,0.055025,0.001883,True
291,2021-11-04 13:00:00+00:00,2021-11-04 15:00:00+00:00,2.4942,-2.4942,1.0096,0.031973,SHORT_SPREAD,858.52,427.21,431.31,0.1377,NORMAL,3.9942,-0.2494,29.93,0.4531,TIMESTOP,2.0,17.23,0.025685,0.003,0.022685,36.7,0.4531,2.4942,0.031973,0.001905,True
292,2021-11-05 01:00:00+00:00,2021-11-05 03:00:00+00:00,-2.1461,2.1461,1.008,-0.025655,LONG_SPREAD,1477.41,735.75,741.67,0.1377,NORMAL,3.6461,0.2146,25.75,-1.7083,TIMESTOP,2.0,0.0,0.005206,0.003,0.002206,3.26,-1.7083,-2.1461,-0.025655,0.001914,True
293,2021-11-05 12:00:00+00:00,2021-11-05 14:00:00+00:00,-4.1478,4.1478,0.9891,-0.052091,LONG_SPREAD,2284.27,1148.42,1135.85,0.1377,STRONG,5.0,0.4148,49.77,-2.7468,TIMESTOP,2.0,0.0,0.017135,0.003,0.014135,32.29,-2.7468,-4.1478,-0.052091,0.001882,True
294,2021-11-05 16:00:00+00:00,2021-11-05 18:00:00+00:00,-2.2129,2.2129,0.9747,-0.028556,LONG_SPREAD,761.7,385.73,375.97,0.1377,NORMAL,3.7129,0.2213,26.56,-0.6719,TIMESTOP,2.0,14.19,0.020135,0.003,0.017135,27.25,-0.6719,-2.2129,-0.028556,0.001852,True
295,2021-11-10 13:00:00+00:00,2021-11-10 15:00:00+00:00,-3.4281,3.4281,0.9447,-0.043439,LONG_SPREAD,1887.93,970.82,917.11,0.1377,STRONG,4.9281,0.3428,41.14,-3.5726,TIMESTOP,2.0,0.0,-0.003497,0.003,-0.006497,-12.27,-3.4281,-4.5569,-0.043439,0.001835,False
296,2021-11-11 08:00:00+00:00,2021-11-11 10:00:00+00:00,-2.0227,2.0227,0.9222,-0.027402,LONG_SPREAD,696.22,362.19,334.03,0.1377,NORMAL,3.5227,0.2023,24.27,-0.5467,TIMESTOP,2.0,8.49,0.019505,0.003,0.016505,19.98,-0.5467,-2.0227,-0.027402,0.00179,True
297,2021-11-26 21:00:00+00:00,2021-11-26 23:00:00+00:00,-2.4619,2.4619,0.9325,-0.022317,LONG_SPREAD,1694.79,876.97,817.82,0.1377,NORMAL,3.9619,0.2462,29.54,-1.1093,TIMESTOP,2.0,0.0,0.01192,0.003,0.00892,15.12,-1.1093,-2.4619,-0.022317,0.002277,True
298,2021-11-28 02:00:00+00:00,2021-11-28 04:00:00+00:00,-3.2172,3.2172,0.9278,-0.029683,LONG_SPREAD,2214.75,1148.84,1065.9,0.1377,STRONG,4.7172,0.3217,38.61,-1.103,TIMESTOP,2.0,0.0,0.018982,0.003,0.015982,35.4,-1.103,-3.2172,-0.029683,0.002304,True
299,2021-11-29 00:00:00+00:00,2021-11-29 02:00:00+00:00,2.4679,-2.4679,0.9322,0.021321,SHORT_SPREAD,1698.95,879.27,819.68,0.1377,NORMAL,3.9679,-0.2468,29.62,1.7109,TIMESTOP,2.0,0.0,0.006598,0.003,0.003598,6.11,1.7109,2.7542,0.021321,0.00228,True
300,2021-11-29 18:00:00+00:00,2021-11-29 20:00:00+00:00,2.1523,-2.1523,0.9368,0.018926,SHORT_SPREAD,740.84,382.5,358.34,0.1377,NORMAL,3.6523,-0.2152,25.83,0.8096,TIMESTOP,2.0,7.91,0.012219,0.003,0.009219,14.74,0.8096,2.1523,0.018926,0.002254,True
301,2021-11-29 22:00:00+00:00,2021-11-30 00:00:00+00:00,3.1271,-3.1271,0.9408,0.028205,SHORT_SPREAD,1076.34,554.6,521.75,0.1377,STRONG,4.6271,-0.3127,37.52,0.4326,TIMESTOP,2.0,22.9,0.024978,0.003,0.021978,46.56,0.4326,3.1271,0.028205,0.002263,True
302,2021-11-30 17:00:00+00:00,2021-11-30 19:00:00+00:00,2.0461,-2.0461,0.9393,0.018324,SHORT_SPREAD,704.27,363.15,341.11,0.1377,NORMAL,3.5461,-0.2046,24.55,0.9262,TIMESTOP,2.0,6.1,0.010166,0.003,0.007166,11.15,0.9262,2.0461,0.018324,0.002213,True
303,2021-12-04 14:00:00+00:00,2021-12-04 16:00:00+00:00,-2.5044,2.5044,0.921,-0.019786,LONG_SPREAD,862.02,448.72,413.29,0.1377,NORMAL,4.0044,0.2504,30.05,-0.8389,TIMESTOP,2.0,11.94,0.013327,0.003,0.010327,20.84,-0.5917,-2.5044,-0.019786,0.002338,True
304,2021-12-04 21:00:00+00:00,2021-12-04 23:00:00+00:00,-2.4461,2.4461,0.9163,-0.019488,LONG_SPREAD,841.96,439.38,402.58,0.1377,NORMAL,3.9461,0.2446,29.35,-0.249,TIMESTOP,2.0,13.57,0.017618,0.003,0.014618,25.88,-0.249,-2.4461,-0.019488,0.002275,True
305,2021-12-06 23:00:00+00:00,2021-12-07 01:00:00+00:00,-2.4926,2.4926,0.9169,-0.020412,LONG_SPREAD,1715.91,895.13,820.78,0.1377,NORMAL,3.9926,0.2493,29.91,-2.2601,TIMESTOP,2.0,0.0,0.001608,0.003,-0.001392,-2.39,-2.2601,-2.5053,-0.020412,0.002318,False
306,2021-12-07 11:00:00+00:00,2021-12-07 13:00:00+00:00,2.4729,-2.4729,0.9161,0.020903,SHORT_SPREAD,851.16,444.22,406.95,0.1377,NORMAL,3.9729,-0.2473,29.67,0.8328,TIMESTOP,2.0,11.52,0.013865,0.003,0.010865,20.76,0.6983,2.4729,0.020903,0.002249,True
307,2021-12-07 16:00:00+00:00,2021-12-07 18:00:00+00:00,2.6816,-2.6816,0.9236,0.023241,SHORT_SPREAD,923.02,479.84,443.18,0.1377,NORMAL,4.1816,-0.2682,32.18,1.7676,TIMESTOP,2.0,14.75,0.007835,0.003,0.004835,19.21,0.669,2.6816,0.023241,0.002232,True
308,2021-12-08 00:00:00+00:00,2021-12-08 02:00:00+00:00,-5.0,5.0,0.9134,-0.047094,LONG_SPREAD,2753.62,1439.12,1314.5,0.1377,STRONG,5.0,0.5,60.0,-5.0,TIMESTOP,2.0,0.0,-0.002431,0.003,-0.005431,-14.96,-5.0,-5.0,-0.047094,0.002186,False
309,2021-12-08 03:00:00+00:00,2021-12-08 05:00:00+00:00,-4.6147,4.6147,0.8963,-0.044631,LONG_SPREAD,2541.43,1340.18,1201.25,0.1377,STRONG,5.0,0.4615,55.38,-2.1883,TIMESTOP,2.0,0.0,0.023133,0.003,0.020133,51.17,-2.1883,-4.6147,-0.044631,0.002156,True
310,2021-12-08 07:00:00+00:00,2021-12-08 09:00:00+00:00,-2.1061,2.1061,0.8863,-0.021137,LONG_SPREAD,1449.83,768.61,681.23,0.1377,NORMAL,3.6061,0.2106,25.27,-3.0166,TIMESTOP,2.0,0.0,-0.009437,0.003,-0.012437,-18.03,-2.1061,-3.0166,-0.021137,0.00213,False
311,2021-12-08 13:00:00+00:00,2021-12-08 15:00:00+00:00,-2.4564,2.4564,0.8766,-0.025116,LONG_SPREAD,845.49,450.54,394.96,0.1377,NORMAL,3.9564,0.2456,29.48,-0.385,TIMESTOP,2.0,13.46,0.020804,0.003,0.017804,28.51,-0.385,-2.4564,-0.025116,0.002121,True
312,2021-12-10 21:00:00+00:00,2021-12-10 23:00:00+00:00,2.8554,-2.8554,0.8853,0.027839,SHORT_SPREAD,1965.64,1042.63,923.01,0.1377,NORMAL,4.3554,-0.2855,34.26,2.0534,TIMESTOP,2.0,0.0,0.007713,0.003,0.004713,9.26,2.0534,2.8554,0.027839,0.002268,True
313,2021-12-11 00:00:00+00:00,2021-12-11 02:00:00+00:00,2.9434,-2.9434,0.8881,0.029425,SHORT_SPREAD,2026.23,1073.18,953.06,0.1377,NORMAL,4.4434,-0.2943,35.32,1.3771,TIMESTOP,2.0,0.0,0.015761,0.003,0.012761,25.86,1.3771,3.4344,0.029425,0.002292,True
314,2021-12-11 11:00:00+00:00,2021-12-11 13:00:00+00:00,-2.6275,2.6275,0.8916,-0.02771,LONG_SPREAD,1808.78,956.2,852.58,0.1377,NORMAL,4.1275,0.2627,31.53,-1.4128,TIMESTOP,2.0,0.0,0.012575,0.003,0.009575,17.32,-1.4128,-2.6275,-0.02771,0.002278,True
315,2021-12-11 15:00:00+00:00,2021-12-11 17:00:00+00:00,-2.1047,2.1047,0.8838,-0.022594,LONG_SPREAD,724.45,384.56,339.89,0.1377,NORMAL,3.6047,0.2105,25.26,0.0298,TIMESTOP,2.0,12.05,0.022645,0.003,0.019645,26.29,0.0298,-2.1047,-0.022594,0.002253,True
316,2021-12-11 19:00:00+00:00,2021-12-11 21:00:00+00:00,2.0794,-2.0794,0.885,0.021385,SHORT_SPREAD,715.75,379.7,336.05,0.1377,NORMAL,3.5794,-0.2079,24.95,0.0854,TIMESTOP,2.0,12.67,0.021231,0.003,0.018231,25.72,0.0854,2.0794,0.021385,0.002254,True
317,2021-12-12 10:00:00+00:00,2021-12-12 12:00:00+00:00,2.1558,-2.1558,0.8854,0.022223,SHORT_SPREAD,1484.04,787.12,696.92,0.1377,NORMAL,3.6558,-0.2156,25.87,1.806,TIMESTOP,2.0,0.0,0.003471,0.003,0.000471,0.7,1.806,2.4874,0.022223,0.002272,True
318,2021-12-15 19:00:00+00:00,2021-12-15 21:00:00+00:00,2.1971,-2.1971,0.8838,0.022841,SHORT_SPREAD,756.25,401.44,354.81,0.1377,NORMAL,3.6971,-0.2197,26.37,-2.3711,TIMESTOP,2.0,9.75,0.050309,0.003,0.047309,45.53,-2.3711,2.1971,0.022841,0.00235,True
319,2021-12-16 16:00:00+00:00,2021-12-16 18:00:00+00:00,2.2838,-2.2838,0.8733,0.024095,SHORT_SPREAD,786.08,419.62,366.47,0.1377,NORMAL,3.7838,-0.2284,27.41,-0.7972,TIMESTOP,2.0,22.37,0.034018,0.003,0.031018,46.76,-0.7972,2.2838,0.024095,0.002188,True
320,2021-12-18 05:00:00+00:00,2021-12-18 07:00:00+00:00,-2.6147,2.6147,0.8551,-0.029393,LONG_SPREAD,1799.95,970.27,829.68,0.1377,NORMAL,4.1147,0.2615,31.38,-1.9043,TIMESTOP,2.0,0.0,0.007591,0.003,0.004591,8.26,-1.9043,-2.6147,-0.029393,0.002269,True
321,2021-12-22 18:00:00+00:00,2021-12-22 20:00:00+00:00,2.2994,-2.2994,0.8553,0.02442,SHORT_SPREAD,1582.95,853.23,729.72,0.1377,NORMAL,3.7994,-0.2299,27.59,1.9406,TIMESTOP,2.0,0.0,0.003715,0.003,0.000715,1.13,1.8913,2.2994,0.02442,0.002198,True
322,2021-12-23 09:00:00+00:00,2021-12-23 11:00:00+00:00,-2.0219,2.0219,0.8525,-0.023132,LONG_SPREAD,1391.92,751.37,640.55,0.1377,NORMAL,3.5219,0.2022,24.26,-3.5003,TIMESTOP,2.0,0.0,-0.01712,0.003,-0.02012,-28.01,-2.0219,-3.5003,-0.023132,0.002182,False
323,2021-12-23 15:00:00+00:00,2021-12-23 17:00:00+00:00,2.1046,-2.1046,0.8455,0.023109,SHORT_SPREAD,724.4,392.51,331.89,0.1377,NORMAL,3.6046,-0.2105,25.25,1.3022,TIMESTOP,2.0,8.69,0.009071,0.003,0.006071,13.09,0.9224,2.1046,0.023109,0.002159,True
324,2021-12-23 19:00:00+00:00,2021-12-23 21:00:00+00:00,2.0184,-2.0184,0.8529,0.022487,SHORT_SPREAD,1389.45,749.87,639.58,0.1377,NORMAL,3.5184,-0.2018,24.22,1.4618,TIMESTOP,2.0,0.0,0.006259,0.003,0.003259,4.53,1.4618,2.0184,0.022487,0.002132,True
325,2021-12-26 16:00:00+00:00,2021-12-26 18:00:00+00:00,2.2773,-2.2773,0.8514,0.025795,SHORT_SPREAD,783.86,423.39,360.48,0.1377,NORMAL,3.7773,-0.2277,27.33,-0.2616,TIMESTOP,2.0,22.09,0.029681,0.003,0.026681,43.0,-0.2616,2.2773,0.025795,0.002112,True
326,2021-12-26 22:00:00+00:00,2021-12-27 00:00:00+00:00,2.6036,-2.6036,0.8539,0.029734,SHORT_SPREAD,1792.32,966.78,825.54,0.1377,NORMAL,4.1036,-0.2604,31.24,1.2603,TIMESTOP,2.0,0.0,0.01555,0.003,0.01255,22.49,1.2603,2.6036,0.029734,0.002068,True
327,2021-12-31 02:00:00+00:00,2021-12-31 04:00:00+00:00,-3.7964,3.7964,0.8581,-0.03842,LONG_SPREAD,2613.48,1406.5,1206.98,0.1377,STRONG,5.0,0.3796,45.56,-1.0648,TIMESTOP,2.0,0.0,0.028054,0.003,0.025054,65.48,-1.0648,-3.7964,-0.03842,0.002262,True
328,2022-01-02 00:00:00+00:00,2022-01-02 02:00:00+00:00,-2.1366,2.1366,0.8598,-0.020319,LONG_SPREAD,1470.87,790.89,679.99,0.1377,NORMAL,3.6366,0.2137,25.64,-1.161,TIMESTOP,2.0,0.0,0.00914,0.003,0.00614,9.03,-1.161,-2.1366,-0.020319,0.002227,True
329,2022-01-03 17:00:00+00:00,2022-01-03 19:00:00+00:00,-2.9296,2.9296,0.849,-0.028453,LONG_SPREAD,1008.39,545.38,463.0,0.1377,NORMAL,4.4296,0.293,35.16,-0.4612,TIMESTOP,2.0,22.57,0.023744,0.003,0.020744,43.49,-0.4471,-2.9296,-0.028453,0.00211,True
330,2022-01-03 23:00:00+00:00,2022-01-04 01:00:00+00:00,-2.5361,2.5361,0.8439,-0.024908,LONG_SPREAD,872.94,473.42,399.52,0.1377,NORMAL,4.0361,0.2536,30.43,-0.552,TIMESTOP,2.0,14.74,0.019162,0.003,0.016162,28.85,-0.552,-2.5361,-0.024908,0.002083,True
331,2022-01-04 08:00:00+00:00,2022-01-04 10:00:00+00:00,-2.5461,2.5461,0.8377,-0.025241,LONG_SPREAD,876.38,476.89,399.49,0.1377,NORMAL,4.0461,0.2546,30.55,-0.5926,TIMESTOP,2.0,15.35,0.019014,0.003,0.016014,29.38,-0.5926,-2.5461,-0.025241,0.002077,True
332,2022-01-05 00:00:00+00:00,2022-01-05 02:00:00+00:00,-2.9651,2.9651,0.8223,-0.030016,LONG_SPREAD,2041.21,1120.14,921.07,0.1377,NORMAL,4.4651,0.2965,35.58,-2.3832,TIMESTOP,2.0,0.0,0.005025,0.003,0.002025,4.13,-2.3832,-4.3092,-0.030016,0.002048,True
333,2022-01-05 04:00:00+00:00,2022-01-05 06:00:00+00:00,-2.3882,2.3882,0.8061,-0.025357,LONG_SPREAD,822.02,455.14,366.88,0.1377,NORMAL,3.8882,0.2388,28.66,1.2405,TIMESTOP,2.0,11.9,0.03752,0.003,0.03452,40.28,1.2405,-2.3882,-0.025357,0.001979,True
334,2022-01-05 15:00:00+00:00,2022-01-05 17:00:00+00:00,-2.7089,2.7089,0.7993,-0.028961,LONG_SPREAD,1864.83,1036.41,828.42,0.1377,NORMAL,4.2089,0.2709,32.51,-1.7639,TIMESTOP,2.0,0.0,0.009609,0.003,0.006609,12.32,-1.7639,-2.7089,-0.028961,0.001926,True
335,2022-01-05 18:00:00+00:00,2022-01-05 20:00:00+00:00,-2.1346,2.1346,0.7935,-0.023379,LONG_SPREAD,1469.46,819.32,650.14,0.1377,NORMAL,3.6346,0.2135,25.61,-2.6503,TIMESTOP,2.0,0.0,-0.00557,0.003,-0.00857,-12.59,-1.4728,-2.6503,-0.023379,0.001923,False
336,2022-01-05 21:00:00+00:00,2022-01-05 23:00:00+00:00,-2.1403,2.1403,0.7933,-0.023626,LONG_SPREAD,1473.42,821.63,651.79,0.1377,NORMAL,3.6403,0.214,25.68,-3.3757,TIMESTOP,2.0,0.0,-0.013194,0.003,-0.016194,-23.86,-1.6117,-3.3757,-0.023626,0.001952,False
337,2022-01-07 11:00:00+00:00,2022-01-07 13:00:00+00:00,-2.9386,2.9386,0.7714,-0.032166,LONG_SPREAD,2022.92,1142.02,880.91,0.1377,NORMAL,4.4386,0.2939,35.26,-1.3397,TIMESTOP,2.0,0.0,0.016718,0.003,0.013718,27.75,-1.3397,-2.9386,-0.032166,0.001951,True
338,2022-01-07 14:00:00+00:00,2022-01-07 16:00:00+00:00,-2.2624,2.2624,0.765,-0.025395,LONG_SPREAD,1557.45,882.42,675.03,0.1377,NORMAL,3.7624,0.2262,27.15,-3.0122,TIMESTOP,2.0,0.0,-0.008322,0.003,-0.011322,-17.63,-1.6945,-3.0122,-0.025395,0.001931,False
339,2022-01-09 02:00:00+00:00,2022-01-09 04:00:00+00:00,-2.8363,2.8363,0.7303,-0.032401,LONG_SPREAD,1952.49,1128.39,824.1,0.1377,NORMAL,4.3363,0.2836,34.04,-2.4668,TIMESTOP,2.0,0.0,0.00363,0.003,0.00063,1.23,-2.4668,-2.8363,-0.032401,0.001842,True
340,2022-01-10 17:00:00+00:00,2022-01-10 19:00:00+00:00,-2.386,2.386,0.709,-0.028865,LONG_SPREAD,821.26,480.54,340.72,0.1377,NORMAL,3.886,0.2386,28.63,-0.8254,TIMESTOP,2.0,13.5,0.017562,0.003,0.014562,25.45,-0.7962,-2.386,-0.028865,0.001794,True
341,2022-01-11 13:00:00+00:00,2022-01-11 15:00:00+00:00,2.6667,-2.6667,0.7129,0.028173,SHORT_SPREAD,1835.77,1071.75,764.02,0.1377,NORMAL,4.1667,-0.2667,32.0,3.4876,TIMESTOP,2.0,0.0,-0.009964,0.003,-0.012964,-23.8,1.8921,3.4876,0.028173,0.001801,False
342,2022-01-11 16:00:00+00:00,2022-01-11 18:00:00+00:00,4.3412,-4.3412,0.7208,0.049085,SHORT_SPREAD,2390.83,1389.41,1001.42,0.1377,STRONG,5.0,-0.4341,52.09,2.8223,TIMESTOP,2.0,0.0,0.017388,0.003,0.014388,34.4,2.7221,4.3412,0.049085,0.00181,True
343,2022-01-14 01:00:00+00:00,2022-01-14 03:00:00+00:00,2.7844,-2.7844,0.7503,0.030479,SHORT_SPREAD,1916.81,1095.1,821.71,0.1377,NORMAL,4.2844,-0.2784,33.41,1.886,TIMESTOP,2.0,0.0,0.009906,0.003,0.006906,13.24,1.886,3.2403,0.030479,0.001903,True
344,2022-01-15 17:00:00+00:00,2022-01-15 19:00:00+00:00,2.5177,-2.5177,0.757,0.028461,SHORT_SPREAD,1733.17,986.44,746.72,0.1377,NORMAL,4.0177,-0.2518,30.21,1.3794,TIMESTOP,2.0,0.0,0.013246,0.003,0.010246,17.76,1.3794,2.6866,0.028461,0.001898,True
345,2022-01-21 21:00:00+00:00,2022-01-21 23:00:00+00:00,-3.1611,3.1611,0.7529,-0.038137,LONG_SPREAD,2176.14,1241.44,934.69,0.1377,STRONG,4.6611,0.3161,37.93,-1.0635,TIMESTOP,2.0,0.0,0.024385,0.003,0.021385,46.54,-1.0635,-3.1611,-0.038137,0.002243,True
346,2022-01-22 10:00:00+00:00,2022-01-22 12:00:00+00:00,4.012,-4.012,0.7574,0.046176,SHORT_SPREAD,2209.53,1257.24,952.29,0.1377,STRONG,5.0,-0.4012,48.14,1.4952,TIMESTOP,2.0,0.0,0.030334,0.003,0.027334,60.4,1.4952,4.012,0.046176,0.002339,True
347,2022-01-30 05:00:00+00:00,2022-01-30 07:00:00+00:00,-2.8332,2.8332,0.7531,-0.028369,LONG_SPREAD,1950.41,1112.53,837.88,0.1377,NORMAL,4.3332,0.2833,34.0,-2.4959,TIMESTOP,2.0,0.0,0.003005,0.003,5e-06,0.01,-2.4959,-3.1771,-0.028369,0.002092,True
348,2022-01-30 08:00:00+00:00,2022-01-30 10:00:00+00:00,-2.4232,2.4232,0.7411,-0.024813,LONG_SPREAD,834.09,479.07,355.02,0.1377,NORMAL,3.9232,0.2423,29.08,-0.6926,TIMESTOP,2.0,13.91,0.018172,0.003,0.015172,26.56,-0.6926,-2.4232,-0.024813,0.002035,True
349,2022-01-30 20:00:00+00:00,2022-01-30 22:00:00+00:00,-2.5131,2.5131,0.7306,-0.026259,LONG_SPREAD,1730.03,999.66,730.37,0.1377,NORMAL,4.0131,0.2513,30.16,-1.2992,TIMESTOP,2.0,0.0,0.012784,0.003,0.009784,16.93,-1.2992,-2.5131,-0.026259,0.002039,True
350,2022-01-31 15:00:00+00:00,2022-01-31 17:00:00+00:00,3.0192,-3.0192,0.7276,0.031988,SHORT_SPREAD,2078.43,1203.08,875.34,0.1377,STRONG,4.5192,-0.3019,36.23,3.4206,TIMESTOP,2.0,0.0,-0.004893,0.003,-0.007893,-16.4,3.0192,3.4206,0.031988,0.002049,False
351,2022-01-31 18:00:00+00:00,2022-01-31 20:00:00+00:00,2.9977,-2.9977,0.7363,0.032733,SHORT_SPREAD,2063.62,1188.5,875.13,0.1377,NORMAL,4.4977,-0.2998,35.97,4.5516,STOPLOSS,2.0,0.0,-0.018297,0.003,-0.021297,-43.95,2.9977,4.5516,0.032733,0.002051,False
352,2022-01-31 21:00:00+00:00,2022-01-31 23:00:00+00:00,2.4117,-2.4117,0.7452,0.027725,SHORT_SPREAD,830.12,475.65,354.47,0.1377,NORMAL,3.9117,-0.2412,28.94,0.9209,TIMESTOP,2.0,12.53,0.016597,0.003,0.013597,23.82,0.9209,2.4117,0.027725,0.002057,True
353,2022-02-02 02:00:00+00:00,2022-02-02 04:00:00+00:00,2.5205,-2.5205,0.7607,0.027326,SHORT_SPREAD,867.57,492.74,374.83,0.1377,NORMAL,4.0205,-0.2521,30.25,-0.2231,TIMESTOP,2.0,24.31,0.029516,0.003,0.026516,47.31,-0.2231,2.5205,0.027326,0.002094,True
354,2022-02-05 03:00:00+00:00,2022-02-05 05:00:00+00:00,4.0981,-4.0981,0.7738,0.042415,SHORT_SPREAD,2256.93,1272.34,984.6,0.1377,STRONG,5.0,-0.4098,49.18,2.7461,TIMESTOP,2.0,0.0,0.013477,0.003,0.010477,23.65,2.7461,4.0981,0.042415,0.002065,True
355,2022-02-22 17:00:00+00:00,2022-02-22 19:00:00+00:00,-2.8492,2.8492,0.7644,-0.018806,LONG_SPREAD,980.7,555.83,424.87,0.1377,NORMAL,4.3492,0.2849,34.19,-0.8707,TIMESTOP,2.0,11.25,0.012975,0.003,0.009975,21.04,-0.8707,-2.8492,-0.018806,0.00253,True
356,2022-02-23 09:00:00+00:00,2022-02-23 11:00:00+00:00,2.2415,-2.2415,0.7694,0.014079,SHORT_SPREAD,1543.07,872.11,670.97,0.1377,NORMAL,3.7415,-0.2242,26.9,1.9887,TIMESTOP,2.0,0.0,0.001544,0.003,-0.001456,-2.25,1.6712,2.2415,0.014079,0.002504,False
357,2022-02-23 19:00:00+00:00,2022-02-23 21:00:00+00:00,-2.3756,2.3756,0.7725,-0.015526,LONG_SPREAD,817.7,461.33,356.36,0.1377,NORMAL,3.8756,0.2376,28.51,-0.7208,TIMESTOP,2.0,7.46,0.010619,0.003,0.007619,13.69,-0.7208,-2.5486,-0.015526,0.002512,True
358,2022-02-24 09:00:00+00:00,2022-02-24 11:00:00+00:00,-2.2123,2.2123,0.7728,-0.014513,LONG_SPREAD,761.49,429.54,331.94,0.1377,NORMAL,3.7123,0.2212,26.55,0.0288,TIMESTOP,2.0,9.96,0.014575,0.003,0.011575,18.77,0.0288,-2.2123,-0.014513,0.002608,True
359,2022-02-24 12:00:00+00:00,2022-02-24 14:00:00+00:00,3.0278,-3.0278,0.7732,0.01956,SHORT_SPREAD,2084.37,1175.47,908.89,0.1377,STRONG,4.5278,-0.3028,36.33,5.0,STOPLOSS,2.0,0.0,-0.021197,0.003,-0.024197,-50.44,3.0278,5.0,0.01956,0.002632,False
360,2022-02-24 15:00:00+00:00,2022-02-24 17:00:00+00:00,2.0349,-2.0349,0.7817,0.014018,SHORT_SPREAD,700.43,393.13,307.3,0.1377,NORMAL,3.5349,-0.2035,24.42,0.3989,TIMESTOP,2.0,4.9,0.011304,0.003,0.008304,10.71,0.3989,2.0349,0.014018,0.002611,True
361,2022-02-25 09:00:00+00:00,2022-02-25 11:00:00+00:00,-2.1999,2.1999,0.778,-0.015364,LONG_SPREAD,1514.42,851.76,662.67,0.1377,NORMAL,3.6999,0.22,26.4,-1.4597,TIMESTOP,2.0,0.0,0.005047,0.003,0.002047,3.1,-1.2692,-2.1999,-0.015364,0.002373,True
362,2022-02-25 23:00:00+00:00,2022-02-26 01:00:00+00:00,3.0745,-3.0745,0.7777,0.021168,SHORT_SPREAD,2116.54,1190.62,925.91,0.1377,STRONG,4.5745,-0.3075,36.89,4.1559,TIMESTOP,2.0,0.0,-0.00849,0.003,-0.01149,-24.32,3.0745,4.1559,0.021168,0.00228,False
363,2022-02-26 02:00:00+00:00,2022-02-26 04:00:00+00:00,3.639,-3.639,0.7882,0.026365,SHORT_SPREAD,2505.1,1400.89,1104.21,0.1377,STRONG,5.0,-0.3639,43.67,3.4079,TIMESTOP,2.0,0.0,0.002573,0.003,-0.000427,-1.07,3.4079,3.639,0.026365,0.00224,False
364,2022-02-26 05:00:00+00:00,2022-02-26 07:00:00+00:00,2.8094,-2.8094,0.7939,0.019378,SHORT_SPREAD,1934.0,1078.12,855.88,0.1377,NORMAL,4.3094,-0.2809,33.71,1.7729,TIMESTOP,2.0,0.0,0.007212,0.003,0.004212,8.15,1.7729,2.8094,0.019378,0.002242,True
365,2022-02-26 10:00:00+00:00,2022-02-26 12:00:00+00:00,3.7515,-3.7515,0.7989,0.026488,SHORT_SPREAD,2582.52,1435.59,1146.93,0.1377,STRONG,5.0,-0.3751,45.02,1.4025,TIMESTOP,2.0,0.0,0.016588,0.003,0.013588,35.09,1.4025,3.7515,0.026488,0.002257,True
366,2022-02-26 19:00:00+00:00,2022-02-26 21:00:00+00:00,2.1702,-2.1702,0.8011,0.015696,SHORT_SPREAD,746.99,414.75,332.24,0.1377,NORMAL,3.6702,-0.217,26.04,-1.7534,TIMESTOP,2.0,7.15,0.028901,0.003,0.025901,26.5,-1.7534,2.1702,0.015696,0.002247,True
367,2022-02-26 22:00:00+00:00,2022-02-27 00:00:00+00:00,-2.3695,2.3695,0.7987,-0.017409,LONG_SPREAD,815.58,453.43,362.15,0.1377,NORMAL,3.8695,0.2369,28.43,0.0187,TIMESTOP,2.0,13.12,0.017582,0.003,0.014582,25.01,0.0187,-2.3695,-0.017409,0.002238,True
368,2022-02-27 10:00:00+00:00,2022-02-27 12:00:00+00:00,2.2974,-2.2974,0.8018,0.017028,SHORT_SPREAD,790.75,438.87,351.89,0.1377,NORMAL,3.7974,-0.2297,27.57,0.5208,TIMESTOP,2.0,9.28,0.013239,0.003,0.010239,17.38,0.5208,2.2974,0.017028,0.002271,True
369,2022-02-27 17:00:00+00:00,2022-02-27 19:00:00+00:00,2.8298,-2.8298,0.8046,0.021391,SHORT_SPREAD,974.01,539.75,434.26,0.1377,NORMAL,4.3298,-0.283,33.96,-0.8796,TIMESTOP,2.0,20.89,0.028413,0.003,0.025413,45.65,-0.8796,2.8298,0.021391,0.002265,True
370,2022-02-28 06:00:00+00:00,2022-02-28 08:00:00+00:00,-2.4196,2.4196,0.8017,-0.01849,LONG_SPREAD,1665.66,924.49,741.17,0.1377,NORMAL,3.9196,0.242,29.04,-1.3097,TIMESTOP,2.0,0.0,0.008382,0.003,0.005382,8.96,-1.3097,-2.4196,-0.01849,0.002345,True
371,2022-02-28 09:00:00+00:00,2022-02-28 11:00:00+00:00,-2.2852,2.2852,0.7979,-0.017744,LONG_SPREAD,1573.13,874.97,698.16,0.1377,NORMAL,3.7852,0.2285,27.42,-1.4036,TIMESTOP,2.0,0.0,0.006726,0.003,0.003726,5.86,-1.4036,-2.2852,-0.017744,0.002344,True
372,2022-02-28 22:00:00+00:00,2022-03-01 00:00:00+00:00,3.4808,-3.4808,0.7958,0.026988,SHORT_SPREAD,2396.23,1334.36,1061.87,0.1377,STRONG,4.9808,-0.3481,41.77,2.6497,TIMESTOP,2.0,0.0,0.006029,0.003,0.003029,7.26,2.6497,3.4808,0.026988,0.002214,True
373,2022-03-03 21:00:00+00:00,2022-03-03 23:00:00+00:00,-2.0142,2.0142,0.7972,-0.016074,LONG_SPREAD,693.3,385.77,307.53,0.1377,NORMAL,3.5142,0.2014,24.17,-0.6764,TIMESTOP,2.0,6.36,0.010675,0.003,0.007675,11.68,-0.6764,-2.0142,-0.016074,0.002257,True
374,2022-03-05 15:00:00+00:00,2022-03-05 17:00:00+00:00,2.1417,-2.1417,0.7942,0.017071,SHORT_SPREAD,737.17,410.85,326.32,0.1377,NORMAL,3.6417,-0.2142,25.7,0.4772,TIMESTOP,2.0,8.69,0.013285,0.003,0.010285,16.27,0.4772,2.5447,0.017071,0.002359,True
375,2022-03-06 19:00:00+00:00,2022-03-06 21:00:00+00:00,2.0545,-2.0545,0.8012,0.016543,SHORT_SPREAD,1414.34,785.24,629.1,0.1377,NORMAL,3.5545,-0.2055,24.65,2.2121,TIMESTOP,2.0,0.0,-0.001499,0.003,-0.004499,-6.36,2.0545,2.4005,0.016543,0.002419,False
376,2022-03-08 18:00:00+00:00,2022-03-08 20:00:00+00:00,2.0077,-2.0077,0.8013,0.016594,SHORT_SPREAD,1382.1,767.28,614.82,0.1377,NORMAL,3.5077,-0.2008,24.09,1.9391,TIMESTOP,2.0,0.0,0.000366,0.003,-0.002634,-3.64,1.9391,2.0077,0.016594,0.00245,False
377,2022-03-11 06:00:00+00:00,2022-03-11 08:00:00+00:00,2.4596,-2.4596,0.8069,0.021131,SHORT_SPREAD,1693.21,937.06,756.15,0.1377,NORMAL,3.9596,-0.246,29.52,1.7292,TIMESTOP,2.0,0.0,0.005949,0.003,0.002949,4.99,1.7152,2.4596,0.021131,0.002472,True
378,2022-03-11 11:00:00+00:00,2022-03-11 13:00:00+00:00,2.0359,-2.0359,0.8145,0.017976,SHORT_SPREAD,1401.55,772.43,629.12,0.1377,NORMAL,3.5359,-0.2036,24.43,1.0437,TIMESTOP,2.0,0.0,0.008297,0.003,0.005297,7.42,1.0437,2.0359,0.017976,0.002448,True
379,2022-03-12 05:00:00+00:00,2022-03-12 07:00:00+00:00,2.2406,-2.2406,0.825,0.020303,SHORT_SPREAD,771.23,422.58,348.65,0.1377,NORMAL,3.7406,-0.2241,26.89,0.1091,TIMESTOP,2.0,13.09,0.018472,0.003,0.015472,25.02,0.1091,2.2406,0.020303,0.00246,True
380,2022-03-13 04:00:00+00:00,2022-03-13 06:00:00+00:00,-2.0029,2.0029,0.8235,-0.016206,LONG_SPREAD,689.39,378.07,311.32,0.1377,NORMAL,3.5029,0.2003,24.03,-0.6392,TIMESTOP,2.0,7.16,0.011879,0.003,0.008879,13.28,-0.6392,-2.0029,-0.016206,0.002486,True
381,2022-03-16 20:00:00+00:00,2022-03-16 22:00:00+00:00,2.5825,-2.5825,0.8075,0.023077,SHORT_SPREAD,888.9,491.78,397.12,0.1377,NORMAL,4.0825,-0.2582,30.99,0.7317,TIMESTOP,2.0,12.95,0.016069,0.003,0.013069,24.57,0.7317,2.5825,0.023077,0.002405,True
382,2022-03-17 11:00:00+00:00,2022-03-17 13:00:00+00:00,-2.6341,2.6341,0.8081,-0.022274,LONG_SPREAD,906.67,501.45,405.22,0.1377,NORMAL,4.1341,0.2634,31.61,0.2395,TIMESTOP,2.0,14.09,0.025437,0.003,0.022437,34.44,0.2395,-2.6341,-0.022274,0.002373,True
383,2022-03-18 11:00:00+00:00,2022-03-18 13:00:00+00:00,-2.0852,2.0852,0.8012,-0.017003,LONG_SPREAD,1435.46,796.93,638.53,0.1377,NORMAL,3.5852,0.2085,25.02,-2.747,TIMESTOP,2.0,0.0,-0.005917,0.003,-0.008917,-12.8,-1.9602,-2.747,-0.017003,0.002407,False
384,2022-03-18 14:00:00+00:00,2022-03-18 16:00:00+00:00,-2.4879,2.4879,0.7947,-0.020893,LONG_SPREAD,856.34,477.16,379.19,0.1377,NORMAL,3.9879,0.2488,29.85,0.1797,TIMESTOP,2.0,18.61,0.02323,0.003,0.02023,35.93,0.1797,-2.4879,-0.020893,0.00239,True
385,2022-03-22 04:00:00+00:00,2022-03-22 06:00:00+00:00,2.3366,-2.3366,0.7992,0.017171,SHORT_SPREAD,1608.56,894.06,714.5,0.1377,NORMAL,3.8366,-0.2337,28.04,1.2469,TIMESTOP,2.0,0.0,0.007892,0.003,0.004892,7.87,1.2469,2.3366,0.017171,0.002383,True
386,2022-03-22 23:00:00+00:00,2022-03-23 01:00:00+00:00,2.3319,-2.3319,0.8095,0.017513,SHORT_SPREAD,1605.29,887.15,718.14,0.1377,NORMAL,3.8319,-0.2332,27.98,1.1649,TIMESTOP,2.0,0.0,0.008531,0.003,0.005531,8.88,1.1649,2.3319,0.017513,0.002381,True
387,2022-03-23 02:00:00+00:00,2022-03-23 04:00:00+00:00,3.512,-3.512,0.8128,0.026691,SHORT_SPREAD,1208.83,666.82,542.01,0.1377,STRONG,5.0,-0.3512,42.14,0.3943,TIMESTOP,2.0,26.59,0.023498,0.003,0.020498,51.37,0.3943,3.512,0.026691,0.002392,True
388,2022-03-23 20:00:00+00:00,2022-03-23 22:00:00+00:00,2.0862,-2.0862,0.8178,0.016391,SHORT_SPREAD,718.06,395.02,323.04,0.1377,NORMAL,3.5862,-0.2086,25.03,0.0817,TIMESTOP,2.0,9.78,0.015119,0.003,0.012119,18.48,0.0817,2.0862,0.016391,0.00239,True
389,2022-03-24 08:00:00+00:00,2022-03-24 10:00:00+00:00,-2.7383,2.7383,0.8159,-0.019875,LONG_SPREAD,1885.03,1038.07,846.95,0.1377,NORMAL,4.2383,0.2738,32.86,-1.2137,TIMESTOP,2.0,0.0,0.011408,0.003,0.008408,15.85,-1.2137,-2.9871,-0.019875,0.002375,True
390,2022-03-24 11:00:00+00:00,2022-03-24 13:00:00+00:00,-2.605,2.605,0.8108,-0.019311,LONG_SPREAD,896.65,495.18,401.47,0.1377,NORMAL,4.105,0.2605,31.26,-0.9242,TIMESTOP,2.0,10.2,0.012874,0.003,0.009874,19.05,-0.9242,-2.605,-0.019311,0.002364,True
391,2022-03-28 00:00:00+00:00,2022-03-28 02:00:00+00:00,2.3667,-2.3667,0.8184,0.018557,SHORT_SPREAD,1629.24,895.97,733.26,0.1377,NORMAL,3.8667,-0.2367,28.4,1.9515,TIMESTOP,2.0,0.0,0.002986,0.003,-1.4e-05,-0.02,1.8223,2.3667,0.018557,0.002361,False
392,2022-03-28 03:00:00+00:00,2022-03-28 05:00:00+00:00,2.9668,-2.9668,0.8234,0.023514,SHORT_SPREAD,1021.17,560.04,461.13,0.1377,NORMAL,4.4668,-0.2967,35.6,0.2143,TIMESTOP,2.0,20.2,0.021281,0.003,0.018281,38.87,0.2143,2.9668,0.023514,0.002356,True
393,2022-03-30 03:00:00+00:00,2022-03-30 05:00:00+00:00,-2.5258,2.5258,0.8149,-0.018681,LONG_SPREAD,869.38,479.01,390.37,0.1377,NORMAL,4.0258,0.2526,30.31,-0.6074,TIMESTOP,2.0,11.4,0.014609,0.003,0.011609,21.49,-0.6074,-2.5258,-0.018681,0.002359,True
394,2022-03-30 17:00:00+00:00,2022-03-30 19:00:00+00:00,2.1123,-2.1123,0.8136,0.016565,SHORT_SPREAD,727.06,400.9,326.16,0.1377,NORMAL,3.6123,-0.2112,25.35,-0.6378,TIMESTOP,2.0,14.27,0.021124,0.003,0.018124,27.45,-0.6378,2.1123,0.016565,0.002343,True
395,2022-04-02 11:00:00+00:00,2022-04-02 12:00:00+00:00,3.2954,-3.2954,0.8172,0.024191,SHORT_SPREAD,2268.55,1248.39,1020.16,0.1377,STRONG,4.7954,-0.3295,39.54,4.8934,STOPLOSS,1.0,0.0,-0.012609,0.003,-0.015609,-35.41,3.2954,4.8934,0.024191,0.002344,False
396,2022-04-02 23:00:00+00:00,2022-04-03 01:00:00+00:00,-2.0224,2.0224,0.8221,-0.015263,LONG_SPREAD,696.13,382.05,314.08,0.1377,NORMAL,3.5224,0.2022,24.27,0.1345,TIMESTOP,2.0,10.96,0.016438,0.003,0.013438,20.32,0.242,-2.0224,-0.015263,0.00236,True
397,2022-04-03 05:00:00+00:00,2022-04-03 07:00:00+00:00,-2.3848,2.3848,0.8184,-0.017986,LONG_SPREAD,820.85,451.41,369.44,0.1377,NORMAL,3.8848,0.2385,28.62,0.3658,TIMESTOP,2.0,13.23,0.021007,0.003,0.018007,28.01,0.3658,-2.3848,-0.017986,0.002351,True
398,2022-04-03 17:00:00+00:00,2022-04-03 19:00:00+00:00,-2.3157,2.3157,0.8162,-0.017569,LONG_SPREAD,797.06,438.85,358.2,0.1377,NORMAL,3.8157,0.2316,27.79,-0.1653,TIMESTOP,2.0,11.94,0.016475,0.003,0.013475,22.68,-0.1653,-2.3157,-0.017569,0.002337,True
399,2022-04-05 00:00:00+00:00,2022-04-05 02:00:00+00:00,2.019,-2.019,0.8183,0.015542,SHORT_SPREAD,694.93,382.19,312.74,0.1377,NORMAL,3.519,-0.2019,24.23,0.1249,TIMESTOP,2.0,8.94,0.01437,0.003,0.01137,16.85,0.1249,2.019,0.015542,0.002397,True
400,2022-04-05 14:00:00+00:00,2022-04-05 16:00:00+00:00,-2.0204,2.0204,0.8201,-0.015063,LONG_SPREAD,695.43,382.08,313.35,0.1377,NORMAL,3.5204,0.202,24.25,-0.9295,TIMESTOP,2.0,4.44,0.008315,0.003,0.005315,8.13,-0.9295,-2.0204,-0.015063,0.00242,True
401,2022-04-11 09:00:00+00:00,2022-04-11 11:00:00+00:00,-3.8144,3.8144,0.8071,-0.026852,LONG_SPREAD,1312.93,726.56,586.37,0.1377,STRONG,5.0,0.3814,45.77,-0.0642,TIMESTOP,2.0,27.59,0.026702,0.003,0.023702,58.71,-0.0642,-3.8144,-0.026852,0.002728,True
402,2022-04-17 03:00:00+00:00,2022-04-17 05:00:00+00:00,-2.2315,2.2315,0.8231,-0.013966,LONG_SPREAD,1536.15,842.59,693.56,0.1377,NORMAL,3.7315,0.2231,26.78,-1.8718,TIMESTOP,2.0,0.0,0.002031,0.003,-0.000969,-1.49,-1.8718,-2.841,-0.013966,0.002889,False
403,2022-04-17 06:00:00+00:00,2022-04-17 08:00:00+00:00,-2.6305,2.6305,0.8175,-0.016824,LONG_SPREAD,905.42,498.16,407.26,0.1377,NORMAL,4.1305,0.263,31.57,-0.4378,TIMESTOP,2.0,11.19,0.013862,0.003,0.010862,21.03,-0.4378,-2.6305,-0.016824,0.002862,True
404,2022-04-19 18:00:00+00:00,2022-04-19 20:00:00+00:00,2.5403,-2.5403,0.8204,0.01507,SHORT_SPREAD,1748.77,960.65,788.13,0.1377,NORMAL,4.0403,-0.254,30.48,2.7268,TIMESTOP,2.0,0.0,-0.00141,0.003,-0.00441,-7.71,2.5025,2.7268,0.01507,0.002871,False
405,2022-04-19 21:00:00+00:00,2022-04-19 23:00:00+00:00,2.0973,-2.0973,0.8236,0.012701,SHORT_SPREAD,721.89,395.87,326.02,0.1377,NORMAL,3.5973,-0.2097,25.17,0.1326,TIMESTOP,2.0,5.68,0.012165,0.003,0.009165,12.29,0.1326,2.0973,0.012701,0.00288,True
406,2022-04-20 13:00:00+00:00,2022-04-20 15:00:00+00:00,3.214,-3.214,0.8281,0.019913,SHORT_SPREAD,2212.51,1210.24,1002.26,0.1377,STRONG,4.714,-0.3214,38.57,2.3012,TIMESTOP,2.0,0.0,0.005496,0.003,0.002496,5.52,1.8993,3.214,0.019913,0.002872,True
407,2022-04-21 22:00:00+00:00,2022-04-22 00:00:00+00:00,-2.3965,2.3965,0.83,-0.014237,LONG_SPREAD,1649.75,901.5,748.25,0.1377,NORMAL,3.8965,0.2396,28.76,-2.4845,TIMESTOP,2.0,0.0,-0.00075,0.003,-0.00375,-6.19,-2.3965,-2.5448,-0.014237,0.002957,False
408,2022-04-23 09:00:00+00:00,2022-04-23 11:00:00+00:00,2.1198,-2.1198,0.8303,0.013106,SHORT_SPREAD,729.63,398.65,330.98,0.1377,NORMAL,3.6198,-0.212,25.44,0.5453,TIMESTOP,2.0,6.05,0.009789,0.003,0.006789,11.0,0.5453,2.1198,0.013106,0.00303,True
409,2022-04-23 15:00:00+00:00,2022-04-23 17:00:00+00:00,2.3853,-2.3853,0.8342,0.013961,SHORT_SPREAD,1642.04,895.23,746.81,0.1377,NORMAL,3.8853,-0.2385,28.62,2.5945,TIMESTOP,2.0,0.0,-0.001502,0.003,-0.004502,-7.39,2.3853,3.2603,0.013961,0.003028,False
410,2022-04-23 18:00:00+00:00,2022-04-23 20:00:00+00:00,2.3154,-2.3154,0.8379,0.013905,SHORT_SPREAD,1593.91,867.25,726.65,0.1377,NORMAL,3.8154,-0.2315,27.78,1.4463,TIMESTOP,2.0,0.0,0.005117,0.003,0.002117,3.37,1.4463,2.3154,0.013905,0.003036,True
411,2022-04-24 15:00:00+00:00,2022-04-24 17:00:00+00:00,-2.0266,2.0266,0.8344,-0.011885,LONG_SPREAD,1395.14,760.55,634.59,0.1377,NORMAL,3.5266,0.2027,24.32,-2.0534,TIMESTOP,2.0,0.0,-0.000113,0.003,-0.003113,-4.34,-2.0266,-2.2306,-0.011885,0.003069,False
412,2022-04-30 23:00:00+00:00,2022-05-01 01:00:00+00:00,-3.7769,3.7769,0.8215,-0.021923,LONG_SPREAD,1300.02,713.71,586.31,0.1377,STRONG,5.0,0.3777,45.32,-1.2011,TIMESTOP,2.0,20.8,0.014972,0.003,0.011972,36.37,-0.7755,-3.7769,-0.021923,0.00342,True
413,2022-05-04 06:00:00+00:00,2022-05-04 08:00:00+00:00,2.5838,-2.5838,0.8234,0.014878,SHORT_SPREAD,889.35,487.74,401.62,0.1377,NORMAL,4.0838,-0.2584,31.01,0.9245,TIMESTOP,2.0,7.12,0.00951,0.003,0.00651,12.91,0.9245,2.5838,0.014878,0.00349,True
414,2022-05-05 14:00:00+00:00,2022-05-05 16:00:00+00:00,-4.3115,4.3115,0.8311,-0.025242,LONG_SPREAD,2968.03,1620.88,1347.16,0.1377,STRONG,5.0,0.4311,51.74,-2.2289,TIMESTOP,2.0,0.0,0.012002,0.003,0.009002,26.72,-2.2289,-4.3115,-0.025242,0.00329,True
415,2022-05-05 17:00:00+00:00,2022-05-05 19:00:00+00:00,-2.3531,2.3531,0.8347,-0.014155,LONG_SPREAD,809.95,441.47,368.48,0.1377,NORMAL,3.8531,0.2353,28.24,-0.5221,TIMESTOP,2.0,7.67,0.010974,0.003,0.007974,14.13,-0.5221,-2.3531,-0.014155,0.003294,True
416,2022-05-08 08:00:00+00:00,2022-05-08 10:00:00+00:00,-2.3033,2.3033,0.8297,-0.013551,LONG_SPREAD,1585.6,866.57,719.03,0.1377,NORMAL,3.8033,0.2303,27.64,-1.6444,TIMESTOP,2.0,0.0,0.003725,0.003,0.000725,1.15,-1.6444,-2.3033,-0.013551,0.00353,True
417,2022-05-09 07:00:00+00:00,2022-05-09 09:00:00+00:00,-2.8539,2.8539,0.8253,-0.017138,LONG_SPREAD,1964.61,1076.31,888.3,0.1377,NORMAL,4.3539,0.2854,34.25,-5.0,STOPLOSS,2.0,0.0,-0.014287,0.003,-0.017287,-33.96,-2.4862,-5.0,-0.017138,0.003615,False
418,2022-05-09 10:00:00+00:00,2022-05-09 12:00:00+00:00,-2.0783,2.0783,0.8246,-0.013151,LONG_SPREAD,1430.69,784.11,646.58,0.1377,NORMAL,3.5783,0.2078,24.94,-2.7716,TIMESTOP,2.0,0.0,-0.004629,0.003,-0.007629,-10.91,-2.0783,-3.5278,-0.013151,0.003629,False
419,2022-05-09 13:00:00+00:00,2022-05-09 15:00:00+00:00,-2.4597,2.4597,0.8238,-0.015977,LONG_SPREAD,1693.28,928.43,764.84,0.1377,NORMAL,3.9597,0.246,29.52,-4.535,STOPLOSS,2.0,0.0,-0.01351,0.003,-0.01651,-27.96,-1.6248,-4.535,-0.015977,0.003657,False
420,2022-05-09 16:00:00+00:00,2022-05-09 18:00:00+00:00,-2.7401,2.7401,0.8261,-0.018335,LONG_SPREAD,1886.32,1032.96,853.36,0.1377,NORMAL,4.2401,0.274,32.88,-1.2516,TIMESTOP,2.0,0.0,0.009499,0.003,0.006499,12.26,-1.2516,-2.7401,-0.018335,0.003674,True
421,2022-05-10 00:00:00+00:00,2022-05-10 02:00:00+00:00,2.894,-2.894,0.8269,0.017788,SHORT_SPREAD,996.11,545.25,450.87,0.1377,NORMAL,4.394,-0.2894,34.73,1.1098,TIMESTOP,2.0,12.68,0.011484,0.003,0.008484,21.13,0.6903,2.894,0.017788,0.003703,True
422,2022-05-10 05:00:00+00:00,2022-05-10 07:00:00+00:00,2.9146,-2.9146,0.8329,0.018214,SHORT_SPREAD,2006.4,1094.66,911.74,0.1377,NORMAL,4.4146,-0.2915,34.97,1.9492,TIMESTOP,2.0,0.0,0.006004,0.003,0.003004,6.03,1.9492,3.5064,0.018214,0.003657,True
423,2022-05-10 21:00:00+00:00,2022-05-10 23:00:00+00:00,-2.404,2.404,0.8452,-0.016638,LONG_SPREAD,827.45,448.44,379.01,0.1377,NORMAL,3.904,0.2404,28.85,0.7602,TIMESTOP,2.0,16.18,0.021058,0.003,0.018058,31.13,0.7602,-2.404,-0.016638,0.003527,True
424,2022-05-11 05:00:00+00:00,2022-05-11 07:00:00+00:00,-2.5604,2.5604,0.8427,-0.017864,LONG_SPREAD,1762.57,956.53,806.04,0.1377,NORMAL,4.0604,0.256,30.72,-2.789,TIMESTOP,2.0,0.0,-0.001743,0.003,-0.004743,-8.36,-1.9206,-2.789,-0.017864,0.00355,False
425,2022-05-11 11:00:00+00:00,2022-05-11 12:00:00+00:00,-3.2492,3.2492,0.843,-0.02313,LONG_SPREAD,2236.79,1213.7,1023.09,0.1377,STRONG,4.7492,0.3249,38.99,-5.0,STOPLOSS,1.0,0.0,-0.089021,0.003,-0.092021,-205.83,-3.2492,-5.0,-0.02313,0.003556,False
426,2022-05-11 17:00:00+00:00,2022-05-11 19:00:00+00:00,-3.1345,3.1345,0.8927,-0.028345,LONG_SPREAD,2157.8,1140.04,1017.76,0.1377,STRONG,4.6345,0.3134,37.61,-1.5119,TIMESTOP,2.0,0.0,0.0139,0.003,0.0109,23.52,-1.335,-3.1345,-0.028345,0.003379,True
427,2022-05-11 20:00:00+00:00,2022-05-11 22:00:00+00:00,-3.5274,3.5274,0.9036,-0.032276,LONG_SPREAD,1214.15,637.82,576.33,0.1377,STRONG,5.0,0.3527,42.33,1.3437,TIMESTOP,2.0,43.17,0.043218,0.003,0.040218,92.0,1.3437,-3.5274,-0.032276,0.003299,True
428,2022-05-11 23:00:00+00:00,2022-05-12 01:00:00+00:00,3.8203,-3.8203,0.9025,0.0321,SHORT_SPREAD,2629.92,1382.32,1247.6,0.1377,STRONG,5.0,-0.382,45.84,2.1864,TIMESTOP,2.0,0.0,0.014229,0.003,0.011229,29.53,2.1864,3.8203,0.0321,0.003325,True
429,2022-05-12 13:00:00+00:00,2022-05-12 15:00:00+00:00,2.9251,-2.9251,0.9028,0.025116,SHORT_SPREAD,2013.65,1058.25,955.4,0.1377,NORMAL,4.4251,-0.2925,35.1,2.6065,TIMESTOP,2.0,0.0,0.002421,0.003,-0.000579,-1.17,2.6065,3.0407,0.025116,0.003145,False
430,2022-05-12 21:00:00+00:00,2022-05-12 23:00:00+00:00,-2.7408,2.7408,0.9148,-0.026863,LONG_SPREAD,943.4,492.69,450.72,0.1377,NORMAL,4.2408,0.2741,32.89,0.9329,TIMESTOP,2.0,21.45,0.034941,0.003,0.031941,51.58,0.9329,-2.7408,-0.026863,0.002989,True
431,2022-05-13 00:00:00+00:00,2022-05-13 02:00:00+00:00,2.0191,-2.0191,0.9187,0.017692,SHORT_SPREAD,1389.98,724.45,665.53,0.1377,NORMAL,3.5191,-0.2019,24.23,3.1952,TIMESTOP,2.0,0.0,-0.0114,0.003,-0.0144,-20.02,1.8589,3.1952,0.017692,0.002962,False
432,2022-05-13 03:00:00+00:00,2022-05-13 05:00:00+00:00,2.1457,-2.1457,0.9317,0.019382,SHORT_SPREAD,738.54,382.33,356.22,0.1377,NORMAL,3.6457,-0.2146,25.75,0.629,TIMESTOP,2.0,9.55,0.014427,0.003,0.011427,17.99,0.629,2.1457,0.019382,0.002838,True
433,2022-05-13 06:00:00+00:00,2022-05-13 07:00:00+00:00,2.9172,-2.9172,0.9408,0.027071,SHORT_SPREAD,2008.19,1034.73,973.46,0.1377,NORMAL,4.4172,-0.2917,35.01,4.4533,STOPLOSS,1.0,0.0,-0.015536,0.003,-0.018536,-37.22,2.9172,4.4533,0.027071,0.002677,False
434,2022-05-13 08:00:00+00:00,2022-05-13 10:00:00+00:00,4.5011,-4.5011,0.9518,0.044201,SHORT_SPREAD,2478.85,1270.03,1208.82,0.1377,STRONG,5.0,-0.4501,54.01,5.0,TIMESTOP,2.0,0.0,-0.012373,0.003,-0.015373,-38.11,4.5011,5.0,0.044201,0.002657,False
435,2022-05-13 14:00:00+00:00,2022-05-13 16:00:00+00:00,2.6495,-2.6495,1.005,0.031354,SHORT_SPREAD,1823.96,909.71,914.25,0.1377,NORMAL,4.1495,-0.265,31.79,1.0223,TIMESTOP,2.0,0.0,0.019151,0.003,0.016151,29.46,1.0223,3.8551,0.031354,0.002535,True
436,2022-05-13 21:00:00+00:00,2022-05-13 23:00:00+00:00,2.0308,-2.0308,1.0107,0.024829,SHORT_SPREAD,1397.98,695.26,702.72,0.1377,NORMAL,3.5308,-0.2031,24.37,-1.431,TIMESTOP,2.0,0.0,0.043083,0.003,0.040083,56.04,-1.9977,2.0308,0.024829,0.002575,True
437,2022-05-14 18:00:00+00:00,2022-05-14 20:00:00+00:00,3.1287,-3.1287,1.0169,0.039116,SHORT_SPREAD,2153.83,1067.88,1085.95,0.1377,STRONG,4.6287,-0.3129,37.54,2.0475,TIMESTOP,2.0,0.0,0.01338,0.003,0.01038,22.36,1.723,3.1287,0.039116,0.002655,True
438,2022-05-15 11:00:00+00:00,2022-05-15 13:00:00+00:00,-2.9198,2.9198,1.0157,-0.037241,LONG_SPREAD,2010.03,997.2,1012.83,0.1377,NORMAL,4.4198,0.292,35.04,-2.4182,TIMESTOP,2.0,0.0,0.005895,0.003,0.002895,5.82,-2.4182,-2.9198,-0.037241,0.002541,True
439,2022-05-15 14:00:00+00:00,2022-05-15 16:00:00+00:00,-4.1577,4.1577,0.9991,-0.054868,LONG_SPREAD,1144.88,572.7,572.18,0.1377,STRONG,5.0,0.4158,49.89,-0.9108,TIMESTOP,2.0,48.1,0.043517,0.003,0.040517,94.49,-0.9108,-4.1577,-0.054868,0.002503,True
440,2022-05-16 13:00:00+00:00,2022-05-16 15:00:00+00:00,-2.2109,2.2109,0.9966,-0.029475,LONG_SPREAD,1521.99,762.27,759.71,0.1377,NORMAL,3.7109,0.2211,26.53,-1.2626,TIMESTOP,2.0,0.0,0.012631,0.003,0.009631,14.66,-1.2626,-2.2109,-0.029475,0.002491,True
441,2022-05-27 09:00:00+00:00,2022-05-27 11:00:00+00:00,3.6637,-3.6637,0.9562,0.051769,SHORT_SPREAD,2017.7,1031.43,986.27,0.1377,STRONG,5.0,-0.3664,43.96,2.8573,TIMESTOP,2.0,0.0,0.009831,0.003,0.006831,13.78,2.8573,5.0,0.051769,0.002879,True
442,2022-06-01 00:00:00+00:00,2022-06-01 02:00:00+00:00,-2.0348,2.0348,0.9382,-0.030227,LONG_SPREAD,1400.74,722.71,678.03,0.1377,NORMAL,3.5348,0.2035,24.42,-1.5278,TIMESTOP,2.0,0.0,0.007424,0.003,0.004424,6.2,-1.5154,-2.0348,-0.030227,0.00258,True
443,2022-06-04 21:00:00+00:00,2022-06-04 23:00:00+00:00,-2.6494,2.6494,0.9241,-0.029374,LONG_SPREAD,1823.89,947.94,875.95,0.1377,NORMAL,4.1494,0.2649,31.79,-3.0396,TIMESTOP,2.0,0.0,-0.004918,0.003,-0.007918,-14.44,-2.6494,-3.8988,-0.029374,0.00277,False
444,2022-06-05 00:00:00+00:00,2022-06-05 02:00:00+00:00,-2.7392,2.7392,0.9062,-0.031361,LONG_SPREAD,1885.66,989.21,896.45,0.1377,NORMAL,4.2392,0.2739,32.87,-1.981,TIMESTOP,2.0,0.0,0.007931,0.003,0.004931,9.3,-1.981,-2.7392,-0.031361,0.002699,True
445,2022-06-05 21:00:00+00:00,2022-06-05 23:00:00+00:00,-2.0913,2.0913,0.8825,-0.023067,LONG_SPREAD,1439.64,764.75,674.88,0.1377,NORMAL,3.5913,0.2091,25.1,-1.2009,TIMESTOP,2.0,0.0,0.009047,0.003,0.006047,8.71,-1.2009,-2.0913,-0.023067,0.002613,True
446,2022-06-07 18:00:00+00:00,2022-06-07 20:00:00+00:00,-4.1867,4.1867,0.8499,-0.045374,LONG_SPREAD,2305.7,1246.4,1059.3,0.1377,STRONG,5.0,0.4187,50.24,-4.8001,TIMESTOP,2.0,0.0,-0.008372,0.003,-0.011372,-26.22,-3.6101,-4.8001,-0.045374,0.002527,False
447,2022-06-07 21:00:00+00:00,2022-06-07 23:00:00+00:00,-4.8719,4.8719,0.8149,-0.055907,LONG_SPREAD,2683.06,1478.33,1204.73,0.1377,STRONG,5.0,0.4872,58.46,-3.0624,TIMESTOP,2.0,0.0,0.019035,0.003,0.016035,43.02,-3.0624,-4.8719,-0.055907,0.002348,True
448,2022-06-08 00:00:00+00:00,2022-06-08 02:00:00+00:00,-2.071,2.071,0.7962,-0.025982,LONG_SPREAD,1425.68,793.7,631.98,0.1377,NORMAL,3.571,0.2071,24.85,-1.0403,TIMESTOP,2.0,0.0,0.011728,0.003,0.008728,12.44,-1.0403,-2.071,-0.025982,0.002276,True
449,2022-06-09 06:00:00+00:00,2022-06-09 08:00:00+00:00,2.0052,-2.0052,0.7785,0.020538,SHORT_SPREAD,690.2,388.09,302.12,0.1377,NORMAL,3.5052,-0.2005,24.06,0.6508,TIMESTOP,2.0,15.11,0.015714,0.003,0.012714,23.88,-0.0055,2.0052,0.020538,0.002279,True
450,2022-06-09 10:00:00+00:00,2022-06-09 12:00:00+00:00,-2.4315,2.4315,0.7694,-0.030784,LONG_SPREAD,1673.89,946.04,727.85,0.1377,NORMAL,3.9315,0.2432,29.18,-1.7148,TIMESTOP,2.0,0.0,0.008092,0.003,0.005092,8.52,-1.7148,-2.4315,-0.030784,0.002216,True
451,2022-06-09 13:00:00+00:00,2022-06-09 15:00:00+00:00,-2.7705,2.7705,0.7562,-0.035298,LONG_SPREAD,953.62,543.01,410.62,0.1377,NORMAL,4.2705,0.2771,33.25,-1.4477,TIMESTOP,2.0,19.93,0.015484,0.003,0.012484,31.83,-0.875,-2.7705,-0.035298,0.002164,True
452,2022-06-11 10:00:00+00:00,2022-06-11 12:00:00+00:00,3.3438,-3.3438,0.7532,0.038319,SHORT_SPREAD,1150.96,656.49,494.47,0.1377,STRONG,4.8438,-0.3344,40.13,0.3259,TIMESTOP,2.0,37.79,0.037437,0.003,0.034437,77.42,0.3259,3.3438,0.038319,0.002339,True
453,2022-06-14 01:00:00+00:00,2022-06-14 03:00:00+00:00,2.1336,-2.1336,0.754,0.023834,SHORT_SPREAD,1468.79,837.4,631.38,0.1377,NORMAL,3.6336,-0.2134,25.6,-2.0721,TIMESTOP,2.0,0.0,0.053002,0.003,0.050002,73.44,-2.0721,2.8761,0.023834,0.002495,True
454,2022-06-14 17:00:00+00:00,2022-06-14 19:00:00+00:00,-2.2266,2.2266,0.7326,-0.030399,LONG_SPREAD,1532.8,884.68,648.11,0.1377,NORMAL,3.7266,0.2227,26.72,-2.0512,TIMESTOP,2.0,0.0,0.001966,0.003,-0.001034,-1.58,-1.2142,-2.2266,-0.030399,0.002202,False
455,2022-06-14 20:00:00+00:00,2022-06-14 22:00:00+00:00,-2.0977,2.0977,0.7236,-0.029197,LONG_SPREAD,722.04,418.92,303.12,0.1377,NORMAL,3.5977,0.2098,25.17,-0.6504,TIMESTOP,2.0,11.94,0.018496,0.003,0.015496,23.13,-0.6504,-2.0977,-0.029197,0.002179,True
456,2022-06-15 20:00:00+00:00,2022-06-15 22:00:00+00:00,3.2394,-3.2394,0.7284,0.03962,SHORT_SPREAD,2230.01,1290.23,939.78,0.1377,STRONG,4.7394,-0.3239,38.87,2.138,TIMESTOP,2.0,0.0,0.01397,0.003,0.01097,24.46,2.138,3.2394,0.03962,0.002042,True
457,2022-06-15 23:00:00+00:00,2022-06-16 01:00:00+00:00,3.1606,-3.1606,0.7477,0.039701,SHORT_SPREAD,2175.79,1244.91,930.87,0.1377,STRONG,4.6606,-0.3161,37.93,2.1415,TIMESTOP,2.0,0.0,0.013399,0.003,0.010399,22.63,1.1537,3.1606,0.039701,0.001934,True
458,2022-06-16 02:00:00+00:00,2022-06-16 04:00:00+00:00,2.2772,-2.2772,0.7554,0.028425,SHORT_SPREAD,783.81,446.51,337.31,0.1377,NORMAL,3.7772,-0.2277,27.33,0.3554,TIMESTOP,2.0,19.3,0.026124,0.003,0.023124,37.43,0.3554,2.2772,0.028425,0.001904,True
459,2022-06-16 17:00:00+00:00,2022-06-16 19:00:00+00:00,-2.3564,2.3564,0.7464,-0.034522,LONG_SPREAD,1622.14,928.84,693.3,0.1377,NORMAL,3.8564,0.2356,28.28,-1.9449,TIMESTOP,2.0,0.0,0.005384,0.003,0.002384,3.87,-1.9449,-2.3564,-0.034522,0.001988,True
460,2022-06-18 21:00:00+00:00,2022-06-18 23:00:00+00:00,2.0261,-2.0261,0.7484,0.02361,SHORT_SPREAD,697.39,398.89,298.51,0.1377,NORMAL,3.5261,-0.2026,24.31,0.9341,TIMESTOP,2.0,8.93,0.0143,0.003,0.0113,16.81,0.9341,2.0261,0.02361,0.002244,True
461,2022-06-20 10:00:00+00:00,2022-06-20 12:00:00+00:00,2.1622,-2.1622,0.748,0.025407,SHORT_SPREAD,1488.45,851.53,636.93,0.1377,NORMAL,3.6622,-0.2162,25.95,1.5588,TIMESTOP,2.0,0.0,0.007673,0.003,0.004673,6.95,1.3846,2.1622,0.025407,0.001991,True
462,2022-07-01 05:00:00+00:00,2022-07-01 07:00:00+00:00,-3.4589,3.4589,0.7314,-0.037169,LONG_SPREAD,1190.56,687.65,502.92,0.1377,STRONG,4.9589,0.3459,41.51,-0.027,TIMESTOP,2.0,40.89,0.037542,0.003,0.034542,82.02,-0.027,-3.4589,-0.037169,0.002349,True
463,2022-07-07 21:00:00+00:00,2022-07-07 23:00:00+00:00,2.0211,-2.0211,0.7363,0.015654,SHORT_SPREAD,1391.37,801.34,590.03,0.1377,NORMAL,3.5211,-0.2021,24.25,1.4456,TIMESTOP,2.0,0.0,0.004503,0.003,0.001503,2.09,1.3664,2.0211,0.015654,0.002458,True
464,2022-07-09 09:00:00+00:00,2022-07-09 11:00:00+00:00,2.2515,-2.2515,0.7468,0.016985,SHORT_SPREAD,774.97,443.65,331.32,0.1377,NORMAL,3.7515,-0.2251,27.02,0.6137,TIMESTOP,2.0,8.56,0.012542,0.003,0.009542,15.95,0.6137,2.2515,0.016985,0.002564,True
465,2022-07-11 01:00:00+00:00,2022-07-11 03:00:00+00:00,-2.0167,2.0167,0.7411,-0.01514,LONG_SPREAD,1388.33,797.37,590.95,0.1377,NORMAL,3.5167,0.2017,24.2,-1.0704,TIMESTOP,2.0,0.0,0.006898,0.003,0.003898,5.41,-1.0704,-2.0167,-0.01514,0.002723,True
466,2022-07-12 00:00:00+00:00,2022-07-12 02:00:00+00:00,-2.0437,2.0437,0.7306,-0.015408,LONG_SPREAD,703.44,406.46,296.98,0.1377,NORMAL,3.5437,0.2044,24.52,-0.5467,TIMESTOP,2.0,5.52,0.01083,0.003,0.00783,11.03,-0.5467,-2.0437,-0.015408,0.002749,True
467,2022-07-12 07:00:00+00:00,2022-07-12 09:00:00+00:00,-2.5267,2.5267,0.7255,-0.018953,LONG_SPREAD,1739.41,1008.04,731.37,0.1377,NORMAL,4.0267,0.2527,30.32,-2.3861,TIMESTOP,2.0,0.0,0.000842,0.003,-0.002158,-3.75,-1.5306,-2.5267,-0.018953,0.002773,False
468,2022-07-14 17:00:00+00:00,2022-07-14 19:00:00+00:00,2.2234,-2.2234,0.7263,0.014718,SHORT_SPREAD,1530.61,886.63,643.98,0.1377,NORMAL,3.7234,-0.2223,26.68,2.9087,TIMESTOP,2.0,0.0,-0.00511,0.003,-0.00811,-12.41,2.2234,2.9087,0.014718,0.002843,False
469,2022-07-14 20:00:00+00:00,2022-07-14 22:00:00+00:00,3.0113,-3.0113,0.733,0.020795,SHORT_SPREAD,2073.0,1196.2,876.8,0.1377,STRONG,4.5113,-0.3011,36.14,1.5488,TIMESTOP,2.0,0.0,0.010434,0.003,0.007434,15.41,1.4467,3.0113,0.020795,0.00282,True
470,2022-07-15 09:00:00+00:00,2022-07-15 11:00:00+00:00,2.2922,-2.2922,0.7413,0.015767,SHORT_SPREAD,1577.98,906.23,671.76,0.1377,NORMAL,3.7922,-0.2292,27.51,1.7257,TIMESTOP,2.0,0.0,0.003955,0.003,0.000955,1.51,1.7257,2.6449,0.015767,0.002826,True
471,2022-07-16 16:00:00+00:00,2022-07-16 18:00:00+00:00,3.9253,-3.9253,0.7462,0.028173,SHORT_SPREAD,2702.17,1547.49,1154.68,0.1377,STRONG,5.0,-0.3925,47.1,3.0514,TIMESTOP,2.0,0.0,0.006082,0.003,0.003082,8.33,2.8032,3.9253,0.028173,0.002865,True
472,2022-07-16 19:00:00+00:00,2022-07-16 21:00:00+00:00,2.0546,-2.0546,0.7537,0.014688,SHORT_SPREAD,1414.4,806.53,607.87,0.1377,NORMAL,3.5546,-0.2055,24.66,1.428,TIMESTOP,2.0,0.0,0.004625,0.003,0.001625,2.3,1.428,2.0546,0.014688,0.002831,True
473,2022-07-18 06:00:00+00:00,2022-07-18 08:00:00+00:00,2.7361,-2.7361,0.7684,0.020119,SHORT_SPREAD,1883.57,1065.11,818.46,0.1377,NORMAL,4.2361,-0.2736,32.83,1.4182,TIMESTOP,2.0,0.0,0.010015,0.003,0.007015,13.21,1.4182,2.7361,0.020119,0.002787,True
474,2022-07-19 00:00:00+00:00,2022-07-19 02:00:00+00:00,4.8364,-4.8364,0.7719,0.036755,SHORT_SPREAD,3000.0,1693.12,1306.88,0.1377,STRONG,5.0,-0.4836,58.04,2.9187,TIMESTOP,2.0,0.0,0.014428,0.003,0.011428,34.28,2.9187,4.8364,0.036755,0.002645,True
475,2022-07-20 00:00:00+00:00,2022-07-20 02:00:00+00:00,-2.2405,2.2405,0.7703,-0.018139,LONG_SPREAD,1542.38,871.27,671.11,0.1377,NORMAL,3.7405,0.2241,26.89,-1.1559,TIMESTOP,2.0,0.0,0.008504,0.003,0.005504,8.49,-1.1559,-2.2405,-0.018139,0.002568,True
476,2022-07-22 07:00:00+00:00,2022-07-22 09:00:00+00:00,2.0366,-2.0366,0.7698,0.015685,SHORT_SPREAD,1402.02,792.21,609.81,0.1377,NORMAL,3.5366,-0.2037,24.44,1.0733,TIMESTOP,2.0,0.0,0.007406,0.003,0.004406,6.18,1.0665,2.0366,0.015685,0.002664,True
477,2022-07-22 20:00:00+00:00,2022-07-22 22:00:00+00:00,-2.3598,2.3598,0.7724,-0.018335,LONG_SPREAD,812.24,458.28,353.96,0.1377,NORMAL,3.8598,0.236,28.32,-0.3263,TIMESTOP,2.0,11.68,0.015881,0.003,0.012881,22.14,-0.3263,-2.3598,-0.018335,0.002678,True
478,2022-07-25 00:00:00+00:00,2022-07-25 02:00:00+00:00,-2.1043,2.1043,0.7633,-0.016574,LONG_SPREAD,1448.58,821.53,627.05,0.1377,NORMAL,3.6043,0.2104,25.25,-1.0657,TIMESTOP,2.0,0.0,0.008036,0.003,0.005036,7.29,-1.0657,-2.1043,-0.016574,0.002714,True
479,2022-07-27 23:00:00+00:00,2022-07-28 01:00:00+00:00,5.0,-5.0,0.7856,0.0479,SHORT_SPREAD,2753.62,1542.15,1211.47,0.1377,STRONG,5.0,-0.5,60.0,5.0,TIMESTOP,2.0,0.0,0.002574,0.003,-0.000426,-1.17,5.0,5.0,0.0479,0.002802,False
480,2022-07-28 02:00:00+00:00,2022-07-28 04:00:00+00:00,3.8838,-3.8838,0.8027,0.03328,SHORT_SPREAD,2673.63,1483.14,1190.49,0.1377,STRONG,5.0,-0.3884,46.61,1.2112,TIMESTOP,2.0,0.0,0.022852,0.003,0.019852,53.08,1.2112,3.8838,0.03328,0.002762,True
481,2022-07-29 00:00:00+00:00,2022-07-29 02:00:00+00:00,-2.652,2.652,0.8001,-0.022441,LONG_SPREAD,1825.64,1014.19,811.45,0.1377,NORMAL,4.152,0.2652,31.82,-1.7062,TIMESTOP,2.0,0.0,0.007909,0.003,0.004909,8.96,-1.7062,-2.652,-0.022441,0.002605,True
482,2022-07-30 02:00:00+00:00,2022-07-30 04:00:00+00:00,2.9586,-2.9586,0.7848,0.025816,SHORT_SPREAD,1018.37,570.58,447.8,0.1377,NORMAL,4.4586,-0.2959,35.5,0.8669,TIMESTOP,2.0,17.18,0.018369,0.003,0.015369,32.83,0.8669,2.9586,0.025816,0.002412,True
483,2022-07-30 07:00:00+00:00,2022-07-30 08:00:00+00:00,2.0116,-2.0116,0.7892,0.017776,SHORT_SPREAD,1384.76,773.96,610.81,0.1377,NORMAL,3.5116,-0.2012,24.14,5.0,STOPLOSS,1.0,0.0,-0.028936,0.003,-0.031936,-44.22,2.0116,5.0,0.017776,0.002431,False
484,2022-07-30 09:00:00+00:00,2022-07-30 11:00:00+00:00,2.625,-2.625,0.7954,0.023963,SHORT_SPREAD,1807.07,1006.52,800.55,0.1377,NORMAL,4.125,-0.2625,31.5,1.8085,TIMESTOP,2.0,0.0,0.00728,0.003,0.00428,7.73,1.8085,2.625,0.023963,0.002432,True
485,2022-07-30 15:00:00+00:00,2022-07-30 17:00:00+00:00,-2.4099,2.4099,0.7949,-0.022207,LONG_SPREAD,829.49,462.14,367.35,0.1377,NORMAL,3.9099,0.241,28.92,0.5297,TIMESTOP,2.0,21.58,0.027513,0.003,0.024513,41.91,0.5297,-2.4099,-0.022207,0.002413,True
486,2022-07-30 22:00:00+00:00,2022-07-31 00:00:00+00:00,-2.0126,2.0126,0.7909,-0.018867,LONG_SPREAD,1385.5,773.64,611.86,0.1377,NORMAL,3.5126,0.2013,24.15,-1.4258,TIMESTOP,2.0,0.0,0.005346,0.003,0.002346,3.25,-1.4258,-2.2243,-0.018867,0.002425,True
487,2022-07-31 01:00:00+00:00,2022-07-31 03:00:00+00:00,-2.7323,2.7323,0.7858,-0.026042,LONG_SPREAD,1880.94,1053.28,827.66,0.1377,NORMAL,4.2323,0.2732,32.79,-1.9127,TIMESTOP,2.0,0.0,0.00765,0.003,0.00465,8.75,-1.9127,-2.7323,-0.026042,0.002428,True
488,2022-07-31 16:00:00+00:00,2022-07-31 18:00:00+00:00,5.0,-5.0,0.7932,0.05832,SHORT_SPREAD,2753.62,1535.6,1218.03,0.1377,STRONG,5.0,-0.5,60.0,4.2052,TIMESTOP,2.0,0.0,0.014199,0.003,0.011199,30.84,4.2052,5.0,0.05832,0.002467,True
489,2022-07-31 19:00:00+00:00,2022-07-31 21:00:00+00:00,3.3022,-3.3022,0.8065,0.035255,SHORT_SPREAD,2273.27,1258.42,1014.85,0.1377,STRONG,4.8022,-0.3302,39.63,1.9107,TIMESTOP,2.0,0.0,0.014374,0.003,0.011374,25.86,1.9107,3.3022,0.035255,0.002464,True
490,2022-08-01 16:00:00+00:00,2022-08-01 18:00:00+00:00,-2.9533,2.9533,0.8061,-0.031556,LONG_SPREAD,1016.52,562.82,453.71,0.1377,NORMAL,4.4533,0.2953,35.44,-0.9369,TIMESTOP,2.0,20.94,0.022098,0.003,0.019098,40.35,-0.9369,-2.9533,-0.031556,0.002542,True
491,2022-08-05 17:00:00+00:00,2022-08-05 19:00:00+00:00,2.0817,-2.0817,0.8072,0.02304,SHORT_SPREAD,1433.07,792.96,640.11,0.1377,NORMAL,3.5817,-0.2082,24.98,1.2169,TIMESTOP,2.0,0.0,0.009322,0.003,0.006322,9.06,1.2169,2.0817,0.02304,0.002587,True
492,2022-08-07 23:00:00+00:00,2022-08-08 01:00:00+00:00,-2.8171,2.8171,0.7963,-0.030369,LONG_SPREAD,969.67,539.83,429.84,0.1377,NORMAL,4.3171,0.2817,33.81,-1.5051,TIMESTOP,2.0,24.79,0.014289,0.003,0.011289,35.74,-0.3612,-2.8171,-0.030369,0.002521,True
493,2022-08-08 09:00:00+00:00,2022-08-08 11:00:00+00:00,2.0166,-2.0166,0.7989,0.022205,SHORT_SPREAD,694.11,385.86,308.25,0.1377,NORMAL,3.5166,-0.2017,24.2,0.9765,TIMESTOP,2.0,6.82,0.011326,0.003,0.008326,12.6,0.9765,2.0166,0.022205,0.002453,True
494,2022-08-09 15:00:00+00:00,2022-08-09 17:00:00+00:00,-3.3168,3.3168,0.7927,-0.03647,LONG_SPREAD,2283.32,1273.68,1009.64,0.1377,STRONG,4.8168,0.3317,39.8,-3.3791,TIMESTOP,2.0,0.0,-0.001423,0.003,-0.004423,-10.1,-2.2688,-3.3791,-0.03647,0.002481,False
495,2022-08-12 12:00:00+00:00,2022-08-12 14:00:00+00:00,-2.2192,2.2192,0.7863,-0.025012,LONG_SPREAD,763.86,427.62,336.24,0.1377,NORMAL,3.7192,0.2219,26.63,-0.158,TIMESTOP,2.0,11.13,0.023302,0.003,0.020302,26.63,-0.158,-2.2192,-0.025012,0.002357,True
496,2022-08-23 08:00:00+00:00,2022-08-23 10:00:00+00:00,3.4057,-3.4057,0.802,0.025449,SHORT_SPREAD,2344.53,1301.04,1043.49,0.1377,STRONG,4.9057,-0.3406,40.87,2.2069,TIMESTOP,2.0,0.0,0.008804,0.003,0.005804,13.61,2.2069,3.4057,0.025449,0.003051,True
497,2022-08-30 19:00:00+00:00,2022-08-30 21:00:00+00:00,-2.4887,2.4887,0.8055,-0.014377,LONG_SPREAD,1713.23,948.88,764.36,0.1377,NORMAL,3.9887,0.2489,29.86,-1.1558,TIMESTOP,2.0,0.0,0.007649,0.003,0.004649,7.96,-1.1558,-2.4887,-0.014377,0.003324,True
498,2022-09-01 23:00:00+00:00,2022-09-02 01:00:00+00:00,-2.1239,2.1239,0.7947,-0.01165,LONG_SPREAD,731.04,407.33,323.71,0.1377,NORMAL,3.6239,0.2124,25.49,-0.7103,TIMESTOP,2.0,4.39,0.00751,0.003,0.00451,7.69,-0.7103,-2.1239,-0.01165,0.003278,True
499,2022-09-02 13:00:00+00:00,2022-09-02 15:00:00+00:00,-2.1068,2.1068,0.7933,-0.011105,LONG_SPREAD,725.15,404.37,320.78,0.1377,NORMAL,3.6068,0.2107,25.28,2.1001,TIMESTOP,2.0,10.29,0.022126,0.003,0.019126,24.16,2.1001,-2.1068,-0.011105,0.003191,True
500,2022-09-02 19:00:00+00:00,2022-09-02 21:00:00+00:00,2.3839,-2.3839,0.7969,0.012179,SHORT_SPREAD,820.54,456.64,363.9,0.1377,NORMAL,3.8839,-0.2384,28.61,0.3127,TIMESTOP,2.0,7.6,0.010767,0.003,0.007767,13.98,0.3127,2.3839,0.012179,0.003181,True
501,2022-09-04 09:00:00+00:00,2022-09-04 11:00:00+00:00,-2.0458,2.0458,0.7962,-0.010697,LONG_SPREAD,1408.37,784.08,624.29,0.1377,NORMAL,3.5458,0.2046,24.55,-3.4458,TIMESTOP,2.0,0.0,-0.007464,0.003,-0.010464,-14.74,-2.0458,-3.4458,-0.010697,0.003294,False
502,2022-09-04 12:00:00+00:00,2022-09-04 14:00:00+00:00,-4.3684,4.3684,0.7882,-0.023464,LONG_SPREAD,3000.0,1677.63,1322.37,0.1377,STRONG,5.0,0.4368,52.42,-4.0836,TIMESTOP,2.0,0.0,0.000547,0.003,-0.002453,-7.36,-4.0836,-4.8717,-0.023464,0.003245,False
503,2022-09-04 15:00:00+00:00,2022-09-04 17:00:00+00:00,-3.5089,3.5089,0.7784,-0.020004,LONG_SPREAD,2415.56,1358.24,1057.32,0.1377,STRONG,5.0,0.3509,42.11,-1.4818,TIMESTOP,2.0,0.0,0.011339,0.003,0.008339,20.14,-1.4818,-3.5089,-0.020004,0.003201,True
504,2022-09-05 00:00:00+00:00,2022-09-05 02:00:00+00:00,3.6776,-3.6776,0.7783,0.020431,SHORT_SPREAD,2531.69,1423.68,1108.02,0.1377,STRONG,5.0,-0.3678,44.13,2.9999,TIMESTOP,2.0,0.0,0.003524,0.003,0.000524,1.33,2.9999,3.6776,0.020431,0.003186,True
505,2022-09-05 03:00:00+00:00,2022-09-05 05:00:00+00:00,3.7296,-3.7296,0.784,0.021385,SHORT_SPREAD,2567.49,1439.2,1128.28,0.1377,STRONG,5.0,-0.373,44.76,1.6075,TIMESTOP,2.0,0.0,0.012343,0.003,0.009343,23.99,1.6075,3.7296,0.021385,0.003181,True
506,2022-09-05 18:00:00+00:00,2022-09-05 20:00:00+00:00,-4.0893,4.0893,0.7814,-0.024712,LONG_SPREAD,2815.08,1580.29,1234.79,0.1377,STRONG,5.0,0.4089,49.07,-3.3282,TIMESTOP,2.0,0.0,0.003946,0.003,0.000946,2.66,-3.3282,-4.0893,-0.024712,0.003189,True
507,2022-09-05 21:00:00+00:00,2022-09-05 23:00:00+00:00,-2.5757,2.5757,0.7755,-0.016269,LONG_SPREAD,1773.12,998.63,774.49,0.1377,NORMAL,4.0757,0.2576,30.91,-2.157,TIMESTOP,2.0,0.0,0.002413,0.003,-0.000587,-1.04,-2.157,-2.5757,-0.016269,0.003185,False
508,2022-09-06 01:00:00+00:00,2022-09-06 03:00:00+00:00,2.6385,-2.6385,0.774,0.016232,SHORT_SPREAD,1816.33,1023.84,792.49,0.1377,NORMAL,4.1385,-0.2638,31.66,2.0881,TIMESTOP,2.0,0.0,0.003131,0.003,0.000131,0.24,2.0881,3.8306,0.016232,0.003159,True
509,2022-09-06 04:00:00+00:00,2022-09-06 06:00:00+00:00,2.036,-2.036,0.7775,0.012854,SHORT_SPREAD,1401.61,788.52,613.1,0.1377,NORMAL,3.536,-0.2036,24.43,1.5127,TIMESTOP,2.0,0.0,0.003294,0.003,0.000294,0.41,1.2081,2.036,0.012854,0.003172,True
510,2022-09-06 09:00:00+00:00,2022-09-06 11:00:00+00:00,2.15,-2.15,0.7812,0.013814,SHORT_SPREAD,740.05,415.48,324.57,0.1377,NORMAL,3.65,-0.215,25.8,0.7694,TIMESTOP,2.0,5.56,0.009013,0.003,0.006013,10.01,0.7694,2.15,0.013814,0.003174,True
511,2022-09-06 18:00:00+00:00,2022-09-06 20:00:00+00:00,-4.0109,4.0109,0.7873,-0.027014,LONG_SPREAD,2761.12,1544.82,1216.3,0.1377,STRONG,5.0,0.4011,48.13,-2.1827,TIMESTOP,2.0,0.0,0.012074,0.003,0.009074,25.05,-2.1827,-4.0109,-0.027014,0.003221,True
512,2022-09-09 16:00:00+00:00,2022-09-09 18:00:00+00:00,3.452,-3.452,0.7781,0.023517,SHORT_SPREAD,1188.17,668.22,519.96,0.1377,STRONG,4.952,-0.3452,41.42,0.5851,TIMESTOP,2.0,22.04,0.02005,0.003,0.01705,42.3,0.5851,3.452,0.023517,0.00289,True
513,2022-09-10 17:00:00+00:00,2022-09-10 19:00:00+00:00,-2.2056,2.2056,0.7729,-0.015959,LONG_SPREAD,759.17,428.22,330.95,0.1377,NORMAL,3.7056,0.2206,26.47,-0.5804,TIMESTOP,2.0,7.55,0.011445,0.003,0.008445,13.96,-0.5804,-2.2058,-0.015959,0.002945,True
514,2022-09-11 08:00:00+00:00,2022-09-11 10:00:00+00:00,-2.2747,2.2747,0.7676,-0.016531,LONG_SPREAD,782.97,442.96,340.01,0.1377,NORMAL,3.7747,0.2275,27.3,-0.4848,TIMESTOP,2.0,8.78,0.012712,0.003,0.009712,16.38,-0.4848,-2.2747,-0.016531,0.002922,True
515,2022-09-12 00:00:00+00:00,2022-09-12 02:00:00+00:00,-2.5314,2.5314,0.7631,-0.018845,LONG_SPREAD,871.32,494.18,377.13,0.1377,NORMAL,4.0314,0.2531,30.38,-0.2826,TIMESTOP,2.0,10.85,0.016357,0.003,0.013357,22.49,-0.2826,-2.5314,-0.018845,0.002942,True
516,2022-09-12 09:00:00+00:00,2022-09-12 11:00:00+00:00,2.8399,-2.8399,0.7663,0.020266,SHORT_SPREAD,1955.02,1106.83,848.19,0.1377,NORMAL,4.3399,-0.284,34.08,1.1888,TIMESTOP,2.0,0.0,0.012005,0.003,0.009005,17.61,1.1888,2.8399,0.020266,0.002929,True
517,2022-09-12 12:00:00+00:00,2022-09-12 14:00:00+00:00,2.6056,-2.6056,0.7701,0.018922,SHORT_SPREAD,1793.69,1013.31,780.39,0.1377,NORMAL,4.1056,-0.2606,31.27,2.6497,TIMESTOP,2.0,0.0,-0.000723,0.003,-0.003723,-6.68,2.6056,3.0768,0.018922,0.00293,False
518,2022-09-15 21:00:00+00:00,2022-09-15 23:00:00+00:00,-3.6422,3.6422,0.7483,-0.028497,LONG_SPREAD,2507.32,1434.15,1073.17,0.1377,STRONG,5.0,0.3642,43.71,-3.2582,TIMESTOP,2.0,0.0,0.002254,0.003,-0.000746,-1.87,-3.2582,-3.6422,-0.028497,0.003108,False
519,2022-09-16 00:00:00+00:00,2022-09-16 02:00:00+00:00,-2.4557,2.4557,0.7382,-0.020214,LONG_SPREAD,1690.51,972.59,717.92,0.1377,NORMAL,3.9557,0.2456,29.47,-1.5521,TIMESTOP,2.0,0.0,0.006923,0.003,0.003923,6.63,-1.5521,-2.4557,-0.020214,0.003065,True
520,2022-09-16 13:00:00+00:00,2022-09-16 15:00:00+00:00,-2.3017,2.3017,0.7223,-0.019788,LONG_SPREAD,1584.5,920.01,664.49,0.1377,NORMAL,3.8017,0.2302,27.62,-1.2937,TIMESTOP,2.0,0.0,0.008008,0.003,0.005008,7.94,-1.2937,-2.3017,-0.019788,0.003026,True
521,2022-09-17 00:00:00+00:00,2022-09-17 02:00:00+00:00,2.4768,-2.4768,0.7221,0.018617,SHORT_SPREAD,852.53,495.05,357.48,0.1377,NORMAL,3.9768,-0.2477,29.72,0.2521,TIMESTOP,2.0,9.46,0.018057,0.003,0.015057,22.29,0.2521,2.4768,0.018617,0.003039,True
522,2022-09-18 23:00:00+00:00,2022-09-19 01:00:00+00:00,-2.0792,2.0792,0.7079,-0.018987,LONG_SPREAD,1431.34,838.07,593.27,0.1377,NORMAL,3.5792,0.2079,24.95,-1.317,TIMESTOP,2.0,0.0,0.006185,0.003,0.003185,4.56,-1.317,-2.0792,-0.018987,0.003044,True
523,2022-09-20 17:00:00+00:00,2022-09-20 19:00:00+00:00,2.0001,-2.0001,0.7115,0.014837,SHORT_SPREAD,1376.86,804.46,572.4,0.1377,NORMAL,3.5001,-0.2,24.0,1.4324,TIMESTOP,2.0,0.0,0.004605,0.003,0.001605,2.21,1.4324,2.0706,0.014837,0.003201,True
524,2022-09-23 09:00:00+00:00,2022-09-23 11:00:00+00:00,-2.6244,2.6244,0.7202,-0.02388,LONG_SPREAD,1806.62,1050.24,756.38,0.1377,NORMAL,4.1244,0.2624,31.49,-3.3079,TIMESTOP,2.0,0.0,-0.006352,0.003,-0.009352,-16.9,-2.0812,-3.3079,-0.02388,0.003176,False
525,2022-09-23 12:00:00+00:00,2022-09-23 14:00:00+00:00,-2.0094,2.0094,0.7136,-0.019078,LONG_SPREAD,691.64,403.62,288.02,0.1377,NORMAL,3.5094,0.2009,24.11,-0.5123,TIMESTOP,2.0,5.21,0.013115,0.003,0.010115,12.2,-0.5123,-2.0094,-0.019078,0.003173,True
526,2022-09-26 02:00:00+00:00,2022-09-26 04:00:00+00:00,2.352,-2.352,0.6681,0.017784,SHORT_SPREAD,1619.16,970.65,648.5,0.1377,NORMAL,3.852,-0.2352,28.22,1.8856,TIMESTOP,2.0,0.0,0.004034,0.003,0.001034,1.67,1.8856,2.352,0.017784,0.002979,True
527,2022-09-26 05:00:00+00:00,2022-09-26 07:00:00+00:00,2.7156,-2.7156,0.6694,0.020979,SHORT_SPREAD,934.72,559.92,374.8,0.1377,NORMAL,4.2156,-0.2716,32.59,1.0971,TIMESTOP,2.0,15.32,0.013911,0.003,0.010911,25.52,0.644,2.7156,0.020979,0.003003,True
528,2022-09-26 11:00:00+00:00,2022-09-26 13:00:00+00:00,2.7217,-2.7217,0.6742,0.021412,SHORT_SPREAD,1873.61,1119.12,754.49,0.1377,NORMAL,4.2217,-0.2722,32.66,1.2978,TIMESTOP,2.0,0.0,0.012308,0.003,0.009308,17.44,1.2978,2.7217,0.021412,0.003021,True
529,2022-09-27 21:00:00+00:00,2022-09-27 23:00:00+00:00,-2.3199,2.3199,0.6777,-0.021073,LONG_SPREAD,1597.07,951.96,645.11,0.1377,NORMAL,3.8199,0.232,27.84,-1.6589,TIMESTOP,2.0,0.0,0.005287,0.003,0.002287,3.65,-1.6589,-2.7618,-0.021073,0.002902,True
530,2022-09-28 00:00:00+00:00,2022-09-28 02:00:00+00:00,-3.3751,3.3751,0.6677,-0.030324,LONG_SPREAD,2323.47,1393.19,930.27,0.1377,STRONG,4.8751,0.3375,40.5,-2.3728,TIMESTOP,2.0,0.0,0.00806,0.003,0.00506,11.76,-2.3728,-3.3751,-0.030324,0.002862,True
531,2022-09-28 13:00:00+00:00,2022-09-28 15:00:00+00:00,-2.4307,2.4307,0.6558,-0.023058,LONG_SPREAD,836.65,505.28,331.37,0.1377,NORMAL,3.9307,0.2431,29.17,1.8852,TIMESTOP,2.0,11.71,0.037419,0.003,0.034419,40.5,1.8852,-2.4307,-0.023058,0.002842,True
532,2022-09-28 16:00:00+00:00,2022-09-28 18:00:00+00:00,2.9736,-2.9736,0.6563,0.023184,SHORT_SPREAD,2047.08,1235.93,811.14,0.1377,NORMAL,4.4736,-0.2974,35.68,3.222,TIMESTOP,2.0,0.0,-0.002642,0.003,-0.005642,-11.55,2.1948,3.222,0.023184,0.002833,False
533,2022-09-28 19:00:00+00:00,2022-09-28 21:00:00+00:00,2.4174,-2.4174,0.6582,0.018988,SHORT_SPREAD,1664.18,1003.63,660.55,0.1377,NORMAL,3.9174,-0.2417,29.01,1.6786,TIMESTOP,2.0,0.0,0.006306,0.003,0.003306,5.5,1.6786,2.4174,0.018988,0.00286,True
534,2022-09-29 00:00:00+00:00,2022-09-29 02:00:00+00:00,2.6065,-2.6065,0.6602,0.021213,SHORT_SPREAD,1794.34,1080.78,713.56,0.1377,NORMAL,4.1065,-0.2607,31.28,1.3703,TIMESTOP,2.0,0.0,0.010962,0.003,0.007962,14.29,1.3703,2.6065,0.021213,0.002901,True
535,2022-10-05 14:00:00+00:00,2022-10-05 16:00:00+00:00,-2.1866,2.1866,0.6509,-0.020458,LONG_SPREAD,752.64,455.88,296.75,0.1377,NORMAL,3.6866,0.2187,26.24,-0.194,TIMESTOP,2.0,11.89,0.017304,0.003,0.014304,22.66,-0.194,-2.1866,-0.020458,0.003123,True
536,2022-10-19 15:00:00+00:00,2022-10-19 17:00:00+00:00,3.7837,-3.7837,0.6573,0.019917,SHORT_SPREAD,2604.7,1571.65,1033.05,0.1377,STRONG,5.0,-0.3784,45.4,2.7035,TIMESTOP,2.0,0.0,0.005764,0.003,0.002764,7.2,2.4173,3.7837,0.019917,0.003696,True
537,2022-10-19 18:00:00+00:00,2022-10-19 20:00:00+00:00,2.5473,-2.5473,0.6596,0.013119,SHORT_SPREAD,876.8,528.31,348.49,0.1377,NORMAL,4.0473,-0.2547,30.57,0.8631,TIMESTOP,2.0,6.07,0.008421,0.003,0.005421,10.82,0.8631,2.5473,0.013119,0.003713,True
538,2022-10-19 21:00:00+00:00,2022-10-19 23:00:00+00:00,2.6901,-2.6901,0.6614,0.013517,SHORT_SPREAD,925.95,557.34,368.61,0.1377,NORMAL,4.1901,-0.269,32.28,-0.2208,TIMESTOP,2.0,8.49,0.014109,0.003,0.011109,18.78,-0.2208,2.6901,0.013517,0.003727,True
539,2022-10-20 00:00:00+00:00,2022-10-20 02:00:00+00:00,-2.0565,2.0565,0.6614,-0.009178,LONG_SPREAD,707.85,426.05,281.8,0.1377,NORMAL,3.5565,0.2056,24.68,-0.3997,TIMESTOP,2.0,6.15,0.007802,0.003,0.004802,9.55,0.1014,-2.0565,-0.009178,0.003756,True
540,2022-10-20 18:00:00+00:00,2022-10-20 20:00:00+00:00,-3.1232,3.1232,0.6597,-0.013874,LONG_SPREAD,2150.05,1295.41,854.64,0.1377,STRONG,4.6232,0.3123,37.48,-2.3622,TIMESTOP,2.0,0.0,0.003374,0.003,0.000374,0.8,-2.1179,-3.1232,-0.013874,0.003806,True
541,2022-10-20 21:00:00+00:00,2022-10-20 23:00:00+00:00,-3.1343,3.1343,0.6584,-0.014237,LONG_SPREAD,2157.65,1301.05,856.6,0.1377,STRONG,4.6343,0.3134,37.61,-1.7496,TIMESTOP,2.0,0.0,0.006339,0.003,0.003339,7.2,-1.7496,-3.1343,-0.014237,0.00383,True
542,2022-10-21 00:00:00+00:00,2022-10-21 02:00:00+00:00,-2.5815,2.5815,0.6568,-0.011922,LONG_SPREAD,1777.1,1072.59,704.5,0.1377,NORMAL,4.0815,0.2581,30.98,-1.2746,TIMESTOP,2.0,0.0,0.006131,0.003,0.003131,5.56,-1.2746,-2.5815,-0.011922,0.003851,True
543,2022-10-21 15:00:00+00:00,2022-10-21 17:00:00+00:00,-2.6376,2.6376,0.6528,-0.012387,LONG_SPREAD,1815.71,1098.6,717.12,0.1377,NORMAL,4.1376,0.2638,31.65,-2.6935,TIMESTOP,2.0,0.0,-0.000475,0.003,-0.003475,-6.31,-2.3384,-2.6935,-0.012387,0.003897,False
544,2022-10-21 18:00:00+00:00,2022-10-21 20:00:00+00:00,-2.0548,2.0548,0.6488,-0.00988,LONG_SPREAD,1414.52,857.89,556.63,0.1377,NORMAL,3.5548,0.2055,24.66,-1.7778,TIMESTOP,2.0,0.0,0.001459,0.003,-0.001541,-2.18,-1.4023,-2.0548,-0.00988,0.003877,False
545,2022-10-23 17:00:00+00:00,2022-10-23 19:00:00+00:00,2.3506,-2.3506,0.6393,0.010894,SHORT_SPREAD,809.08,493.56,315.52,0.1377,NORMAL,3.8506,-0.2351,28.21,0.6726,TIMESTOP,2.0,5.82,0.008002,0.003,0.005002,9.87,0.525,2.3506,0.010894,0.003862,True
546,2022-10-25 14:00:00+00:00,2022-10-25 16:00:00+00:00,3.6126,-3.6126,0.6482,0.016595,SHORT_SPREAD,2486.91,1508.85,978.06,0.1377,STRONG,5.0,-0.3613,43.35,5.0,TIMESTOP,2.0,0.0,-0.027366,0.003,-0.030366,-75.52,3.6126,5.0,0.016595,0.003908,False
547,2022-10-25 17:00:00+00:00,2022-10-25 19:00:00+00:00,5.0,-5.0,0.6628,0.030652,SHORT_SPREAD,3000.0,1804.2,1195.8,0.1377,STRONG,5.0,-0.5,60.0,5.0,TIMESTOP,2.0,0.0,-0.010997,0.003,-0.013997,-41.99,5.0,5.0,0.030652,0.003843,False
548,2022-10-25 20:00:00+00:00,2022-10-25 22:00:00+00:00,5.0,-5.0,0.6758,0.031742,SHORT_SPREAD,3000.0,1790.18,1209.82,0.1377,STRONG,5.0,-0.5,60.0,1.8245,TIMESTOP,2.0,0.0,0.020513,0.003,0.017513,52.54,1.8245,5.0,0.031742,0.003819,True
549,2022-10-26 00:00:00+00:00,2022-10-26 02:00:00+00:00,2.0902,-2.0902,0.6807,0.01315,SHORT_SPREAD,1438.89,856.14,582.75,0.1377,NORMAL,3.5902,-0.209,25.08,1.1027,TIMESTOP,2.0,0.0,0.005944,0.003,0.002944,4.24,1.1027,2.0902,0.01315,0.003824,True
550,2022-10-29 03:00:00+00:00,2022-10-29 05:00:00+00:00,2.1956,-2.1956,0.6876,0.013577,SHORT_SPREAD,755.72,447.81,307.9,0.1377,NORMAL,3.6956,-0.2196,26.35,0.1106,TIMESTOP,2.0,5.45,0.012272,0.003,0.009272,12.45,0.1106,2.1956,0.013577,0.003872,True
551,2022-10-29 18:00:00+00:00,2022-10-29 20:00:00+00:00,-2.3715,2.3715,0.6839,-0.013469,LONG_SPREAD,1632.55,969.52,663.03,0.1377,NORMAL,3.8715,0.2371,28.46,-2.4242,TIMESTOP,2.0,0.0,-0.000551,0.003,-0.003551,-5.8,-2.3715,-2.5567,-0.013469,0.003799,False
552,2022-10-29 21:00:00+00:00,2022-10-29 23:00:00+00:00,-2.4586,2.4586,0.6765,-0.014348,LONG_SPREAD,1692.53,1009.54,682.99,0.1377,NORMAL,3.9586,0.2459,29.5,-2.8805,TIMESTOP,2.0,0.0,-0.002837,0.003,-0.005837,-9.88,-2.2973,-2.8805,-0.014348,0.003719,False
553,2022-10-30 00:00:00+00:00,2022-10-30 02:00:00+00:00,-2.9642,2.9642,0.6702,-0.017886,LONG_SPREAD,2040.57,1221.78,818.79,0.1377,NORMAL,4.4642,0.2964,35.57,-3.0134,TIMESTOP,2.0,0.0,-0.000723,0.003,-0.003723,-7.6,-2.9642,-3.1398,-0.017886,0.003684,False
554,2022-10-30 03:00:00+00:00,2022-10-30 05:00:00+00:00,-3.1914,3.1914,0.6605,-0.019972,LONG_SPREAD,2196.95,1323.05,873.9,0.1377,STRONG,4.6914,0.3191,38.3,-1.1837,TIMESTOP,2.0,0.0,0.012772,0.003,0.009772,21.47,-1.1837,-3.1914,-0.019972,0.003608,True
555,2022-10-31 13:00:00+00:00,2022-10-31 15:00:00+00:00,-2.2269,2.2269,0.6509,-0.014268,LONG_SPREAD,1532.99,928.58,604.41,0.1377,NORMAL,3.7269,0.2227,26.72,-1.3197,TIMESTOP,2.0,0.0,0.005831,0.003,0.002831,4.34,-1.0647,-2.2269,-0.014268,0.003487,True
556,2022-11-02 01:00:00+00:00,2022-11-02 03:00:00+00:00,-2.2166,2.2166,0.6455,-0.014557,LONG_SPREAD,1525.93,927.31,598.62,0.1377,NORMAL,3.7166,0.2217,26.6,-2.1083,TIMESTOP,2.0,0.0,0.000491,0.003,-0.002509,-3.83,-2.1083,-2.608,-0.014557,0.003629,False
557,2022-11-04 03:00:00+00:00,2022-11-04 05:00:00+00:00,-2.0598,2.0598,0.6331,-0.014311,LONG_SPREAD,708.99,434.13,274.86,0.1377,NORMAL,3.5598,0.206,24.72,0.5022,TIMESTOP,2.0,11.49,0.017713,0.003,0.014713,21.93,0.5022,-2.0598,-0.014311,0.003509,True
558,2022-11-04 14:00:00+00:00,2022-11-04 16:00:00+00:00,2.2718,-2.2718,0.6409,0.015843,SHORT_SPREAD,781.95,476.53,305.43,0.1377,NORMAL,3.7718,-0.2272,27.26,0.1571,TIMESTOP,2.0,13.22,0.01489,0.003,0.01189,22.51,-0.3355,2.2718,0.015843,0.003376,True
559,2022-11-06 12:00:00+00:00,2022-11-06 14:00:00+00:00,2.2464,-2.2464,0.6444,0.016127,SHORT_SPREAD,1546.41,940.39,606.03,0.1377,NORMAL,3.7464,-0.2246,26.96,1.1016,TIMESTOP,2.0,0.0,0.008158,0.003,0.005158,7.98,1.1016,2.2464,0.016127,0.003253,True
560,2022-11-07 15:00:00+00:00,2022-11-07 17:00:00+00:00,2.2124,-2.2124,0.6488,0.016316,SHORT_SPREAD,1523.04,923.72,599.32,0.1377,NORMAL,3.7124,-0.2212,26.55,2.7379,TIMESTOP,2.0,0.0,-0.004202,0.003,-0.007202,-10.97,2.2124,2.7379,0.016316,0.003327,False
561,2022-11-07 18:00:00+00:00,2022-11-07 20:00:00+00:00,2.2558,-2.2558,0.6567,0.017077,SHORT_SPREAD,776.45,468.69,307.77,0.1377,NORMAL,3.7558,-0.2256,27.07,-1.7081,TIMESTOP,2.0,13.51,0.02998,0.003,0.02698,34.46,-1.7081,2.2558,0.017077,0.003282,True
562,2022-11-07 23:00:00+00:00,2022-11-08 01:00:00+00:00,-3.4437,3.4437,0.6474,-0.025905,LONG_SPREAD,2370.66,1439.06,931.6,0.1377,STRONG,4.9437,0.3444,41.32,-3.2346,TIMESTOP,2.0,0.0,0.000785,0.003,-0.002215,-5.25,-3.2346,-4.0939,-0.025905,0.00314,False
563,2022-11-08 02:00:00+00:00,2022-11-08 04:00:00+00:00,-3.2651,3.2651,0.637,-0.025681,LONG_SPREAD,2247.69,1373.02,874.66,0.1377,STRONG,4.7651,0.3265,39.18,-3.854,TIMESTOP,2.0,0.0,-0.005491,0.003,-0.008491,-19.08,-3.1142,-3.854,-0.025681,0.003106,False
564,2022-11-08 05:00:00+00:00,2022-11-08 07:00:00+00:00,-2.9454,2.9454,0.6406,-0.024109,LONG_SPREAD,2027.6,1235.92,791.68,0.1377,NORMAL,4.4454,0.2945,35.34,-2.7629,TIMESTOP,2.0,0.0,0.001206,0.003,-0.001794,-3.64,-1.3589,-2.9454,-0.024109,0.003128,False
565,2022-11-08 08:00:00+00:00,2022-11-08 10:00:00+00:00,-2.4663,2.4663,0.6365,-0.020629,LONG_SPREAD,1697.8,1037.45,660.34,0.1377,NORMAL,3.9663,0.2466,29.6,-3.169,TIMESTOP,2.0,0.0,-0.006581,0.003,-0.009581,-16.27,-2.4663,-3.9568,-0.020629,0.003138,False
566,2022-11-08 11:00:00+00:00,2022-11-08 13:00:00+00:00,-3.1298,3.1298,0.6255,-0.027219,LONG_SPREAD,1077.3,662.77,414.53,0.1377,STRONG,4.6298,0.313,37.56,-0.91,TIMESTOP,2.0,18.97,0.019108,0.003,0.016108,36.32,-0.91,-3.1298,-0.027219,0.003108,True
567,2022-11-08 18:00:00+00:00,2022-11-08 20:00:00+00:00,2.1654,-2.1654,0.6189,0.018278,SHORT_SPREAD,1490.66,920.77,569.89,0.1377,NORMAL,3.6654,-0.2165,25.98,2.144,TIMESTOP,2.0,0.0,-0.000151,0.003,-0.003151,-4.7,2.144,3.1325,0.018278,0.003047,False
568,2022-11-08 21:00:00+00:00,2022-11-08 23:00:00+00:00,2.9646,-2.9646,0.6074,0.025911,SHORT_SPREAD,1020.43,634.85,385.58,0.1377,NORMAL,4.4646,-0.2965,35.58,-0.2791,TIMESTOP,2.0,28.15,0.029088,0.003,0.026088,54.77,-0.2791,2.9646,0.025911,0.002966,True
569,2022-11-09 04:00:00+00:00,2022-11-09 06:00:00+00:00,2.0551,-2.0551,0.6036,0.018191,SHORT_SPREAD,1414.76,882.22,532.54,0.1377,NORMAL,3.5551,-0.2055,24.66,2.7162,TIMESTOP,2.0,0.0,-0.006272,0.003,-0.009272,-13.12,2.0551,2.7162,0.018191,0.003012,False
570,2022-11-09 07:00:00+00:00,2022-11-09 09:00:00+00:00,3.38,-3.38,0.6023,0.030912,SHORT_SPREAD,2326.81,1452.17,874.63,0.1377,STRONG,4.88,-0.338,40.56,3.2488,TIMESTOP,2.0,0.0,0.000504,0.003,-0.002496,-5.81,3.0109,3.38,0.030912,0.00304,False
571,2022-11-09 10:00:00+00:00,2022-11-09 12:00:00+00:00,2.0151,-2.0151,0.5943,0.018979,SHORT_SPREAD,1387.21,870.09,517.12,0.1377,NORMAL,3.5151,-0.2015,24.18,2.0396,TIMESTOP,2.0,0.0,-0.000536,0.003,-0.003536,-4.91,2.0151,2.8101,0.018979,0.003026,False
572,2022-11-09 21:00:00+00:00,2022-11-09 22:00:00+00:00,-3.5,3.5,0.6014,-0.033473,LONG_SPREAD,2409.39,1504.54,904.85,0.1377,STRONG,5.0,0.35,42.0,-5.0,STOPLOSS,1.0,0.0,-0.028532,0.003,-0.031532,-75.97,-3.5,-5.0,-0.033473,0.003078,False
573,2022-11-09 23:00:00+00:00,2022-11-10 01:00:00+00:00,-5.0,5.0,0.601,-0.051744,LONG_SPREAD,2753.62,1719.93,1033.69,0.1377,STRONG,5.0,0.5,60.0,-4.5225,TIMESTOP,2.0,0.0,0.00308,0.003,8e-05,0.22,-4.5225,-5.0,-0.051744,0.003098,True
574,2022-11-10 02:00:00+00:00,2022-11-10 04:00:00+00:00,-3.821,3.821,0.5845,-0.041892,LONG_SPREAD,2104.32,1328.08,776.24,0.1377,STRONG,5.0,0.3821,45.85,-1.2716,TIMESTOP,2.0,0.0,0.027747,0.003,0.024747,52.08,-1.2716,-3.821,-0.041892,0.003074,True
575,2022-11-12 02:00:00+00:00,2022-11-12 04:00:00+00:00,2.0531,-2.0531,0.5824,0.022107,SHORT_SPREAD,1413.39,893.21,520.18,0.1377,NORMAL,3.5531,-0.2053,24.64,2.5479,TIMESTOP,2.0,0.0,-0.005803,0.003,-0.008803,-12.44,2.008,2.5479,0.022107,0.002751,False
576,2022-11-12 05:00:00+00:00,2022-11-12 07:00:00+00:00,2.0978,-2.0978,0.5784,0.023104,SHORT_SPREAD,1444.14,914.95,529.19,0.1377,NORMAL,3.5978,-0.2098,25.17,1.091,TIMESTOP,2.0,0.0,0.011157,0.003,0.008157,11.78,1.0862,2.0978,0.023104,0.00276,True
577,2022-11-22 03:00:00+00:00,2022-11-22 05:00:00+00:00,-2.1825,2.1825,0.5551,-0.024117,LONG_SPREAD,1502.43,966.15,536.28,0.1377,NORMAL,3.6825,0.2182,26.19,-1.2918,TIMESTOP,2.0,0.0,0.009398,0.003,0.006398,9.61,-1.2918,-2.1825,-0.024117,0.003187,True
578,2022-12-02 08:00:00+00:00,2022-12-02 10:00:00+00:00,3.2809,-3.2809,0.5037,0.024257,SHORT_SPREAD,2258.62,1502.07,756.55,0.1377,STRONG,4.7809,-0.3281,39.37,2.6314,TIMESTOP,2.0,0.0,0.004632,0.003,0.001632,3.69,2.6314,3.2809,0.024257,0.002712,True
579,2022-12-02 11:00:00+00:00,2022-12-02 13:00:00+00:00,3.0446,-3.0446,0.5088,0.023139,SHORT_SPREAD,2095.9,1389.07,706.83,0.1377,STRONG,4.5446,-0.3045,36.53,1.0889,TIMESTOP,2.0,0.0,0.015476,0.003,0.012476,26.15,1.0889,3.0446,0.023139,0.002718,True
580,2022-12-02 15:00:00+00:00,2022-12-02 17:00:00+00:00,2.4108,-2.4108,0.5131,0.018509,SHORT_SPREAD,829.8,548.4,281.4,0.1377,NORMAL,3.9108,-0.2411,28.93,0.6867,TIMESTOP,2.0,10.21,0.013801,0.003,0.010801,19.17,0.6867,2.4108,0.018509,0.002729,True
581,2022-12-07 07:00:00+00:00,2022-12-07 09:00:00+00:00,-2.3541,2.3541,0.5212,-0.017766,LONG_SPREAD,1620.6,1065.33,555.27,0.1377,NORMAL,3.8541,0.2354,28.25,-1.3162,TIMESTOP,2.0,0.0,0.007159,0.003,0.004159,6.74,-1.3162,-2.3541,-0.017766,0.003078,True
582,2022-12-08 19:00:00+00:00,2022-12-08 21:00:00+00:00,2.4572,-2.4572,0.5201,0.015887,SHORT_SPREAD,1691.57,1112.83,578.74,0.1377,NORMAL,3.9572,-0.2457,29.49,1.0931,TIMESTOP,2.0,0.0,0.009477,0.003,0.006477,10.96,1.0931,2.4572,0.015887,0.003152,True
583,2022-12-15 21:00:00+00:00,2022-12-15 23:00:00+00:00,2.19,-2.19,0.5284,0.013208,SHORT_SPREAD,1507.63,986.42,521.21,0.1377,NORMAL,3.69,-0.219,26.28,1.3417,TIMESTOP,2.0,0.0,0.005089,0.003,0.002089,3.15,1.3417,2.19,0.013208,0.003551,True
584,2022-12-16 21:00:00+00:00,2022-12-16 22:00:00+00:00,-2.4632,2.4632,0.5277,-0.014839,LONG_SPREAD,1695.71,1110.01,585.71,0.1377,NORMAL,3.9632,0.2463,29.56,-5.0,STOPLOSS,1.0,0.0,-0.030942,0.003,-0.033942,-57.56,-2.4632,-5.0,-0.014839,0.003699,False
585,2022-12-16 23:00:00+00:00,2022-12-17 01:00:00+00:00,-5.0,5.0,0.532,-0.046583,LONG_SPREAD,2753.62,1797.36,956.26,0.1377,STRONG,5.0,0.5,60.0,-4.71,TIMESTOP,2.0,0.0,0.013383,0.003,0.010383,28.59,-4.71,-5.0,-0.046583,0.003713,True
586,2022-12-17 02:00:00+00:00,2022-12-17 04:00:00+00:00,-3.8029,3.8029,0.532,-0.02737,LONG_SPREAD,2617.96,1708.86,909.1,0.1377,STRONG,5.0,0.3803,45.64,-2.1917,TIMESTOP,2.0,0.0,0.011244,0.003,0.008244,21.58,-2.1917,-3.8029,-0.02737,0.003743,True
587,2022-12-19 18:00:00+00:00,2022-12-19 20:00:00+00:00,-2.4083,2.4083,0.5166,-0.016817,LONG_SPREAD,828.95,546.59,282.36,0.1377,NORMAL,3.9083,0.2408,28.9,-0.4533,TIMESTOP,2.0,9.89,0.013431,0.003,0.010431,18.54,-0.4533,-2.4083,-0.016817,0.003889,True
588,2022-12-22 23:00:00+00:00,2022-12-23 01:00:00+00:00,2.2565,-2.2565,0.5081,0.013946,SHORT_SPREAD,776.7,515.03,261.67,0.1377,NORMAL,3.7565,-0.2257,27.08,1.0118,TIMESTOP,2.0,5.48,0.008096,0.003,0.005096,9.43,0.9437,2.2565,0.013946,0.003991,True
589,2022-12-28 06:00:00+00:00,2022-12-28 08:00:00+00:00,-2.748,2.748,0.5133,-0.017201,LONG_SPREAD,1891.74,1250.04,641.7,0.1377,NORMAL,4.248,0.2748,32.98,-1.3568,TIMESTOP,2.0,0.0,0.008245,0.003,0.005245,9.92,-1.3568,-2.748,-0.017201,0.004338,True
590,2023-01-02 03:00:00+00:00,2023-01-02 05:00:00+00:00,2.9553,-2.9553,0.5175,0.016584,SHORT_SPREAD,2034.47,1340.68,693.78,0.1377,NORMAL,4.4553,-0.2955,35.46,1.8308,TIMESTOP,2.0,0.0,0.006472,0.003,0.003472,7.06,1.8308,2.9553,0.016584,0.004662,True
591,2023-01-04 01:00:00+00:00,2023-01-04 03:00:00+00:00,2.9142,-2.9142,0.5348,0.017269,SHORT_SPREAD,2006.15,1307.12,699.03,0.1377,NORMAL,4.4142,-0.2914,34.97,2.2166,TIMESTOP,2.0,0.0,0.004081,0.003,0.001081,2.17,2.2166,2.9142,0.017269,0.00473,True
592,2023-01-05 22:00:00+00:00,2023-01-06 00:00:00+00:00,2.4009,-2.4009,0.5404,0.013863,SHORT_SPREAD,1652.81,1072.96,579.85,0.1377,NORMAL,3.9009,-0.2401,28.81,2.7645,TIMESTOP,2.0,0.0,-0.002356,0.003,-0.005356,-8.85,1.8309,2.7645,0.013863,0.004716,False
593,2023-01-08 14:00:00+00:00,2023-01-08 16:00:00+00:00,2.2663,-2.2663,0.5407,0.010883,SHORT_SPREAD,1560.14,1012.64,547.51,0.1377,NORMAL,3.7663,-0.2266,27.2,1.8468,TIMESTOP,2.0,0.0,0.001841,0.003,-0.001159,-1.81,1.8468,2.7254,0.010883,0.004763,False
594,2023-01-09 01:00:00+00:00,2023-01-09 03:00:00+00:00,2.17,-2.17,0.5508,0.010841,SHORT_SPREAD,746.92,481.63,265.28,0.1377,NORMAL,3.67,-0.217,26.04,1.2799,TIMESTOP,2.0,3.3,0.004283,0.003,0.001283,4.26,0.9482,2.17,0.010841,0.004667,True
595,2023-01-09 10:00:00+00:00,2023-01-09 12:00:00+00:00,2.1936,-2.1936,0.5567,0.011102,SHORT_SPREAD,1510.08,970.05,540.03,0.1377,NORMAL,3.6936,-0.2194,26.32,1.4004,TIMESTOP,2.0,0.0,0.003783,0.003,0.000783,1.18,1.4004,2.1936,0.011102,0.004515,True
596,2023-01-09 15:00:00+00:00,2023-01-09 17:00:00+00:00,2.2148,-2.2148,0.5612,0.011438,SHORT_SPREAD,762.33,488.29,274.04,0.1377,NORMAL,3.7148,-0.2215,26.58,-0.2521,TIMESTOP,2.0,8.07,0.012088,0.003,0.009088,15.0,-0.2521,2.2148,0.011438,0.004496,True
597,2023-01-09 20:00:00+00:00,2023-01-09 22:00:00+00:00,-2.4245,2.4245,0.5614,-0.010984,LONG_SPREAD,834.51,534.46,300.05,0.1377,NORMAL,3.9245,0.2424,29.09,-0.3599,TIMESTOP,2.0,7.07,0.009968,0.003,0.006968,12.88,-0.3599,-2.4245,-0.010984,0.004506,True
598,2023-01-11 19:00:00+00:00,2023-01-11 21:00:00+00:00,4.3768,-4.3768,0.5612,0.021741,SHORT_SPREAD,3000.0,1921.61,1078.39,0.1377,STRONG,5.0,-0.4377,52.52,1.6666,TIMESTOP,2.0,0.0,0.012936,0.003,0.009936,29.81,1.6666,4.3768,0.021741,0.004605,True
599,2023-01-11 22:00:00+00:00,2023-01-11 23:00:00+00:00,2.7103,-2.7103,0.5654,0.014029,SHORT_SPREAD,1865.81,1191.93,673.87,0.1377,NORMAL,4.2103,-0.271,32.52,4.4499,STOPLOSS,1.0,0.0,-0.008877,0.003,-0.011877,-22.16,2.7103,4.4499,0.014029,0.004586,False
600,2023-01-12 00:00:00+00:00,2023-01-12 02:00:00+00:00,3.2069,-3.2069,0.5729,0.016995,SHORT_SPREAD,2207.64,1403.52,804.12,0.1377,STRONG,4.7069,-0.3207,38.48,1.1537,TIMESTOP,2.0,0.0,0.010241,0.003,0.007241,15.99,1.1537,3.2069,0.016995,0.004513,True
601,2023-01-13 15:00:00+00:00,2023-01-13 17:00:00+00:00,2.0551,-2.0551,0.5906,0.011499,SHORT_SPREAD,707.38,444.73,262.65,0.1377,NORMAL,3.5551,-0.2055,24.66,-0.397,TIMESTOP,2.0,3.54,0.01226,0.003,0.00926,10.09,-0.397,2.0551,0.011499,0.004472,True
602,2023-01-14 00:00:00+00:00,2023-01-14 01:00:00+00:00,2.5015,-2.5015,0.5967,0.013895,SHORT_SPREAD,1722.04,1078.53,643.51,0.1377,NORMAL,4.0015,-0.2501,30.02,4.6258,STOPLOSS,1.0,0.0,-0.011152,0.003,-0.014152,-24.37,2.5015,4.6258,0.013895,0.004329,False
603,2023-01-14 02:00:00+00:00,2023-01-14 04:00:00+00:00,3.2114,-3.2114,0.6072,0.018063,SHORT_SPREAD,2210.75,1375.57,835.19,0.1377,STRONG,4.7114,-0.3211,38.54,2.2214,TIMESTOP,2.0,0.0,0.004942,0.003,0.001942,4.29,2.2214,3.2114,0.018063,0.004204,True
604,2023-01-14 05:00:00+00:00,2023-01-14 06:00:00+00:00,3.2267,-3.2267,0.6148,0.018618,SHORT_SPREAD,2221.3,1375.56,845.74,0.1377,STRONG,4.7267,-0.3227,38.72,5.0,STOPLOSS,1.0,0.0,-0.083367,0.003,-0.086367,-191.85,3.2267,5.0,0.018618,0.004136,False
605,2023-01-14 09:00:00+00:00,2023-01-14 11:00:00+00:00,4.5899,-4.5899,0.6612,0.039767,SHORT_SPREAD,3000.0,1805.93,1194.07,0.1377,STRONG,5.0,-0.459,55.08,2.954,TIMESTOP,2.0,0.0,0.012891,0.003,0.009891,29.67,2.954,4.5899,0.039767,0.00403,True
606,2023-01-14 12:00:00+00:00,2023-01-14 14:00:00+00:00,2.669,-2.669,0.6643,0.024779,SHORT_SPREAD,1837.38,1103.96,733.42,0.1377,NORMAL,4.169,-0.2669,32.03,1.0404,TIMESTOP,2.0,0.0,0.013748,0.003,0.010748,19.75,1.0404,2.669,0.024779,0.004053,True
607,2023-01-15 02:00:00+00:00,2023-01-15 04:00:00+00:00,-2.2547,2.2547,0.6631,-0.017216,LONG_SPREAD,776.07,466.64,309.43,0.1377,NORMAL,3.7547,0.2255,27.06,-1.2176,TIMESTOP,2.0,7.38,0.008927,0.003,0.005927,11.97,-0.9822,-2.2547,-0.017216,0.004081,True
608,2023-01-16 08:00:00+00:00,2023-01-16 10:00:00+00:00,-2.069,2.069,0.6626,-0.015933,LONG_SPREAD,1424.34,856.67,567.67,0.1377,NORMAL,3.569,0.2069,24.83,-1.0984,TIMESTOP,2.0,0.0,0.00848,0.003,0.00548,7.8,-1.0121,-2.069,-0.015933,0.004092,True
609,2023-01-17 07:00:00+00:00,2023-01-17 09:00:00+00:00,2.5918,-2.5918,0.6636,0.025123,SHORT_SPREAD,1784.21,1072.48,711.74,0.1377,NORMAL,4.0918,-0.2592,31.1,1.7102,TIMESTOP,2.0,0.0,0.007729,0.003,0.004729,8.44,1.6151,2.5918,0.025123,0.004147,True
610,2023-01-17 21:00:00+00:00,2023-01-17 23:00:00+00:00,-2.7141,2.7141,0.6693,-0.022388,LONG_SPREAD,1868.37,1119.23,749.14,0.1377,NORMAL,4.2141,0.2714,32.57,-1.3898,TIMESTOP,2.0,0.0,0.011956,0.003,0.008956,16.73,-1.3898,-2.7141,-0.022388,0.004091,True
611,2023-01-18 14:00:00+00:00,2023-01-18 16:00:00+00:00,2.1452,-2.1452,0.6684,0.02184,SHORT_SPREAD,738.38,442.56,295.83,0.1377,NORMAL,3.6452,-0.2145,25.74,-0.8329,TIMESTOP,2.0,18.61,0.027405,0.003,0.024405,36.63,-0.8329,2.1452,0.02184,0.004097,True
612,2023-01-22 20:00:00+00:00,2023-01-22 22:00:00+00:00,-2.0341,2.0341,0.6939,-0.016443,LONG_SPREAD,1400.28,826.68,573.6,0.1377,NORMAL,3.5341,0.2034,24.41,-1.2758,TIMESTOP,2.0,0.0,0.006992,0.003,0.003992,5.59,-1.1634,-2.0341,-0.016443,0.003903,True
613,2023-01-23 15:00:00+00:00,2023-01-23 17:00:00+00:00,3.3326,-3.3326,0.6979,0.033824,SHORT_SPREAD,2294.15,1351.16,942.99,0.1377,STRONG,4.8326,-0.3333,39.99,2.5663,TIMESTOP,2.0,0.0,0.006892,0.003,0.003892,8.93,2.2291,3.3326,0.033824,0.003904,True
614,2023-01-23 18:00:00+00:00,2023-01-23 20:00:00+00:00,3.5368,-3.5368,0.7051,0.03671,SHORT_SPREAD,2434.76,1427.91,1006.85,0.1377,STRONG,5.0,-0.3537,42.44,1.7851,TIMESTOP,2.0,0.0,0.016718,0.003,0.013718,33.4,1.7851,3.5368,0.03671,0.003908,True
615,2023-02-02 16:00:00+00:00,2023-02-02 18:00:00+00:00,2.0523,-2.0523,0.723,0.022254,SHORT_SPREAD,706.39,409.97,296.42,0.1377,NORMAL,3.5523,-0.2052,24.63,0.8732,TIMESTOP,2.0,8.05,0.011896,0.003,0.008896,14.33,0.7762,2.0523,0.022254,0.003805,True
616,2023-02-03 05:00:00+00:00,2023-02-03 07:00:00+00:00,2.0432,-2.0432,0.7303,0.022314,SHORT_SPREAD,703.26,406.44,296.82,0.1377,NORMAL,3.5432,-0.2043,24.52,0.4131,TIMESTOP,2.0,7.16,0.016557,0.003,0.013557,16.7,0.4131,2.0432,0.022314,0.003851,True
617,2023-02-09 07:00:00+00:00,2023-02-09 09:00:00+00:00,-5.0,5.0,0.7392,-0.03937,LONG_SPREAD,3000.0,1724.88,1275.12,0.1377,STRONG,5.0,0.5,60.0,-2.6454,TIMESTOP,2.0,0.0,0.02105,0.003,0.01805,54.15,-2.6454,-5.0,-0.03937,0.00397,True
618,2023-02-09 14:00:00+00:00,2023-02-09 16:00:00+00:00,-2.5173,2.5173,0.719,-0.017987,LONG_SPREAD,866.45,504.04,362.4,0.1377,NORMAL,4.0173,0.2517,30.21,-1.8624,TIMESTOP,2.0,12.89,0.004769,0.003,0.001769,14.42,-0.3157,-2.5173,-0.017987,0.003668,True
619,2023-02-09 17:00:00+00:00,2023-02-09 19:00:00+00:00,-2.0519,2.0519,0.7163,-0.014717,LONG_SPREAD,1412.56,823.02,589.54,0.1377,NORMAL,3.5519,0.2052,24.62,-4.1852,STOPLOSS,2.0,0.0,-0.016657,0.003,-0.019657,-27.77,-2.0519,-4.1852,-0.014717,0.003665,False
620,2023-02-09 20:00:00+00:00,2023-02-09 22:00:00+00:00,-4.4404,4.4404,0.7147,-0.034219,LONG_SPREAD,3000.0,1749.56,1250.44,0.1377,STRONG,5.0,0.444,53.29,-1.7202,TIMESTOP,2.0,0.0,0.021263,0.003,0.018263,54.79,-1.7202,-4.4404,-0.034219,0.003681,True
621,2023-02-16 23:00:00+00:00,2023-02-17 01:00:00+00:00,-2.3424,2.3424,0.7337,-0.014997,LONG_SPREAD,806.25,465.05,341.2,0.1377,NORMAL,3.8424,0.2342,28.11,-0.6004,TIMESTOP,2.0,7.85,0.011235,0.003,0.008235,14.49,-0.6004,-2.3424,-0.014997,0.003743,True
622,2023-02-17 04:00:00+00:00,2023-02-17 06:00:00+00:00,5.0,-5.0,0.7376,0.039946,SHORT_SPREAD,3000.0,1726.54,1273.46,0.1377,STRONG,5.0,-0.5,60.0,2.4417,TIMESTOP,2.0,0.0,0.023576,0.003,0.020576,61.73,2.4417,5.0,0.039946,0.003756,True
623,2023-02-17 16:00:00+00:00,2023-02-17 18:00:00+00:00,5.0,-5.0,0.7491,0.035161,SHORT_SPREAD,3000.0,1715.16,1284.84,0.1377,STRONG,5.0,-0.5,60.0,5.0,TIMESTOP,2.0,0.0,-0.022502,0.003,-0.025502,-76.51,5.0,5.0,0.035161,0.003727,False
624,2023-02-17 19:00:00+00:00,2023-02-17 21:00:00+00:00,5.0,-5.0,0.7674,0.04179,SHORT_SPREAD,2753.62,1558.01,1195.61,0.1377,STRONG,5.0,-0.5,60.0,2.0603,TIMESTOP,2.0,0.0,0.025033,0.003,0.022033,60.67,2.0603,5.0,0.04179,0.003691,True
625,2023-02-18 12:00:00+00:00,2023-02-18 14:00:00+00:00,-5.0,5.0,0.7552,-0.049201,LONG_SPREAD,2753.62,1568.83,1184.79,0.1377,STRONG,5.0,0.5,60.0,-4.054,TIMESTOP,2.0,0.0,0.015137,0.003,0.012137,33.42,-4.054,-5.0,-0.049201,0.003519,True
626,2023-02-18 15:00:00+00:00,2023-02-18 17:00:00+00:00,-3.5225,3.5225,0.7331,-0.030069,LONG_SPREAD,2424.93,1399.17,1025.77,0.1377,STRONG,5.0,0.3523,42.27,-1.7475,TIMESTOP,2.0,0.0,0.015189,0.003,0.012189,29.56,-1.7475,-3.5225,-0.030069,0.003386,True
627,2023-02-19 11:00:00+00:00,2023-02-19 13:00:00+00:00,3.2505,-3.2505,0.7366,0.029664,SHORT_SPREAD,2237.68,1288.55,949.13,0.1377,STRONG,4.7505,-0.3251,39.01,2.4339,TIMESTOP,2.0,0.0,0.006824,0.003,0.003824,8.56,2.4339,3.804,0.029664,0.003353,True
628,2023-02-19 15:00:00+00:00,2023-02-19 17:00:00+00:00,2.2598,-2.2598,0.7451,0.021463,SHORT_SPREAD,777.82,445.71,332.11,0.1377,NORMAL,3.7598,-0.226,27.12,0.3744,TIMESTOP,2.0,8.58,0.017494,0.003,0.014494,19.85,0.3744,2.2598,0.021463,0.003348,True
629,2023-02-19 23:00:00+00:00,2023-02-20 01:00:00+00:00,-2.084,2.084,0.745,-0.018679,LONG_SPREAD,717.3,411.07,306.23,0.1377,NORMAL,3.584,0.2084,25.01,-0.8211,TIMESTOP,2.0,7.7,0.011764,0.003,0.008764,13.99,-0.7723,-2.084,-0.018679,0.003395,True
630,2023-02-20 07:00:00+00:00,2023-02-20 09:00:00+00:00,-2.9402,2.9402,0.7337,-0.027218,LONG_SPREAD,1012.03,583.75,428.28,0.1377,NORMAL,4.4402,0.294,35.28,-0.4644,TIMESTOP,2.0,22.42,0.023654,0.003,0.020654,43.32,-0.4644,-2.9402,-0.027218,0.003339,True
631,2023-02-24 21:00:00+00:00,2023-02-24 23:00:00+00:00,-2.8027,2.8027,0.706,-0.027473,LONG_SPREAD,964.71,565.48,399.22,0.1377,NORMAL,4.3027,0.2803,33.63,0.6909,TIMESTOP,2.0,31.17,0.033814,0.003,0.030814,60.9,1.0338,-2.8027,-0.027473,0.003503,True
632,2023-03-08 05:00:00+00:00,2023-03-08 07:00:00+00:00,-3.0009,3.0009,0.6877,-0.028177,LONG_SPREAD,1032.91,612.03,420.87,0.1377,STRONG,4.5009,0.3001,36.01,-0.9369,TIMESTOP,2.0,18.0,0.018929,0.003,0.015929,34.45,-0.9369,-3.0009,-0.028177,0.004067,True
633,2023-03-10 13:00:00+00:00,2023-03-10 15:00:00+00:00,2.7253,-2.7253,0.6988,0.023705,SHORT_SPREAD,938.06,552.2,385.86,0.1377,NORMAL,4.2253,-0.2725,32.7,0.9651,TIMESTOP,2.0,13.72,0.016123,0.003,0.013123,26.03,0.9651,2.7253,0.023705,0.004309,True
634,2023-03-12 20:00:00+00:00,2023-03-12 22:00:00+00:00,2.0238,-2.0238,0.7218,0.012226,SHORT_SPREAD,1393.22,809.15,584.07,0.1377,NORMAL,3.5238,-0.2024,24.29,2.4141,TIMESTOP,2.0,0.0,-0.002808,0.003,-0.005808,-8.09,1.6636,2.4141,0.012226,0.004253,False
635,2023-03-12 23:00:00+00:00,2023-03-13 01:00:00+00:00,3.1509,-3.1509,0.7307,0.020169,SHORT_SPREAD,2169.07,1253.3,915.76,0.1377,STRONG,4.6509,-0.3151,37.81,1.4719,TIMESTOP,2.0,0.0,0.011282,0.003,0.008282,17.96,1.4719,3.1509,0.020169,0.004144,True
636,2023-03-14 12:00:00+00:00,2023-03-14 14:00:00+00:00,2.2846,-2.2846,0.7567,0.014809,SHORT_SPREAD,1572.71,895.24,677.46,0.1377,NORMAL,3.7846,-0.2285,27.41,1.7414,TIMESTOP,2.0,0.0,0.003577,0.003,0.000577,0.91,1.7414,2.2846,0.014809,0.003878,True
637,2023-03-14 20:00:00+00:00,2023-03-14 22:00:00+00:00,-2.0863,2.0863,0.7647,-0.015147,LONG_SPREAD,1436.25,813.88,622.37,0.1377,NORMAL,3.5863,0.2086,25.04,-1.1094,TIMESTOP,2.0,0.0,0.006718,0.003,0.003718,5.34,-1.1094,-2.0863,-0.015147,0.003719,True
638,2023-03-17 10:00:00+00:00,2023-03-17 12:00:00+00:00,2.4322,-2.4322,0.7706,0.016408,SHORT_SPREAD,837.16,472.81,364.35,0.1377,NORMAL,3.9322,-0.2432,29.19,0.2618,TIMESTOP,2.0,11.19,0.014865,0.003,0.011865,21.12,0.2618,2.4322,0.016408,0.003693,True
639,2023-03-17 23:00:00+00:00,2023-03-18 01:00:00+00:00,2.3967,-2.3967,0.776,0.015728,SHORT_SPREAD,824.94,464.49,360.44,0.1377,NORMAL,3.8967,-0.2397,28.76,1.0,TIMESTOP,2.0,6.29,0.009131,0.003,0.006131,11.35,1.0,2.3967,0.015728,0.003605,True
640,2023-03-20 02:00:00+00:00,2023-03-20 04:00:00+00:00,-2.1208,2.1208,0.7775,-0.013856,LONG_SPREAD,729.98,410.68,319.3,0.1377,NORMAL,3.6208,0.2121,25.45,-0.9869,TIMESTOP,2.0,4.26,0.007332,0.003,0.004332,7.42,-0.9869,-2.1208,-0.013856,0.003656,True
641,2023-03-20 10:00:00+00:00,2023-03-20 12:00:00+00:00,-3.2459,3.2459,0.7709,-0.021714,LONG_SPREAD,2234.51,1261.8,972.71,0.1377,STRONG,4.7459,0.3246,38.95,-1.3546,TIMESTOP,2.0,0.0,0.012527,0.003,0.009527,21.29,-1.1074,-3.2459,-0.021714,0.003627,True
642,2023-03-20 14:00:00+00:00,2023-03-20 16:00:00+00:00,-2.3685,2.3685,0.7656,-0.016164,LONG_SPREAD,1630.51,923.5,707.01,0.1377,NORMAL,3.8685,0.2369,28.42,-3.6945,TIMESTOP,2.0,0.0,-0.009443,0.003,-0.012443,-20.29,-2.3685,-3.6945,-0.016164,0.003593,False
643,2023-03-20 17:00:00+00:00,2023-03-20 19:00:00+00:00,-2.1733,2.1733,0.7609,-0.015386,LONG_SPREAD,1496.14,849.64,646.5,0.1377,NORMAL,3.6733,0.2173,26.08,-1.4733,TIMESTOP,2.0,0.0,0.004734,0.003,0.001734,2.59,-1.4733,-2.1733,-0.015386,0.003598,True
644,2023-03-22 12:00:00+00:00,2023-03-22 14:00:00+00:00,-3.2387,3.2387,0.7436,-0.023128,LONG_SPREAD,1114.76,639.33,475.43,0.1377,STRONG,4.7387,0.3239,38.86,0.3745,TIMESTOP,2.0,26.74,0.025487,0.003,0.022487,51.81,0.3745,-3.2387,-0.023128,0.003488,True
645,2023-03-23 16:00:00+00:00,2023-03-23 18:00:00+00:00,2.2806,-2.2806,0.7454,0.01563,SHORT_SPREAD,784.97,449.75,335.22,0.1377,NORMAL,3.7806,-0.2281,27.37,0.0417,TIMESTOP,2.0,8.96,0.015822,0.003,0.012822,19.02,0.0417,2.2806,0.01563,0.003458,True
646,2023-03-27 13:00:00+00:00,2023-03-27 15:00:00+00:00,2.5404,-2.5404,0.743,0.017766,SHORT_SPREAD,874.4,501.67,372.73,0.1377,NORMAL,4.0404,-0.254,30.48,-0.1465,TIMESTOP,2.0,15.48,0.019199,0.003,0.016199,29.64,-0.1465,2.5404,0.017766,0.003689,True
647,2023-03-31 07:00:00+00:00,2023-03-31 09:00:00+00:00,-2.2519,2.2519,0.7396,-0.015469,LONG_SPREAD,775.12,445.57,329.55,0.1377,NORMAL,3.7519,0.2252,27.02,-0.9801,TIMESTOP,2.0,5.66,0.008802,0.003,0.005802,10.16,-0.9801,-2.2519,-0.015469,0.003619,True
648,2023-04-02 02:00:00+00:00,2023-04-02 04:00:00+00:00,2.6082,-2.6082,0.7432,0.017271,SHORT_SPREAD,1795.5,1029.98,765.52,0.1377,NORMAL,4.1082,-0.2608,31.3,1.7436,TIMESTOP,2.0,0.0,0.00564,0.003,0.00264,4.74,1.4954,2.6082,0.017271,0.003627,True
649,2023-04-03 23:00:00+00:00,2023-04-04 01:00:00+00:00,2.0499,-2.0499,0.7574,0.013024,SHORT_SPREAD,705.58,401.49,304.1,0.1377,NORMAL,3.5499,-0.205,24.6,0.6183,TIMESTOP,2.0,5.91,0.009204,0.003,0.006204,10.29,0.512,2.0499,0.013024,0.003764,True
650,2023-04-11 07:00:00+00:00,2023-04-11 09:00:00+00:00,2.2692,-2.2692,0.7525,0.012038,SHORT_SPREAD,781.07,445.68,335.39,0.1377,NORMAL,3.7692,-0.2269,27.23,1.1709,TIMESTOP,2.0,5.14,0.005815,0.003,0.002815,7.34,0.7476,2.2692,0.012038,0.003975,True
651,2023-04-14 00:00:00+00:00,2023-04-14 02:00:00+00:00,3.2185,-3.2185,0.7669,0.01656,SHORT_SPREAD,1107.83,626.99,480.84,0.1377,STRONG,4.7185,-0.3219,38.62,0.257,TIMESTOP,2.0,14.73,0.014793,0.003,0.011793,27.79,0.257,3.2185,0.01656,0.004004,True
652,2023-04-14 05:00:00+00:00,2023-04-14 07:00:00+00:00,-3.5323,3.5323,0.7638,-0.01726,LONG_SPREAD,2431.65,1378.68,1052.97,0.1377,STRONG,5.0,0.3532,42.39,-1.815,TIMESTOP,2.0,0.0,0.008605,0.003,0.005605,13.63,-1.3845,-3.5323,-0.01726,0.003896,True
653,2023-04-14 14:00:00+00:00,2023-04-14 16:00:00+00:00,-2.8711,2.8711,0.7577,-0.014098,LONG_SPREAD,988.23,562.24,425.99,0.1377,NORMAL,4.3711,0.2871,34.45,-0.0448,TIMESTOP,2.0,9.7,0.014449,0.003,0.011449,21.01,-0.0448,-2.8711,-0.014098,0.003858,True
654,2023-04-15 14:00:00+00:00,2023-04-15 16:00:00+00:00,-2.6446,2.6446,0.7568,-0.012867,LONG_SPREAD,910.28,518.14,392.14,0.1377,NORMAL,4.1446,0.2645,31.74,-0.9406,TIMESTOP,2.0,6.41,0.008545,0.003,0.005545,11.46,-0.9406,-2.6446,-0.012867,0.003849,True
655,2023-04-16 01:00:00+00:00,2023-04-16 03:00:00+00:00,-2.0838,2.0838,0.7484,-0.010125,LONG_SPREAD,717.25,410.23,307.03,0.1377,NORMAL,3.5838,0.2084,25.01,-0.6715,TIMESTOP,2.0,4.68,0.007147,0.003,0.004147,7.65,-0.5013,-2.0838,-0.010125,0.003771,True
656,2023-04-17 02:00:00+00:00,2023-04-17 04:00:00+00:00,-3.842,3.842,0.7443,-0.019556,LONG_SPREAD,2644.89,1516.33,1128.56,0.1377,STRONG,5.0,0.3842,46.1,-3.8826,TIMESTOP,2.0,0.0,-0.000859,0.003,-0.003859,-10.21,-3.5909,-3.8826,-0.019556,0.003774,False
657,2023-04-17 05:00:00+00:00,2023-04-17 07:00:00+00:00,-2.4324,2.4324,0.7375,-0.012793,LONG_SPREAD,837.23,481.86,355.36,0.1377,NORMAL,3.9324,0.2432,29.19,0.1574,TIMESTOP,2.0,10.42,0.013945,0.003,0.010945,19.58,0.1574,-2.4324,-0.012793,0.00374,True
658,2023-04-17 19:00:00+00:00,2023-04-17 21:00:00+00:00,-2.1062,2.1062,0.7343,-0.011128,LONG_SPREAD,1449.9,836.0,613.9,0.1377,NORMAL,3.6062,0.2106,25.27,-1.7101,TIMESTOP,2.0,0.0,0.002016,0.003,-0.000984,-1.43,-1.7101,-2.1062,-0.011128,0.003762,False
659,2023-04-18 11:00:00+00:00,2023-04-18 13:00:00+00:00,-2.0573,2.0573,0.7287,-0.011168,LONG_SPREAD,1416.23,819.22,597.01,0.1377,NORMAL,3.5573,0.2057,24.69,-1.0345,TIMESTOP,2.0,0.0,0.005491,0.003,0.002491,3.53,-1.0345,-2.2885,-0.011168,0.003621,True
660,2023-04-18 14:00:00+00:00,2023-04-18 16:00:00+00:00,-2.2024,2.2024,0.7242,-0.012054,LONG_SPREAD,758.08,439.67,318.41,0.1377,NORMAL,3.7024,0.2202,26.43,-0.1162,TIMESTOP,2.0,7.42,0.01129,0.003,0.00829,13.71,-0.1162,-2.45,-0.012054,0.003566,True
661,2023-04-19 09:00:00+00:00,2023-04-19 11:00:00+00:00,-2.0145,2.0145,0.7256,-0.011377,LONG_SPREAD,1386.79,803.66,583.13,0.1377,NORMAL,3.5145,0.2014,24.17,-1.4908,TIMESTOP,2.0,0.0,0.002818,0.003,-0.000182,-0.25,-1.2589,-2.0145,-0.011377,0.003616,False
662,2023-04-20 13:00:00+00:00,2023-04-20 15:00:00+00:00,-2.3917,2.3917,0.724,-0.013032,LONG_SPREAD,1646.47,955.01,691.46,0.1377,NORMAL,3.8917,0.2392,28.7,-1.6609,TIMESTOP,2.0,0.0,0.003827,0.003,0.000827,1.36,-1.6609,-2.4614,-0.013032,0.003765,True
663,2023-04-24 04:00:00+00:00,2023-04-24 06:00:00+00:00,2.1099,-2.1099,0.7284,0.010487,SHORT_SPREAD,726.23,420.17,306.06,0.1377,NORMAL,3.6099,-0.211,25.32,-0.0892,TIMESTOP,2.0,4.62,0.011357,0.003,0.008357,10.69,-0.0892,2.1099,0.010487,0.004086,True
664,2023-04-24 08:00:00+00:00,2023-04-24 10:00:00+00:00,-2.1964,2.1964,0.7273,-0.0117,LONG_SPREAD,755.99,437.68,318.32,0.1377,NORMAL,3.6964,0.2196,26.36,-0.8628,TIMESTOP,2.0,4.04,0.006838,0.003,0.003838,6.94,-0.8628,-2.1964,-0.0117,0.004096,True
665,2023-04-26 20:00:00+00:00,2023-04-26 22:00:00+00:00,-2.3201,2.3201,0.7342,-0.012447,LONG_SPREAD,798.59,460.49,338.1,0.1377,NORMAL,3.8201,0.232,27.84,-0.7367,TIMESTOP,2.0,5.77,0.008146,0.003,0.005146,9.88,-0.6275,-2.3201,-0.012447,0.004009,True
666,2023-04-28 16:00:00+00:00,2023-04-28 18:00:00+00:00,2.4869,-2.4869,0.7339,0.012147,SHORT_SPREAD,1712.0,987.39,724.62,0.1377,NORMAL,3.9869,-0.2487,29.84,1.4599,TIMESTOP,2.0,0.0,0.005112,0.003,0.002112,3.62,1.4599,2.4869,0.012147,0.004128,True
667,2023-05-01 19:00:00+00:00,2023-05-01 21:00:00+00:00,-2.1813,2.1813,0.732,-0.011634,LONG_SPREAD,1501.65,866.99,634.66,0.1377,NORMAL,3.6813,0.2181,26.18,-1.4252,TIMESTOP,2.0,0.0,0.003804,0.003,0.000804,1.21,-1.4252,-2.1813,-0.011634,0.004297,True
668,2023-05-08 01:00:00+00:00,2023-05-08 03:00:00+00:00,-2.5244,2.5244,0.7303,-0.012458,LONG_SPREAD,1737.79,1004.31,733.48,0.1377,NORMAL,4.0244,0.2524,30.29,-1.8844,TIMESTOP,2.0,0.0,0.003235,0.003,0.000235,0.41,-1.8844,-2.5244,-0.012458,0.004481,True
669,2023-05-08 04:00:00+00:00,2023-05-08 06:00:00+00:00,-2.7851,2.7851,0.7301,-0.013158,LONG_SPREAD,958.64,554.08,404.56,0.1377,NORMAL,4.2851,0.2785,33.42,-0.1733,TIMESTOP,2.0,9.89,0.011813,0.003,0.008813,18.34,-0.1733,-2.7851,-0.013158,0.004511,True
670,2023-05-08 08:00:00+00:00,2023-05-08 10:00:00+00:00,-2.0713,2.0713,0.7295,-0.009957,LONG_SPREAD,712.94,412.22,300.73,0.1377,NORMAL,3.5713,0.2071,24.86,-0.8636,TIMESTOP,2.0,3.2,0.005401,0.003,0.002401,4.91,-0.7365,-2.0713,-0.009957,0.004548,True
671,2023-05-09 03:00:00+00:00,2023-05-09 05:00:00+00:00,2.0311,-2.0311,0.7293,0.008271,SHORT_SPREAD,699.1,404.27,294.83,0.1377,NORMAL,3.5311,-0.2031,24.37,0.9893,TIMESTOP,2.0,2.18,0.004612,0.003,0.001612,3.3,0.9893,2.0311,0.008271,0.004633,True
672,2023-05-10 14:00:00+00:00,2023-05-10 16:00:00+00:00,3.9358,-3.9358,0.732,0.015899,SHORT_SPREAD,2709.43,1564.32,1145.11,0.1377,STRONG,5.0,-0.3936,47.23,2.31,TIMESTOP,2.0,0.0,0.006547,0.003,0.003547,9.61,2.31,3.9358,0.015899,0.004696,True
673,2023-05-10 20:00:00+00:00,2023-05-10 22:00:00+00:00,2.3888,-2.3888,0.736,0.009804,SHORT_SPREAD,822.24,473.63,348.61,0.1377,NORMAL,3.8888,-0.2389,28.67,1.0318,TIMESTOP,2.0,3.83,0.005732,0.003,0.002732,6.07,0.9329,2.3888,0.009804,0.004699,True
674,2023-05-12 06:00:00+00:00,2023-05-12 08:00:00+00:00,-2.1056,2.1056,0.7339,-0.008954,LONG_SPREAD,1449.53,836.0,613.52,0.1377,NORMAL,3.6056,0.2106,25.27,-2.5347,TIMESTOP,2.0,0.0,-0.001899,0.003,-0.004899,-7.1,-2.0641,-2.5347,-0.008954,0.004884,False
675,2023-05-13 01:00:00+00:00,2023-05-13 03:00:00+00:00,2.0288,-2.0288,0.7279,0.008139,SHORT_SPREAD,698.32,404.14,294.19,0.1377,NORMAL,3.5288,-0.2029,24.35,1.1283,TIMESTOP,2.0,3.17,0.003758,0.003,0.000758,3.7,0.5899,2.0288,0.008139,0.004741,True
676,2023-05-15 19:00:00+00:00,2023-05-15 21:00:00+00:00,-2.0006,2.0006,0.7263,-0.008595,LONG_SPREAD,688.62,398.9,289.72,0.1377,NORMAL,3.5006,0.2001,24.01,-0.6048,TIMESTOP,2.0,2.86,0.005647,0.003,0.002647,4.68,-0.6048,-2.0006,-0.008595,0.00478,True
677,2023-05-16 06:00:00+00:00,2023-05-16 08:00:00+00:00,-2.103,2.103,0.7212,-0.009314,LONG_SPREAD,723.86,420.56,303.31,0.1377,NORMAL,3.603,0.2103,25.24,-0.9441,TIMESTOP,2.0,2.77,0.00478,0.003,0.00178,4.06,-0.8139,-2.103,-0.009314,0.004809,True
678,2023-05-17 19:00:00+00:00,2023-05-17 21:00:00+00:00,2.0894,-2.0894,0.7216,0.007688,SHORT_SPREAD,1438.38,835.47,602.9,0.1377,NORMAL,3.5894,-0.2089,25.07,1.8182,TIMESTOP,2.0,0.0,0.000976,0.003,-0.002024,-2.91,1.8182,3.3911,0.007688,0.004841,False
679,2023-05-18 03:00:00+00:00,2023-05-18 05:00:00+00:00,2.6356,-2.6356,0.7269,0.010194,SHORT_SPREAD,1814.37,1050.65,763.72,0.1377,NORMAL,4.1356,-0.2636,31.63,1.9125,TIMESTOP,2.0,0.0,0.00287,0.003,-0.00013,-0.24,1.9125,2.6356,0.010194,0.004815,False
680,2023-05-19 00:00:00+00:00,2023-05-19 02:00:00+00:00,2.1414,-2.1414,0.7307,0.008454,SHORT_SPREAD,1474.13,851.76,622.38,0.1377,NORMAL,3.6414,-0.2141,25.7,1.3753,TIMESTOP,2.0,0.0,0.003151,0.003,0.000151,0.22,1.1934,2.1414,0.008454,0.004932,True
681,2023-05-23 03:00:00+00:00,2023-05-23 05:00:00+00:00,2.2994,-2.2994,0.7301,0.008807,SHORT_SPREAD,1582.94,914.93,668.01,0.1377,NORMAL,3.7994,-0.2299,27.59,1.7438,TIMESTOP,2.0,0.0,0.002096,0.003,-0.000904,-1.43,1.7438,2.2994,0.008807,0.005109,False
682,2023-05-27 14:00:00+00:00,2023-05-27 16:00:00+00:00,2.5989,-2.5989,0.7341,0.009951,SHORT_SPREAD,894.57,515.88,378.69,0.1377,NORMAL,4.0989,-0.2599,31.19,0.5192,TIMESTOP,2.0,5.52,0.008026,0.003,0.005026,10.01,0.5192,2.5989,0.009951,0.005409,True
683,2023-05-28 21:00:00+00:00,2023-05-28 23:00:00+00:00,2.365,-2.365,0.7368,0.009197,SHORT_SPREAD,814.06,468.71,345.34,0.1377,NORMAL,3.865,-0.2365,28.38,0.3113,TIMESTOP,2.0,5.28,0.00799,0.003,0.00499,9.35,0.3113,2.365,0.009197,0.005334,True
684,2023-05-31 08:00:00+00:00,2023-05-31 10:00:00+00:00,-2.1164,2.1164,0.7332,-0.007794,LONG_SPREAD,1456.92,840.59,616.33,0.1377,NORMAL,3.6164,0.2116,25.4,-1.1057,TIMESTOP,2.0,0.0,0.003758,0.003,0.000758,1.1,-1.1057,-2.1164,-0.007794,0.005407,True
685,2023-06-01 02:00:00+00:00,2023-06-01 04:00:00+00:00,-2.3114,2.3114,0.7307,-0.00837,LONG_SPREAD,1591.2,919.38,671.82,0.1377,NORMAL,3.8114,0.2311,27.74,-1.499,TIMESTOP,2.0,0.0,0.002855,0.003,-0.000145,-0.23,-1.499,-2.3114,-0.00837,0.005483,False
686,2023-06-01 05:00:00+00:00,2023-06-01 07:00:00+00:00,-2.3414,2.3414,0.7293,-0.008566,LONG_SPREAD,805.9,466.02,339.88,0.1377,NORMAL,3.8414,0.2341,28.1,-0.7375,TIMESTOP,2.0,3.4,0.005719,0.003,0.002719,5.59,-0.7375,-2.3414,-0.008566,0.005496,True
687,2023-06-03 23:00:00+00:00,2023-06-04 01:00:00+00:00,2.8123,-2.8123,0.7337,0.009523,SHORT_SPREAD,968.01,558.35,409.65,0.1377,NORMAL,4.3123,-0.2812,33.75,0.1716,TIMESTOP,2.0,7.23,0.008966,0.003,0.005966,13.0,0.1716,2.8123,0.009523,0.005648,True
688,2023-06-05 16:00:00+00:00,2023-06-05 18:00:00+00:00,-4.6484,4.6484,0.7379,-0.016478,LONG_SPREAD,1500.0,863.11,636.89,0.1377,STRONG,5.0,0.4648,55.78,-1.3211,TIMESTOP,2.0,17.46,0.011907,0.003,0.008907,30.82,-0.9801,-4.6484,-0.016478,0.005716,True
689,2023-06-06 12:00:00+00:00,2023-06-06 14:00:00+00:00,-2.3009,2.3009,0.7364,-0.007686,LONG_SPREAD,1583.97,912.23,671.74,0.1377,NORMAL,3.8009,0.2301,27.61,-3.3848,TIMESTOP,2.0,0.0,-0.003915,0.003,-0.006915,-10.95,-1.4935,-3.3848,-0.007686,0.005803,False
690,2023-06-06 15:00:00+00:00,2023-06-06 17:00:00+00:00,-2.6369,2.6369,0.7323,-0.00908,LONG_SPREAD,907.62,523.93,383.69,0.1377,NORMAL,4.1369,0.2637,31.64,0.3268,TIMESTOP,2.0,5.03,0.01046,0.003,0.00746,11.8,0.3268,-2.6369,-0.00908,0.005749,True
691,2023-06-06 19:00:00+00:00,2023-06-06 21:00:00+00:00,4.4606,-4.4606,0.7354,0.016258,SHORT_SPREAD,3000.0,1728.68,1271.32,0.1377,STRONG,5.0,-0.4461,53.53,2.3182,TIMESTOP,2.0,0.0,0.007545,0.003,0.004545,13.63,2.3182,4.4606,0.016258,0.005682,True
692,2023-06-06 22:00:00+00:00,2023-06-07 00:00:00+00:00,2.417,-2.417,0.7383,0.009165,SHORT_SPREAD,831.93,478.58,353.35,0.1377,NORMAL,3.917,-0.2417,29.0,-0.332,TIMESTOP,2.0,4.93,0.01017,0.003,0.00717,10.89,-0.332,2.417,0.009165,0.005679,True
693,2023-06-08 08:00:00+00:00,2023-06-08 10:00:00+00:00,-3.5753,3.5753,0.737,-0.012593,LONG_SPREAD,1230.63,708.46,522.17,0.1377,STRONG,5.0,0.3575,42.9,-0.7671,TIMESTOP,2.0,10.44,0.009982,0.003,0.006982,19.03,-0.7671,-3.5753,-0.012593,0.005858,True
694,2023-06-09 19:00:00+00:00,2023-06-09 21:00:00+00:00,-2.3776,2.3776,0.7342,-0.008467,LONG_SPREAD,818.38,471.91,346.47,0.1377,NORMAL,3.8776,0.2378,28.53,-0.4625,TIMESTOP,2.0,4.29,0.006769,0.003,0.003769,7.37,-0.4625,-2.3776,-0.008467,0.005899,True
695,2023-06-10 04:00:00+00:00,2023-06-10 06:00:00+00:00,-5.0,5.0,0.745,-0.020672,LONG_SPREAD,3000.0,1719.17,1280.83,0.1377,STRONG,5.0,0.5,60.0,-3.0766,TIMESTOP,2.0,0.0,0.00854,0.003,0.00554,16.62,-3.0766,-5.0,-0.020672,0.005545,True
696,2023-06-10 09:00:00+00:00,2023-06-10 11:00:00+00:00,4.4622,-4.4622,0.759,0.017374,SHORT_SPREAD,3000.0,1705.5,1294.5,0.1377,STRONG,5.0,-0.4462,53.55,5.0,TIMESTOP,2.0,0.0,-0.00473,0.003,-0.00773,-23.19,4.4622,5.0,0.017374,0.00495,False
697,2023-06-10 12:00:00+00:00,2023-06-10 14:00:00+00:00,4.0792,-4.0792,0.7496,0.017785,SHORT_SPREAD,2808.13,1605.05,1203.08,0.1377,STRONG,5.0,-0.4079,48.95,2.7149,TIMESTOP,2.0,0.0,0.005729,0.003,0.002729,7.66,2.7149,4.0792,0.017785,0.00492,True
698,2023-06-10 16:00:00+00:00,2023-06-10 18:00:00+00:00,2.097,-2.097,0.7475,0.009332,SHORT_SPREAD,721.81,413.05,308.76,0.1377,NORMAL,3.597,-0.2097,25.16,0.4909,TIMESTOP,2.0,3.88,0.007239,0.003,0.004239,6.94,0.4909,2.097,0.009332,0.00495,True
699,2023-06-11 21:00:00+00:00,2023-06-11 23:00:00+00:00,2.1767,-2.1767,0.743,0.009964,SHORT_SPREAD,749.21,429.84,319.36,0.1377,NORMAL,3.6767,-0.2177,26.12,0.9897,TIMESTOP,2.0,2.94,0.005425,0.003,0.002425,4.76,0.9897,2.1767,0.009964,0.004903,True
700,2023-06-14 03:00:00+00:00,2023-06-14 05:00:00+00:00,-2.1039,2.1039,0.7438,-0.009759,LONG_SPREAD,1448.34,830.55,617.79,0.1377,NORMAL,3.6039,0.2104,25.25,-1.8455,TIMESTOP,2.0,0.0,0.001097,0.003,-0.001903,-2.76,-1.8455,-2.1039,-0.009759,0.00485,False
701,2023-06-14 12:00:00+00:00,2023-06-14 14:00:00+00:00,2.7327,-2.7327,0.7414,0.012869,SHORT_SPREAD,940.6,540.16,400.45,0.1377,NORMAL,4.2327,-0.2733,32.79,0.6436,TIMESTOP,2.0,7.89,0.009892,0.003,0.006892,14.38,0.6436,2.7327,0.012869,0.004814,True
702,2023-06-14 16:00:00+00:00,2023-06-14 18:00:00+00:00,3.2137,-3.2137,0.7437,0.015377,SHORT_SPREAD,2212.36,1268.79,943.57,0.1377,STRONG,4.7137,-0.3214,38.56,1.2972,TIMESTOP,2.0,0.0,0.009127,0.003,0.006127,13.56,1.2972,3.2137,0.015377,0.004818,True
703,2023-06-15 04:00:00+00:00,2023-06-15 06:00:00+00:00,-2.6889,2.6889,0.7446,-0.013023,LONG_SPREAD,1851.07,1061.0,790.07,0.1377,NORMAL,4.1889,0.2689,32.27,-5.0,STOPLOSS,2.0,0.0,-0.014409,0.003,-0.017409,-32.23,-2.6889,-5.0,-0.013023,0.004832,False
704,2023-06-15 07:00:00+00:00,2023-06-15 09:00:00+00:00,-5.0,5.0,0.7407,-0.031117,LONG_SPREAD,3000.0,1723.43,1276.57,0.1377,STRONG,5.0,0.5,60.0,-4.9284,TIMESTOP,2.0,0.0,0.003163,0.003,0.000163,0.49,-4.9284,-5.0,-0.031117,0.004851,True
705,2023-06-15 10:00:00+00:00,2023-06-15 12:00:00+00:00,-4.8801,4.8801,0.7364,-0.028416,LONG_SPREAD,3000.0,1727.7,1272.3,0.1377,STRONG,5.0,0.488,58.56,-2.2286,TIMESTOP,2.0,0.0,0.015061,0.003,0.012061,36.18,-2.2286,-4.8801,-0.028416,0.004873,True
706,2023-06-15 16:00:00+00:00,2023-06-15 18:00:00+00:00,-2.1631,2.1631,0.7312,-0.013342,LONG_SPREAD,1489.06,860.13,628.93,0.1377,NORMAL,3.6631,0.2163,25.96,-1.6835,TIMESTOP,2.0,0.0,0.00274,0.003,-0.00026,-0.39,-1.6835,-2.1631,-0.013342,0.004901,False
707,2023-06-17 15:00:00+00:00,2023-06-17 17:00:00+00:00,2.198,-2.198,0.7386,0.013242,SHORT_SPREAD,1513.14,870.31,642.83,0.1377,NORMAL,3.698,-0.2198,26.38,1.3367,TIMESTOP,2.0,0.0,0.005246,0.003,0.002246,3.4,1.3367,2.198,0.013242,0.00489,True
708,2023-06-18 08:00:00+00:00,2023-06-18 10:00:00+00:00,2.2886,-2.2886,0.7437,0.014183,SHORT_SPREAD,1575.48,903.55,671.93,0.1377,NORMAL,3.7886,-0.2289,27.46,3.2443,TIMESTOP,2.0,0.0,-0.00637,0.003,-0.00937,-14.76,2.2886,3.2443,0.014183,0.004992,False
709,2023-06-20 18:00:00+00:00,2023-06-20 20:00:00+00:00,3.1744,-3.1744,0.7495,0.020607,SHORT_SPREAD,2185.26,1249.11,936.15,0.1377,STRONG,4.6744,-0.3174,38.09,1.8148,TIMESTOP,2.0,0.0,0.008717,0.003,0.005717,12.49,1.8148,3.1744,0.020607,0.005189,True
710,2023-06-23 07:00:00+00:00,2023-06-23 09:00:00+00:00,-3.3589,3.3589,0.7467,-0.022512,LONG_SPREAD,2312.27,1323.76,988.51,0.1377,STRONG,4.8589,0.3359,40.31,-2.1901,TIMESTOP,2.0,0.0,0.007603,0.003,0.004603,10.64,-2.1901,-3.3589,-0.022512,0.004583,True
711,2023-06-25 20:00:00+00:00,2023-06-25 22:00:00+00:00,2.082,-2.082,0.7379,0.014839,SHORT_SPREAD,1433.25,824.72,608.53,0.1377,NORMAL,3.582,-0.2082,24.98,1.4541,TIMESTOP,2.0,0.0,0.004393,0.003,0.001393,2.0,1.4541,2.082,0.014839,0.004221,True
712,2023-06-29 11:00:00+00:00,2023-06-29 13:00:00+00:00,-2.7331,2.7331,0.7276,-0.019453,LONG_SPREAD,940.73,544.53,396.2,0.1377,NORMAL,4.2331,0.2733,32.8,0.7138,TIMESTOP,2.0,21.88,0.024757,0.003,0.021757,42.35,0.7138,-2.7331,-0.019453,0.004415,True
713,2023-06-29 14:00:00+00:00,2023-06-29 16:00:00+00:00,3.1078,-3.1078,0.7279,0.022309,SHORT_SPREAD,2139.45,1238.21,901.25,0.1377,STRONG,4.6078,-0.3108,37.29,1.1653,TIMESTOP,2.0,0.0,0.014014,0.003,0.011014,23.56,1.1643,3.1078,0.022309,0.004379,True
714,2023-06-30 14:00:00+00:00,2023-06-30 16:00:00+00:00,-2.1412,2.1412,0.7288,-0.015725,LONG_SPREAD,1474.0,852.62,621.39,0.1377,NORMAL,3.6412,0.2141,25.69,-1.8597,TIMESTOP,2.0,0.0,0.001913,0.003,-0.001087,-1.6,-1.8057,-2.1412,-0.015725,0.004258,False
715,2023-07-01 08:00:00+00:00,2023-07-01 10:00:00+00:00,2.6214,-2.6214,0.7307,0.019588,SHORT_SPREAD,1804.62,1042.72,761.9,0.1377,NORMAL,4.1214,-0.2621,31.46,2.6122,TIMESTOP,2.0,0.0,0.000329,0.003,-0.002671,-4.82,2.3752,2.6214,0.019588,0.00418,False
716,2023-07-01 17:00:00+00:00,2023-07-01 19:00:00+00:00,-2.3714,2.3714,0.7318,-0.016966,LONG_SPREAD,816.26,471.32,344.93,0.1377,NORMAL,3.8714,0.2371,28.46,-0.2172,TIMESTOP,2.0,8.11,0.015602,0.003,0.012602,18.4,-0.2172,-2.3714,-0.016966,0.00415,True
717,2023-07-02 16:00:00+00:00,2023-07-02 18:00:00+00:00,2.3283,-2.3283,0.7263,0.016948,SHORT_SPREAD,1602.84,928.5,674.34,0.1377,NORMAL,3.8283,-0.2328,27.94,1.7764,TIMESTOP,2.0,0.0,0.003836,0.003,0.000836,1.34,1.7764,2.3283,0.016948,0.004095,True
718,2023-07-02 20:00:00+00:00,2023-07-02 22:00:00+00:00,2.4622,-2.4622,0.7299,0.018267,SHORT_SPREAD,1695.0,979.82,715.17,0.1377,NORMAL,3.9622,-0.2462,29.55,1.1002,TIMESTOP,2.0,0.0,0.010016,0.003,0.007016,11.89,1.1002,2.4622,0.018267,0.004108,True
719,2023-07-03 00:00:00+00:00,2023-07-03 02:00:00+00:00,2.3603,-2.3603,0.7348,0.017728,SHORT_SPREAD,812.41,468.3,344.11,0.1377,NORMAL,3.8603,-0.236,28.32,0.0021,TIMESTOP,2.0,13.11,0.017635,0.003,0.014635,25.0,0.0021,2.3603,0.017728,0.004091,True
720,2023-07-04 16:00:00+00:00,2023-07-04 18:00:00+00:00,-2.0164,2.0164,0.7311,-0.015357,LONG_SPREAD,1388.07,801.83,586.24,0.1377,NORMAL,3.5164,0.2016,24.2,-1.9193,TIMESTOP,2.0,0.0,0.000587,0.003,-0.002413,-3.35,-1.9193,-2.0164,-0.015357,0.004132,False
721,2023-07-12 02:00:00+00:00,2023-07-12 04:00:00+00:00,2.4962,-2.4962,0.7332,0.015596,SHORT_SPREAD,859.19,495.72,363.47,0.1377,NORMAL,3.9962,-0.2496,29.95,0.0436,TIMESTOP,2.0,8.56,0.015539,0.003,0.012539,19.33,0.0436,2.4962,0.015596,0.004533,True
722,2023-07-12 18:00:00+00:00,2023-07-12 20:00:00+00:00,-2.013,2.013,0.7292,-0.012858,LONG_SPREAD,1385.77,801.4,584.38,0.1377,NORMAL,3.513,0.2013,24.16,-1.5431,TIMESTOP,2.0,0.0,0.002883,0.003,-0.000117,-0.16,-1.5431,-2.013,-0.012858,0.004531,False
723,2023-07-13 20:00:00+00:00,2023-07-13 22:00:00+00:00,-2.5752,2.5752,0.7215,-0.016662,LONG_SPREAD,886.38,514.89,371.49,0.1377,NORMAL,4.0752,0.2575,30.9,-0.0319,TIMESTOP,2.0,13.12,0.016299,0.003,0.013299,24.91,-0.0319,-2.5752,-0.016662,0.004151,True
724,2023-07-13 23:00:00+00:00,2023-07-14 01:00:00+00:00,-2.1184,2.1184,0.7166,-0.013885,LONG_SPREAD,729.15,424.75,304.4,0.1377,NORMAL,3.6184,0.2118,25.42,-0.9553,TIMESTOP,2.0,4.29,0.007383,0.003,0.004383,7.48,-0.9553,-2.2752,-0.013885,0.004032,True
725,2023-07-14 18:00:00+00:00,2023-07-14 20:00:00+00:00,-2.2018,2.2018,0.7139,-0.014038,LONG_SPREAD,757.86,442.18,315.68,0.1377,NORMAL,3.7018,0.2202,26.42,-0.8224,TIMESTOP,2.0,5.41,0.008637,0.003,0.005637,9.68,-0.8224,-2.493,-0.014038,0.003854,True
726,2023-07-17 11:00:00+00:00,2023-07-17 13:00:00+00:00,-2.258,2.258,0.7156,-0.014092,LONG_SPREAD,1554.4,906.04,648.36,0.1377,NORMAL,3.758,0.2258,27.1,-1.1086,TIMESTOP,2.0,0.0,0.00699,0.003,0.00399,6.2,-1.1086,-2.258,-0.014092,0.004097,True
727,2023-07-17 16:00:00+00:00,2023-07-17 18:00:00+00:00,-4.1124,4.1124,0.7092,-0.02618,LONG_SPREAD,2830.97,1656.34,1174.63,0.1377,STRONG,5.0,0.4112,49.35,-3.052,TIMESTOP,2.0,0.0,0.00577,0.003,0.00277,7.84,-3.052,-5.0,-0.02618,0.004082,True
728,2023-07-17 19:00:00+00:00,2023-07-17 21:00:00+00:00,-3.7094,3.7094,0.6961,-0.025114,LONG_SPREAD,2553.58,1505.56,1048.02,0.1377,STRONG,5.0,0.3709,44.51,-2.2417,TIMESTOP,2.0,0.0,0.009442,0.003,0.006442,16.45,-2.2417,-3.7528,-0.025114,0.004021,True
729,2023-07-17 22:00:00+00:00,2023-07-18 00:00:00+00:00,-4.278,4.278,0.6824,-0.029988,LONG_SPREAD,2944.99,1750.48,1194.52,0.1377,STRONG,5.0,0.4278,51.34,-1.2331,TIMESTOP,2.0,0.0,0.021083,0.003,0.018083,53.25,-1.2331,-4.278,-0.029988,0.003914,True
730,2023-07-20 08:00:00+00:00,2023-07-20 10:00:00+00:00,-4.5027,4.5027,0.6554,-0.033278,LONG_SPREAD,3000.0,1812.23,1187.77,0.1377,STRONG,5.0,0.4503,54.03,-4.7445,TIMESTOP,2.0,0.0,-0.004609,0.003,-0.007609,-22.83,-4.5027,-5.0,-0.033278,0.003693,False
731,2023-07-20 11:00:00+00:00,2023-07-20 13:00:00+00:00,-5.0,5.0,0.6059,-0.04256,LONG_SPREAD,2753.62,1714.74,1038.89,0.1377,STRONG,5.0,0.5,60.0,-3.4571,TIMESTOP,2.0,0.0,0.013451,0.003,0.010451,28.78,-3.4571,-5.0,-0.04256,0.003208,True
732,2023-07-20 14:00:00+00:00,2023-07-20 16:00:00+00:00,-3.9527,3.9527,0.587,-0.033582,LONG_SPREAD,2721.07,1714.56,1006.51,0.1377,STRONG,5.0,0.3953,47.43,-2.9682,TIMESTOP,2.0,0.0,0.007661,0.003,0.004661,12.68,-2.5297,-3.9527,-0.033582,0.003069,True
733,2023-07-20 18:00:00+00:00,2023-07-20 20:00:00+00:00,-2.3595,2.3595,0.5764,-0.021121,LONG_SPREAD,1624.27,1030.39,593.88,0.1377,NORMAL,3.8595,0.2359,28.31,-1.8534,TIMESTOP,2.0,0.0,0.004122,0.003,0.001122,1.82,-1.0891,-2.3595,-0.021121,0.003028,True
734,2023-07-21 01:00:00+00:00,2023-07-21 03:00:00+00:00,4.2221,-4.2221,0.5766,0.034849,SHORT_SPREAD,2906.54,1843.6,1062.95,0.1377,STRONG,5.0,-0.4222,50.67,4.0355,TIMESTOP,2.0,0.0,0.000136,0.003,-0.002864,-8.32,4.0355,4.6031,0.034849,0.002978,False
735,2023-07-21 04:00:00+00:00,2023-07-21 06:00:00+00:00,2.8818,-2.8818,0.5854,0.024679,SHORT_SPREAD,991.91,625.67,366.24,0.1377,NORMAL,4.3818,-0.2882,34.58,0.4781,TIMESTOP,2.0,20.09,0.021754,0.003,0.018754,38.69,0.4781,2.8818,0.024679,0.002979,True
736,2023-07-23 03:00:00+00:00,2023-07-23 05:00:00+00:00,2.1219,-2.1219,0.5826,0.017005,SHORT_SPREAD,730.36,461.51,268.85,0.1377,NORMAL,3.6219,-0.2122,25.46,0.4703,TIMESTOP,2.0,9.34,0.014289,0.003,0.011289,17.59,0.4703,2.1219,0.017005,0.003132,True
737,2023-07-24 09:00:00+00:00,2023-07-24 11:00:00+00:00,-2.28,2.28,0.586,-0.020599,LONG_SPREAD,784.77,494.82,289.95,0.1377,NORMAL,3.78,0.228,27.36,-0.9187,TIMESTOP,2.0,7.87,0.011527,0.003,0.008527,14.56,-0.9187,-2.28,-0.020599,0.003234,True
738,2023-08-15 20:00:00+00:00,2023-08-15 22:00:00+00:00,-2.6209,2.6209,0.5523,-0.01034,LONG_SPREAD,1804.26,1162.3,641.96,0.1377,NORMAL,4.1209,0.2621,31.45,-1.147,TIMESTOP,2.0,0.0,0.005601,0.003,0.002601,4.69,-1.0972,-2.6209,-0.01034,0.004131,True
739,2023-08-16 20:00:00+00:00,2023-08-16 22:00:00+00:00,-2.3479,2.3479,0.5502,-0.009283,LONG_SPREAD,808.15,521.32,286.83,0.1377,NORMAL,3.8479,0.2348,28.17,-0.6029,TIMESTOP,2.0,4.13,0.006605,0.003,0.003605,7.04,-0.6029,-2.6479,-0.009283,0.004295,True
740,2023-08-17 04:00:00+00:00,2023-08-17 05:00:00+00:00,2.6608,-2.6608,0.5509,0.009589,SHORT_SPREAD,1831.72,1181.07,650.65,0.1377,NORMAL,4.1608,-0.2661,31.93,4.874,STOPLOSS,1.0,0.0,-0.008675,0.003,-0.011675,-21.39,2.6608,4.874,0.009589,0.004319,False
741,2023-08-17 09:00:00+00:00,2023-08-17 11:00:00+00:00,2.6885,-2.6885,0.555,0.01014,SHORT_SPREAD,925.38,595.11,330.27,0.1377,NORMAL,4.1885,-0.2688,32.26,0.8882,TIMESTOP,2.0,4.99,0.006897,0.003,0.003897,8.6,0.8882,2.6885,0.01014,0.004327,True
742,2023-08-17 21:00:00+00:00,2023-08-17 23:00:00+00:00,-5.0,5.0,0.5647,-0.033155,LONG_SPREAD,3000.0,1917.3,1082.7,0.1377,STRONG,5.0,0.5,60.0,-3.0335,TIMESTOP,2.0,0.0,0.020654,0.003,0.017654,52.96,-2.2826,-5.0,-0.033155,0.004343,True
743,2023-08-18 01:00:00+00:00,2023-08-18 03:00:00+00:00,-4.0753,4.0753,0.5671,-0.017327,LONG_SPREAD,2805.45,1790.18,1015.27,0.1377,STRONG,5.0,0.4075,48.9,-1.3439,TIMESTOP,2.0,0.0,0.011494,0.003,0.008494,23.83,-1.3439,-4.0753,-0.017327,0.004366,True
744,2023-08-18 06:00:00+00:00,2023-08-18 08:00:00+00:00,2.49,-2.49,0.5686,0.010424,SHORT_SPREAD,1714.12,1092.75,621.37,0.1377,NORMAL,3.99,-0.249,29.88,1.398,TIMESTOP,2.0,0.0,0.004628,0.003,0.001628,2.79,1.398,2.49,0.010424,0.0044,True
745,2023-08-18 16:00:00+00:00,2023-08-18 18:00:00+00:00,2.3245,-2.3245,0.5724,0.009909,SHORT_SPREAD,1600.22,1017.67,582.55,0.1377,NORMAL,3.8245,-0.2325,27.89,1.2569,TIMESTOP,2.0,0.0,0.00458,0.003,0.00158,2.53,1.2569,2.3245,0.009909,0.004439,True
746,2023-08-21 15:00:00+00:00,2023-08-21 17:00:00+00:00,-2.6328,2.6328,0.5707,-0.011777,LONG_SPREAD,1812.43,1153.87,658.56,0.1377,NORMAL,4.1328,0.2633,31.59,-1.6892,TIMESTOP,2.0,0.0,0.004046,0.003,0.001046,1.9,-1.6892,-2.6498,-0.011777,0.004591,True
747,2023-08-22 23:00:00+00:00,2023-08-23 01:00:00+00:00,2.5818,-2.5818,0.5661,0.011042,SHORT_SPREAD,1777.33,1134.91,642.42,0.1377,NORMAL,4.0818,-0.2582,30.98,1.2136,TIMESTOP,2.0,0.0,0.006068,0.003,0.003068,5.45,1.2136,2.5818,0.011042,0.00469,True
748,2023-08-25 08:00:00+00:00,2023-08-25 10:00:00+00:00,2.2417,-2.2417,0.5703,0.009927,SHORT_SPREAD,1543.18,982.73,560.45,0.1377,NORMAL,3.7417,-0.2242,26.9,2.9652,TIMESTOP,2.0,0.0,-0.003517,0.003,-0.006517,-10.06,2.2417,2.9652,0.009927,0.00474,False
749,2023-08-28 14:00:00+00:00,2023-08-28 16:00:00+00:00,2.1556,-2.1556,0.5779,0.009934,SHORT_SPREAD,1483.93,940.44,543.49,0.1377,NORMAL,3.6556,-0.2156,25.87,3.6259,TIMESTOP,2.0,0.0,-0.007178,0.003,-0.010178,-15.1,2.1556,3.6259,0.009934,0.004927,False
750,2023-08-28 17:00:00+00:00,2023-08-28 19:00:00+00:00,3.1388,-3.1388,0.5821,0.01501,SHORT_SPREAD,2160.75,1365.71,795.04,0.1377,STRONG,4.6388,-0.3139,37.67,2.4147,TIMESTOP,2.0,0.0,0.003268,0.003,0.000268,0.58,2.3824,3.1388,0.01501,0.004926,True
751,2023-08-29 00:00:00+00:00,2023-08-29 02:00:00+00:00,2.1274,-2.1274,0.5875,0.010547,SHORT_SPREAD,1464.54,922.57,541.97,0.1377,NORMAL,3.6274,-0.2127,25.53,1.3376,TIMESTOP,2.0,0.0,0.003685,0.003,0.000685,1.0,1.3376,3.5271,0.010547,0.004943,True
752,2023-08-31 02:00:00+00:00,2023-08-31 04:00:00+00:00,-2.4389,2.4389,0.5825,-0.011009,LONG_SPREAD,1678.93,1060.91,618.02,0.1377,NORMAL,3.9389,0.2439,29.27,-1.8052,TIMESTOP,2.0,0.0,0.002851,0.003,-0.000149,-0.25,-1.8052,-2.4389,-0.011009,0.00489,False
753,2023-08-31 14:00:00+00:00,2023-08-31 15:00:00+00:00,-2.2292,2.2292,0.5746,-0.010427,LONG_SPREAD,1534.61,974.63,559.99,0.1377,NORMAL,3.7292,0.2229,26.75,-4.0348,STOPLOSS,1.0,0.0,-0.008923,0.003,-0.011923,-18.3,-2.2292,-4.0348,-0.010427,0.004875,False
754,2023-08-31 16:00:00+00:00,2023-08-31 18:00:00+00:00,-5.0,5.0,0.5744,-0.025061,LONG_SPREAD,3000.0,1905.49,1094.51,0.1377,STRONG,5.0,0.5,60.0,-2.5572,TIMESTOP,2.0,0.0,0.012324,0.003,0.009324,27.97,-2.5572,-5.0,-0.025061,0.004891,True
755,2023-08-31 19:00:00+00:00,2023-08-31 20:00:00+00:00,-2.0553,2.0553,0.5736,-0.010344,LONG_SPREAD,1414.88,899.15,515.72,0.1377,NORMAL,3.5553,0.2055,24.66,-3.7556,STOPLOSS,1.0,0.0,-0.008896,0.003,-0.011896,-16.83,-2.0553,-3.7556,-0.010344,0.004919,False
756,2023-08-31 21:00:00+00:00,2023-08-31 23:00:00+00:00,-2.6976,2.6976,0.5726,-0.013967,LONG_SPREAD,1857.07,1180.88,676.18,0.1377,NORMAL,4.1976,0.2698,32.37,-2.3319,TIMESTOP,2.0,0.0,0.001677,0.003,-0.001323,-2.46,-2.3319,-2.8437,-0.013967,0.004937,False
757,2023-09-01 00:00:00+00:00,2023-09-01 02:00:00+00:00,-2.1469,2.1469,0.5693,-0.011397,LONG_SPREAD,1477.95,941.79,536.16,0.1377,NORMAL,3.6469,0.2147,25.76,-1.6475,TIMESTOP,2.0,0.0,0.002473,0.003,-0.000527,-0.78,-1.6475,-3.1243,-0.011397,0.004938,False
758,2023-09-01 04:00:00+00:00,2023-09-01 06:00:00+00:00,-2.5401,2.5401,0.5634,-0.013868,LONG_SPREAD,1748.63,1118.47,630.16,0.1377,NORMAL,4.0401,0.254,30.48,-1.9872,TIMESTOP,2.0,0.0,0.002881,0.003,-0.000119,-0.21,-1.3311,-2.5401,-0.013868,0.004909,False
759,2023-09-01 08:00:00+00:00,2023-09-01 10:00:00+00:00,-2.052,2.052,0.5595,-0.01144,LONG_SPREAD,706.31,452.91,253.4,0.1377,NORMAL,3.552,0.2052,24.62,-0.7466,TIMESTOP,2.0,3.95,0.007087,0.003,0.004087,6.83,-0.7466,-2.052,-0.01144,0.004893,True
760,2023-09-11 09:00:00+00:00,2023-09-11 11:00:00+00:00,-2.0101,2.0101,0.5389,-0.010675,LONG_SPREAD,1383.74,899.18,484.56,0.1377,NORMAL,3.5101,0.201,24.12,-2.4753,TIMESTOP,2.0,0.0,-0.002489,0.003,-0.005489,-7.6,-2.0101,-2.4753,-0.010675,0.005247,False
761,2023-09-11 19:00:00+00:00,2023-09-11 21:00:00+00:00,-2.1616,2.1616,0.537,-0.011581,LONG_SPREAD,744.04,484.07,259.97,0.1377,NORMAL,3.6616,0.2162,25.94,-0.9458,TIMESTOP,2.0,3.85,0.006051,0.003,0.003051,6.12,-0.8245,-2.1616,-0.011581,0.00533,True
762,2023-09-16 02:00:00+00:00,2023-09-16 04:00:00+00:00,2.3143,-2.3143,0.5361,0.009917,SHORT_SPREAD,1593.19,1037.17,556.02,0.1377,NORMAL,3.8143,-0.2314,27.77,2.968,TIMESTOP,2.0,0.0,-0.003348,0.003,-0.006348,-10.11,2.3143,2.968,0.009917,0.005113,False
763,2023-09-18 03:00:00+00:00,2023-09-18 05:00:00+00:00,-5.0,5.0,0.524,-0.027775,LONG_SPREAD,3000.0,1968.53,1031.47,0.1377,STRONG,5.0,0.5,60.0,-2.8326,TIMESTOP,2.0,0.0,0.012126,0.003,0.009126,27.38,-2.8326,-5.0,-0.027775,0.005114,True
764,2023-09-18 06:00:00+00:00,2023-09-18 08:00:00+00:00,-2.005,2.005,0.5113,-0.011575,LONG_SPREAD,690.12,456.63,233.49,0.1377,NORMAL,3.505,0.2005,24.06,-0.4666,TIMESTOP,2.0,2.71,0.007869,0.003,0.004869,6.07,-0.4666,-2.005,-0.011575,0.00489,True
765,2023-09-18 18:00:00+00:00,2023-09-18 20:00:00+00:00,-2.0697,2.0697,0.5062,-0.011727,LONG_SPREAD,712.41,473.0,239.41,0.1377,NORMAL,3.5697,0.207,24.84,-0.5643,TIMESTOP,2.0,5.63,0.007402,0.003,0.004402,8.77,-0.1592,-2.0697,-0.011727,0.004655,True
766,2023-09-19 04:00:00+00:00,2023-09-19 06:00:00+00:00,-2.6456,2.6456,0.4989,-0.014367,LONG_SPREAD,910.63,607.54,303.1,0.1377,NORMAL,4.1456,0.2646,31.75,-0.1426,TIMESTOP,2.0,9.45,0.011882,0.003,0.008882,17.54,-0.1426,-2.6456,-0.014367,0.004622,True
767,2023-09-21 10:00:00+00:00,2023-09-21 12:00:00+00:00,-2.382,2.382,0.4929,-0.013178,LONG_SPREAD,819.9,549.21,270.69,0.1377,NORMAL,3.882,0.2382,28.58,-0.8444,TIMESTOP,2.0,6.51,0.007454,0.003,0.004454,10.16,-0.4368,-2.382,-0.013178,0.004632,True
768,2023-09-22 18:00:00+00:00,2023-09-22 20:00:00+00:00,-2.2886,2.2886,0.4837,-0.010868,LONG_SPREAD,1575.47,1061.87,513.6,0.1377,NORMAL,3.7886,0.2289,27.46,-1.3911,TIMESTOP,2.0,0.0,0.003706,0.003,0.000706,1.11,-1.3911,-2.2886,-0.010868,0.004669,True
769,2023-09-23 00:00:00+00:00,2023-09-23 02:00:00+00:00,-2.1381,2.1381,0.4774,-0.010407,LONG_SPREAD,1471.88,996.27,475.61,0.1377,NORMAL,3.6381,0.2138,25.66,-1.5854,TIMESTOP,2.0,0.0,0.002279,0.003,-0.000721,-1.06,-1.5854,-2.1381,-0.010407,0.004577,False
770,2023-09-24 11:00:00+00:00,2023-09-24 13:00:00+00:00,2.4871,-2.4871,0.4684,0.009055,SHORT_SPREAD,1712.14,1166.03,546.12,0.1377,NORMAL,3.9871,-0.2487,29.85,1.5561,TIMESTOP,2.0,0.0,0.003905,0.003,0.000905,1.55,1.5561,2.4871,0.009055,0.004495,True
771,2023-09-25 01:00:00+00:00,2023-09-25 03:00:00+00:00,-2.4317,2.4317,0.4676,-0.011996,LONG_SPREAD,1673.97,1140.6,533.36,0.1377,NORMAL,3.9317,0.2432,29.18,-1.4241,TIMESTOP,2.0,0.0,0.004308,0.003,0.001308,2.19,-1.4241,-2.4317,-0.011996,0.004537,True
772,2023-09-27 21:00:00+00:00,2023-09-27 23:00:00+00:00,-2.0884,2.0884,0.4464,-0.010642,LONG_SPREAD,718.84,496.99,221.85,0.1377,NORMAL,3.5884,0.2088,25.06,-0.4406,TIMESTOP,2.0,4.48,0.007152,0.003,0.004152,7.46,-0.3101,-2.0884,-0.010642,0.004283,True
773,2023-09-29 07:00:00+00:00,2023-09-29 09:00:00+00:00,2.0243,-2.0243,0.4497,0.007366,SHORT_SPREAD,1393.54,961.28,432.26,0.1377,NORMAL,3.5243,-0.2024,24.29,1.3238,TIMESTOP,2.0,0.0,0.003069,0.003,6.9e-05,0.1,1.0045,2.0243,0.007366,0.00424,True
774,2023-09-29 18:00:00+00:00,2023-09-29 20:00:00+00:00,-2.4311,2.4311,0.447,-0.01226,LONG_SPREAD,1673.56,1156.59,516.98,0.1377,NORMAL,3.9311,0.2431,29.17,-1.0202,TIMESTOP,2.0,0.0,0.006186,0.003,0.003186,5.33,-1.0202,-2.8062,-0.01226,0.004227,True
775,2023-10-01 05:00:00+00:00,2023-10-01 07:00:00+00:00,2.856,-2.856,0.4392,0.011146,SHORT_SPREAD,1966.07,1366.1,599.97,0.1377,NORMAL,4.356,-0.2856,34.27,1.99,TIMESTOP,2.0,0.0,0.003763,0.003,0.000763,1.5,1.99,2.856,0.011146,0.004121,True
776,2023-10-01 09:00:00+00:00,2023-10-01 11:00:00+00:00,2.3483,-2.3483,0.4413,0.009132,SHORT_SPREAD,1616.62,1121.64,494.97,0.1377,NORMAL,3.8483,-0.2348,28.18,2.9338,TIMESTOP,2.0,0.0,-0.002858,0.003,-0.005858,-9.47,1.9815,2.9338,0.009132,0.004139,False
777,2023-10-01 12:00:00+00:00,2023-10-01 14:00:00+00:00,2.2174,-2.2174,0.4437,0.00878,SHORT_SPREAD,1526.46,1057.29,469.17,0.1377,NORMAL,3.7174,-0.2217,26.61,2.2534,TIMESTOP,2.0,0.0,-0.000316,0.003,-0.003316,-5.06,2.2174,2.8478,0.00878,0.004138,False
778,2023-10-01 15:00:00+00:00,2023-10-01 17:00:00+00:00,2.0079,-2.0079,0.4451,0.00801,SHORT_SPREAD,1382.27,956.53,425.73,0.1377,NORMAL,3.5079,-0.2008,24.1,2.1401,TIMESTOP,2.0,0.0,-0.000735,0.003,-0.003735,-5.16,1.8795,2.1401,0.00801,0.00416,False
779,2023-10-01 18:00:00+00:00,2023-10-01 20:00:00+00:00,2.5705,-2.5705,0.4454,0.010864,SHORT_SPREAD,1769.55,1224.27,545.28,0.1377,NORMAL,4.0705,-0.2571,30.85,3.04,TIMESTOP,2.0,0.0,-0.002501,0.003,-0.005501,-9.73,2.5705,3.04,0.010864,0.004188,False
780,2023-10-01 22:00:00+00:00,2023-10-02 00:00:00+00:00,2.3881,-2.3881,0.4479,0.010348,SHORT_SPREAD,1644.01,1135.43,508.58,0.1377,NORMAL,3.8881,-0.2388,28.66,1.8985,TIMESTOP,2.0,0.0,0.002292,0.003,-0.000708,-1.16,1.6032,2.3881,0.010348,0.004193,False
781,2023-10-02 01:00:00+00:00,2023-10-02 03:00:00+00:00,2.398,-2.398,0.45,0.010574,SHORT_SPREAD,1650.79,1138.45,512.34,0.1377,NORMAL,3.898,-0.2398,28.78,2.0494,TIMESTOP,2.0,0.0,0.00151,0.003,-0.00149,-2.46,2.0494,3.155,0.010574,0.00419,False
782,2023-10-04 01:00:00+00:00,2023-10-04 03:00:00+00:00,-2.174,2.174,0.4465,-0.011679,LONG_SPREAD,1496.6,1034.61,461.99,0.1377,NORMAL,3.674,0.2174,26.09,-1.2297,TIMESTOP,2.0,0.0,0.00462,0.003,0.00162,2.43,-1.2297,-2.174,-0.011679,0.004388,True
783,2023-10-04 04:00:00+00:00,2023-10-04 06:00:00+00:00,-2.2904,2.2904,0.4434,-0.012394,LONG_SPREAD,788.35,546.18,242.16,0.1377,NORMAL,3.7904,0.229,27.48,-0.8518,TIMESTOP,2.0,4.47,0.007164,0.003,0.004164,7.75,-0.8518,-2.2904,-0.012394,0.004374,True
784,2023-10-09 08:00:00+00:00,2023-10-09 09:00:00+00:00,-2.7441,2.7441,0.43,-0.013883,LONG_SPREAD,1889.02,1321.0,568.02,0.1377,NORMAL,4.2441,0.2744,32.93,-4.913,STOPLOSS,1.0,0.0,-0.010675,0.003,-0.013675,-25.83,-2.7441,-4.913,-0.013883,0.00445,False
785,2023-10-09 10:00:00+00:00,2023-10-09 12:00:00+00:00,-3.3021,3.3021,0.4303,-0.017098,LONG_SPREAD,2273.17,1589.33,683.84,0.1377,STRONG,4.8021,0.3302,39.62,-1.8716,TIMESTOP,2.0,0.0,0.006775,0.003,0.003775,8.58,-1.8716,-3.3021,-0.017098,0.00447,True
786,2023-10-09 23:00:00+00:00,2023-10-10 01:00:00+00:00,2.1184,-2.1184,0.43,0.009231,SHORT_SPREAD,729.15,509.89,219.27,0.1377,NORMAL,3.6184,-0.2118,25.42,-1.2338,TIMESTOP,2.0,6.57,0.016565,0.003,0.013565,16.46,-1.2338,2.1184,0.009231,0.004567,True
787,2023-10-20 03:00:00+00:00,2023-10-20 05:00:00+00:00,2.336,-2.336,0.4131,0.010046,SHORT_SPREAD,1608.14,1138.06,470.08,0.1377,NORMAL,3.836,-0.2336,28.03,1.7213,TIMESTOP,2.0,0.0,0.002806,0.003,-0.000194,-0.31,1.6955,2.336,0.010046,0.004877,False
788,2023-10-20 09:00:00+00:00,2023-10-20 11:00:00+00:00,2.2116,-2.2116,0.4193,0.009616,SHORT_SPREAD,761.22,536.34,224.88,0.1377,NORMAL,3.7116,-0.2212,26.54,0.5944,TIMESTOP,2.0,4.32,0.007622,0.003,0.004622,7.84,0.5944,2.2116,0.009616,0.00478,True
789,2023-10-20 15:00:00+00:00,2023-10-20 17:00:00+00:00,-2.0994,2.0994,0.4183,-0.0107,LONG_SPREAD,1445.27,1019.04,426.23,0.1377,NORMAL,3.5994,0.2099,25.19,-1.3611,TIMESTOP,2.0,0.0,0.003407,0.003,0.000407,0.59,-1.3611,-2.807,-0.0107,0.004731,True
790,2023-10-21 13:00:00+00:00,2023-10-21 15:00:00+00:00,-2.1055,2.1055,0.4098,-0.010584,LONG_SPREAD,1449.42,1028.12,421.3,0.1377,NORMAL,3.6055,0.2105,25.27,-4.3689,STOPLOSS,2.0,0.0,-0.01117,0.003,-0.01417,-20.54,-2.1055,-4.3689,-0.010584,0.004432,False
791,2023-10-22 02:00:00+00:00,2023-10-22 04:00:00+00:00,-3.2778,3.2778,0.3925,-0.016928,LONG_SPREAD,2256.43,1620.38,636.05,0.1377,STRONG,4.7778,0.3278,39.33,-3.949,TIMESTOP,2.0,0.0,-0.004071,0.003,-0.007071,-15.95,-3.2778,-4.4513,-0.016928,0.003695,False
792,2023-10-22 05:00:00+00:00,2023-10-22 07:00:00+00:00,-2.4034,2.4034,0.3804,-0.013201,LONG_SPREAD,827.25,599.29,227.96,0.1377,NORMAL,3.9034,0.2403,28.84,-1.8853,TIMESTOP,2.0,5.24,0.002592,0.003,-0.000408,4.9,-0.8651,-2.4034,-0.013201,0.003544,False
793,2023-10-22 16:00:00+00:00,2023-10-22 18:00:00+00:00,-2.0654,2.0654,0.3728,-0.011624,LONG_SPREAD,710.92,517.88,193.04,0.1377,NORMAL,3.5654,0.2065,24.79,0.7232,TIMESTOP,2.0,4.41,0.013897,0.003,0.010897,12.16,0.7232,-2.0654,-0.011624,0.003529,True
794,2023-10-23 01:00:00+00:00,2023-10-23 03:00:00+00:00,-3.1463,3.1463,0.3656,-0.016659,LONG_SPREAD,1082.98,793.03,289.95,0.1377,STRONG,4.6463,0.3146,37.76,0.1192,TIMESTOP,2.0,12.11,0.015727,0.003,0.012727,25.89,0.1192,-3.1463,-0.016659,0.003137,True
795,2023-10-23 10:00:00+00:00,2023-10-23 12:00:00+00:00,3.1942,-3.1942,0.3647,0.013676,SHORT_SPREAD,2198.88,1611.26,587.62,0.1377,STRONG,4.6942,-0.3194,38.33,3.8931,TIMESTOP,2.0,0.0,-0.003895,0.003,-0.006895,-15.16,3.1942,3.8931,0.013676,0.003007,False
796,2023-10-23 13:00:00+00:00,2023-10-23 15:00:00+00:00,2.191,-2.191,0.3659,0.009296,SHORT_SPREAD,1508.29,1104.21,404.07,0.1377,NORMAL,3.691,-0.2191,26.29,5.0,STOPLOSS,2.0,0.0,-0.018868,0.003,-0.021868,-32.98,1.5423,5.0,0.009296,0.00303,False
797,2023-10-23 16:00:00+00:00,2023-10-23 17:00:00+00:00,3.083,-3.083,0.3694,0.014516,SHORT_SPREAD,2122.33,1549.78,572.56,0.1377,STRONG,4.583,-0.3083,37.0,4.8394,STOPLOSS,1.0,0.0,-0.009663,0.003,-0.012663,-26.87,3.083,4.8394,0.014516,0.003027,False
798,2023-10-23 18:00:00+00:00,2023-10-23 19:00:00+00:00,2.367,-2.367,0.3725,0.011248,SHORT_SPREAD,1629.49,1187.25,442.24,0.1377,NORMAL,3.867,-0.2367,28.4,4.7867,STOPLOSS,1.0,0.0,-0.013405,0.003,-0.016405,-26.73,2.367,4.7867,0.011248,0.003024,False
799,2023-10-23 20:00:00+00:00,2023-10-23 22:00:00+00:00,4.1057,-4.1057,0.3763,0.021458,SHORT_SPREAD,2826.38,2053.65,772.73,0.1377,STRONG,5.0,-0.4106,49.27,3.3364,TIMESTOP,2.0,0.0,0.003771,0.003,0.000771,2.18,3.2824,4.1057,0.021458,0.003027,True
800,2023-10-23 23:00:00+00:00,2023-10-24 01:00:00+00:00,5.0,-5.0,0.3858,0.033706,SHORT_SPREAD,3000.0,2164.79,835.21,0.1377,STRONG,5.0,-0.5,60.0,3.4586,TIMESTOP,2.0,0.0,0.01384,0.003,0.01084,32.52,3.4586,5.0,0.033706,0.002959,True
801,2023-10-24 02:00:00+00:00,2023-10-24 04:00:00+00:00,4.4405,-4.4405,0.3923,0.026468,SHORT_SPREAD,3000.0,2154.67,845.33,0.1377,STRONG,5.0,-0.444,53.29,2.8997,TIMESTOP,2.0,0.0,0.009315,0.003,0.006315,18.94,1.5777,4.4405,0.026468,0.002957,True
802,2023-10-24 15:00:00+00:00,2023-10-24 17:00:00+00:00,-2.5446,2.5446,0.3931,-0.016868,LONG_SPREAD,875.84,628.72,247.13,0.1377,NORMAL,4.0446,0.2545,30.53,-1.1975,TIMESTOP,2.0,8.12,0.008477,0.003,0.005477,12.92,-0.8382,-2.5446,-0.016868,0.002988,True
803,2023-10-25 00:00:00+00:00,2023-10-25 02:00:00+00:00,-3.4891,3.4891,0.3828,-0.023252,LONG_SPREAD,2401.91,1737.0,664.92,0.1377,STRONG,4.9891,0.3489,41.87,-3.1261,TIMESTOP,2.0,0.0,0.001743,0.003,-0.001257,-3.02,-3.1261,-4.4579,-0.023252,0.002923,False
804,2023-10-25 03:00:00+00:00,2023-10-25 05:00:00+00:00,-3.1146,3.1146,0.3649,-0.021646,LONG_SPREAD,2144.09,1570.89,573.2,0.1377,STRONG,4.6146,0.3115,37.37,-1.8918,TIMESTOP,2.0,0.0,0.008049,0.003,0.005049,10.83,-1.8918,-3.1146,-0.021646,0.002719,True
805,2023-10-25 14:00:00+00:00,2023-10-25 16:00:00+00:00,2.7326,-2.7326,0.3618,0.01734,SHORT_SPREAD,940.58,690.7,249.88,0.1377,NORMAL,4.2326,-0.2733,32.79,0.8912,TIMESTOP,2.0,10.19,0.012333,0.003,0.009333,18.97,0.8912,2.7326,0.01734,0.002664,True
806,2023-10-26 03:00:00+00:00,2023-10-26 05:00:00+00:00,2.0747,-2.0747,0.3686,0.013355,SHORT_SPREAD,714.11,521.78,192.32,0.1377,NORMAL,3.5747,-0.2075,24.9,-1.3254,TIMESTOP,2.0,6.32,0.023469,0.003,0.020469,20.93,-1.3254,2.0747,0.013355,0.002686,True
807,2023-10-26 08:00:00+00:00,2023-10-26 10:00:00+00:00,3.6182,-3.6182,0.3709,0.024402,SHORT_SPREAD,1245.39,908.45,336.94,0.1377,STRONG,5.0,-0.3618,43.42,0.7999,TIMESTOP,2.0,22.67,0.019707,0.003,0.016707,43.48,0.7999,3.6182,0.024402,0.002686,True
808,2023-10-27 01:00:00+00:00,2023-10-27 03:00:00+00:00,-2.6924,2.6924,0.3643,-0.020065,LONG_SPREAD,1853.46,1358.56,494.89,0.1377,NORMAL,4.1924,0.2692,32.31,-1.613,TIMESTOP,2.0,0.0,0.007578,0.003,0.004578,8.48,-1.4797,-2.6924,-0.020065,0.002727,True
809,2023-10-27 17:00:00+00:00,2023-10-27 19:00:00+00:00,-2.0614,2.0614,0.3541,-0.016029,LONG_SPREAD,709.55,524.01,185.54,0.1377,NORMAL,3.5614,0.2061,24.74,-0.6042,TIMESTOP,2.0,4.74,0.010511,0.003,0.007511,10.07,-0.6042,-2.0614,-0.016029,0.002694,True
810,2023-10-29 14:00:00+00:00,2023-10-29 16:00:00+00:00,2.0336,-2.0336,0.3592,0.013784,SHORT_SPREAD,699.98,515.01,184.97,0.1377,NORMAL,3.5336,-0.2034,24.4,0.7064,TIMESTOP,2.0,5.67,0.009607,0.003,0.006607,10.3,0.7064,2.0336,0.013784,0.002729,True
811,2023-10-30 21:00:00+00:00,2023-10-30 23:00:00+00:00,3.6974,-3.6974,0.3705,0.026481,SHORT_SPREAD,2545.28,1857.17,688.11,0.1377,STRONG,5.0,-0.3697,44.37,3.9855,TIMESTOP,2.0,0.0,-0.002916,0.003,-0.005916,-15.06,3.3213,3.9855,0.026481,0.002724,False
812,2023-10-31 00:00:00+00:00,2023-10-31 02:00:00+00:00,3.9768,-3.9768,0.378,0.029877,SHORT_SPREAD,1368.83,993.36,375.47,0.1377,STRONG,5.0,-0.3977,47.72,0.5649,TIMESTOP,2.0,33.77,0.02617,0.003,0.02317,65.49,0.5649,3.9768,0.029877,0.002722,True
813,2023-11-01 18:00:00+00:00,2023-11-01 20:00:00+00:00,4.549,-4.549,0.3818,0.035405,SHORT_SPREAD,3000.0,2171.04,828.96,0.1377,STRONG,5.0,-0.4549,54.59,5.0,TIMESTOP,2.0,0.0,-0.010432,0.003,-0.013432,-40.3,4.549,5.0,0.035405,0.002792,False
814,2023-11-01 21:00:00+00:00,2023-11-01 23:00:00+00:00,3.5257,-3.5257,0.4013,0.029792,SHORT_SPREAD,2427.14,1732.1,695.04,0.1377,STRONG,5.0,-0.3526,42.31,1.3562,TIMESTOP,2.0,0.0,0.018203,0.003,0.015203,36.9,1.3562,3.5257,0.029792,0.002718,True
815,2023-11-02 01:00:00+00:00,2023-11-02 03:00:00+00:00,2.1225,-2.1225,0.4078,0.018397,SHORT_SPREAD,730.56,518.93,211.63,0.1377,NORMAL,3.6225,-0.2122,25.47,0.1672,TIMESTOP,2.0,11.05,0.016625,0.003,0.013625,21.0,0.1672,2.1225,0.018397,0.002684,True
816,2023-11-04 13:00:00+00:00,2023-11-04 15:00:00+00:00,2.0367,-2.0367,0.4102,0.018129,SHORT_SPREAD,701.02,497.12,203.9,0.1377,NORMAL,3.5367,-0.2037,24.44,-0.4033,TIMESTOP,2.0,6.87,0.021503,0.003,0.018503,19.84,-0.4033,2.0367,0.018129,0.002747,True
817,2023-11-05 12:00:00+00:00,2023-11-05 14:00:00+00:00,2.0137,-2.0137,0.406,0.018102,SHORT_SPREAD,693.12,492.98,200.14,0.1377,NORMAL,3.5137,-0.2014,24.16,0.2923,TIMESTOP,2.0,14.35,0.01526,0.003,0.01226,22.84,-0.4823,2.0137,0.018102,0.002581,True
818,2023-11-06 05:00:00+00:00,2023-11-06 07:00:00+00:00,-2.3175,2.3175,0.3999,-0.020438,LONG_SPREAD,797.7,569.83,227.87,0.1377,NORMAL,3.8175,0.2318,27.81,0.1804,TIMESTOP,2.0,16.82,0.022583,0.003,0.019583,32.44,0.1804,-2.3175,-0.020438,0.00257,True
819,2023-11-07 15:00:00+00:00,2023-11-07 17:00:00+00:00,-2.0276,2.0276,0.4034,-0.018,LONG_SPREAD,697.92,497.29,200.62,0.1377,NORMAL,3.5276,0.2028,24.33,-0.6858,TIMESTOP,2.0,7.48,0.012216,0.003,0.009216,13.91,-0.6858,-2.1812,-0.018,0.002516,True
820,2023-11-09 13:00:00+00:00,2023-11-09 15:00:00+00:00,-2.0645,2.0645,0.3922,-0.018873,LONG_SPREAD,710.61,510.42,200.19,0.1377,NORMAL,3.5645,0.2065,24.77,0.3367,TIMESTOP,2.0,15.95,0.022855,0.003,0.019855,30.06,0.4512,-2.0645,-0.018873,0.002239,True
821,2023-11-09 18:00:00+00:00,2023-11-09 20:00:00+00:00,-2.7402,2.7402,0.391,-0.026212,LONG_SPREAD,1886.38,1356.13,530.25,0.1377,NORMAL,4.2402,0.274,32.88,-1.1972,TIMESTOP,2.0,0.0,0.015,0.003,0.012,22.64,-1.1554,-2.7402,-0.026212,0.002246,True
822,2023-11-09 23:00:00+00:00,2023-11-10 01:00:00+00:00,2.9539,-2.9539,0.3932,0.029369,SHORT_SPREAD,2033.5,1459.59,573.91,0.1377,NORMAL,4.4539,-0.2954,35.45,3.2499,TIMESTOP,2.0,0.0,-0.003495,0.003,-0.006495,-13.21,2.4314,3.2499,0.029369,0.002268,False
823,2023-11-10 02:00:00+00:00,2023-11-10 04:00:00+00:00,2.7581,-2.7581,0.3999,0.02821,SHORT_SPREAD,1898.69,1356.31,542.38,0.1377,NORMAL,4.2581,-0.2758,33.1,1.0289,TIMESTOP,2.0,0.0,0.017494,0.003,0.014494,27.52,1.0289,2.7581,0.02821,0.002273,True
824,2023-11-10 14:00:00+00:00,2023-11-10 16:00:00+00:00,-2.4211,2.4211,0.3961,-0.024289,LONG_SPREAD,833.37,596.92,236.45,0.1377,NORMAL,3.9211,0.2421,29.05,-0.1765,TIMESTOP,2.0,18.03,0.023132,0.003,0.020132,34.8,-0.1765,-2.4211,-0.024289,0.002258,True
825,2023-11-12 09:00:00+00:00,2023-11-12 11:00:00+00:00,2.0503,-2.0503,0.4241,0.022612,SHORT_SPREAD,1411.41,991.07,420.34,0.1377,NORMAL,3.5503,-0.205,24.6,1.2776,TIMESTOP,2.0,0.0,0.0078,0.003,0.0048,6.77,1.2776,2.9264,0.022612,0.002136,True
826,2023-11-13 02:00:00+00:00,2023-11-13 04:00:00+00:00,2.2435,-2.2435,0.4281,0.025212,SHORT_SPREAD,772.22,540.72,231.5,0.1377,NORMAL,3.7435,-0.2244,26.92,-0.8469,TIMESTOP,2.0,23.21,0.03302,0.003,0.03002,46.39,-0.8469,2.2435,0.025212,0.002149,True
827,2023-11-14 18:00:00+00:00,2023-11-14 20:00:00+00:00,-3.1423,3.1423,0.4253,-0.031279,LONG_SPREAD,2163.16,1517.65,645.5,0.1377,STRONG,4.6423,0.3142,37.71,-1.2147,TIMESTOP,2.0,0.0,0.019719,0.003,0.016719,36.17,-1.2147,-3.1423,-0.031279,0.002325,True
828,2023-11-15 19:00:00+00:00,2023-11-15 21:00:00+00:00,2.4193,-2.4193,0.4329,0.025251,SHORT_SPREAD,832.74,581.15,251.59,0.1377,NORMAL,3.9193,-0.2419,29.03,0.4689,TIMESTOP,2.0,15.11,0.019646,0.003,0.016646,28.97,0.4689,2.4193,0.025251,0.002251,True
829,2023-11-16 08:00:00+00:00,2023-11-16 10:00:00+00:00,2.1203,-2.1203,0.442,0.022443,SHORT_SPREAD,729.8,506.09,223.71,0.1377,NORMAL,3.6203,-0.212,25.44,0.1013,TIMESTOP,2.0,13.83,0.020448,0.003,0.017448,26.56,0.1013,2.1203,0.022443,0.002271,True
830,2023-11-17 14:00:00+00:00,2023-11-17 16:00:00+00:00,-2.1529,2.1529,0.4397,-0.020137,LONG_SPREAD,1482.06,1029.46,452.6,0.1377,NORMAL,3.6529,0.2153,25.83,-1.6447,TIMESTOP,2.0,0.0,0.004842,0.003,0.001842,2.73,-1.6447,-2.8164,-0.020137,0.002424,True
831,2023-11-19 17:00:00+00:00,2023-11-19 19:00:00+00:00,2.4123,-2.4123,0.4351,0.025752,SHORT_SPREAD,830.32,578.57,251.75,0.1377,NORMAL,3.9123,-0.2412,28.95,0.8836,TIMESTOP,2.0,13.6,0.015784,0.003,0.012784,24.22,0.6824,2.4123,0.025752,0.002365,True
832,2023-11-21 18:00:00+00:00,2023-11-21 20:00:00+00:00,-2.1456,2.1456,0.4284,-0.021061,LONG_SPREAD,1477.02,1034.01,443.02,0.1377,NORMAL,3.6456,0.2146,25.75,-1.2629,TIMESTOP,2.0,0.0,0.008801,0.003,0.005801,8.57,-1.1966,-2.1456,-0.021061,0.002391,True
833,2023-11-30 14:00:00+00:00,2023-11-30 15:00:00+00:00,2.0701,-2.0701,0.4354,0.018633,SHORT_SPREAD,1425.09,992.85,432.24,0.1377,NORMAL,3.5701,-0.207,24.84,5.0,STOPLOSS,1.0,0.0,-0.042,0.003,-0.045,-64.13,2.0701,5.0,0.018633,0.002497,False
834,2023-11-30 16:00:00+00:00,2023-11-30 18:00:00+00:00,2.9118,-2.9118,0.441,0.027185,SHORT_SPREAD,2004.49,1391.04,613.45,0.1377,NORMAL,4.4118,-0.2912,34.94,2.1647,TIMESTOP,2.0,0.0,0.006623,0.003,0.003623,7.26,2.1647,3.1477,0.027185,0.002506,True
835,2023-12-05 19:00:00+00:00,2023-12-05 21:00:00+00:00,2.2909,-2.2909,0.4521,0.017823,SHORT_SPREAD,1577.09,1086.1,490.98,0.1377,NORMAL,3.7909,-0.2291,27.49,2.0949,TIMESTOP,2.0,0.0,0.001292,0.003,-0.001708,-2.69,2.0949,2.2909,0.017823,0.002472,False
836,2023-12-05 23:00:00+00:00,2023-12-06 01:00:00+00:00,2.7802,-2.7802,0.4576,0.022094,SHORT_SPREAD,1913.9,1313.02,600.89,0.1377,NORMAL,4.2802,-0.278,33.36,1.685,TIMESTOP,2.0,0.0,0.008413,0.003,0.005413,10.36,1.685,2.7802,0.022094,0.002477,True
837,2023-12-06 12:00:00+00:00,2023-12-06 14:00:00+00:00,3.1486,-3.1486,0.4675,0.02561,SHORT_SPREAD,2167.5,1476.96,690.54,0.1377,STRONG,4.6486,-0.3149,37.78,3.832,TIMESTOP,2.0,0.0,-0.00599,0.003,-0.00899,-19.49,1.7854,3.832,0.02561,0.002471,False
838,2023-12-06 15:00:00+00:00,2023-12-06 17:00:00+00:00,2.4057,-2.4057,0.4718,0.02022,SHORT_SPREAD,828.06,562.6,265.46,0.1377,NORMAL,3.9057,-0.2406,28.87,0.5973,TIMESTOP,2.0,10.94,0.014714,0.003,0.011714,20.64,0.5973,2.546,0.02022,0.002483,True
839,2023-12-07 17:00:00+00:00,2023-12-07 19:00:00+00:00,2.8199,-2.8199,0.4802,0.022969,SHORT_SPREAD,1941.25,1311.48,629.77,0.1377,NORMAL,4.3199,-0.282,33.84,1.0337,TIMESTOP,2.0,0.0,0.014194,0.003,0.011194,21.73,1.0337,2.8199,0.022969,0.002527,True
840,2023-12-08 12:00:00+00:00,2023-12-08 14:00:00+00:00,4.0187,-4.0187,0.4831,0.033006,SHORT_SPREAD,2766.48,1865.31,901.17,0.1377,STRONG,5.0,-0.4019,48.22,2.1575,TIMESTOP,2.0,0.0,0.014862,0.003,0.011862,32.81,2.1575,4.0187,0.033006,0.002433,True
841,2023-12-08 15:00:00+00:00,2023-12-08 17:00:00+00:00,2.9309,-2.9309,0.4915,0.024515,SHORT_SPREAD,1008.81,676.38,332.43,0.1377,NORMAL,4.4309,-0.2931,35.17,0.7736,TIMESTOP,2.0,16.03,0.017385,0.003,0.014385,30.54,0.7736,2.9309,0.024515,0.00239,True
842,2023-12-09 01:00:00+00:00,2023-12-09 03:00:00+00:00,5.0,-5.0,0.5127,0.057184,SHORT_SPREAD,2753.62,1820.35,933.27,0.1377,STRONG,5.0,-0.5,60.0,4.2088,TIMESTOP,2.0,0.0,0.01407,0.003,0.01107,30.48,4.2088,5.0,0.057184,0.002378,True
843,2023-12-09 04:00:00+00:00,2023-12-09 06:00:00+00:00,2.9994,-2.9994,0.5235,0.031623,SHORT_SPREAD,2064.77,1355.29,709.48,0.1377,NORMAL,4.4994,-0.2999,35.99,1.1592,TIMESTOP,2.0,0.0,0.018342,0.003,0.015342,31.68,1.1592,2.9994,0.031623,0.002374,True
844,2023-12-09 07:00:00+00:00,2023-12-09 09:00:00+00:00,2.3222,-2.3222,0.5293,0.025189,SHORT_SPREAD,1598.65,1045.35,553.3,0.1377,NORMAL,3.8222,-0.2322,27.87,1.1516,TIMESTOP,2.0,0.0,0.011685,0.003,0.008685,13.88,1.037,2.3222,0.025189,0.002364,True
845,2023-12-09 16:00:00+00:00,2023-12-09 18:00:00+00:00,-2.4433,2.4433,0.5317,-0.02281,LONG_SPREAD,840.98,549.05,291.93,0.1377,NORMAL,3.9433,0.2443,29.32,-0.6656,TIMESTOP,2.0,13.9,0.018028,0.003,0.015028,26.54,-0.6656,-3.0375,-0.02281,0.002401,True
846,2023-12-11 02:00:00+00:00,2023-12-11 04:00:00+00:00,-2.6375,2.6375,0.5361,-0.025305,LONG_SPREAD,907.84,591.02,316.83,0.1377,NORMAL,4.1375,0.2638,31.65,-0.5495,TIMESTOP,2.0,18.34,0.0217,0.003,0.0187,35.32,-0.5495,-2.6375,-0.025305,0.002466,True
847,2023-12-12 05:00:00+00:00,2023-12-12 07:00:00+00:00,2.1983,-2.1983,0.5425,0.025243,SHORT_SPREAD,756.65,490.53,266.12,0.1377,NORMAL,3.6983,-0.2198,26.38,4.1331,STOPLOSS,2.0,8.55,-0.021134,0.003,-0.024134,-9.71,0.992,4.1331,0.025243,0.00256,False
848,2023-12-12 08:00:00+00:00,2023-12-12 10:00:00+00:00,2.0012,-2.0012,0.5507,0.023799,SHORT_SPREAD,688.82,444.21,244.61,0.1377,NORMAL,3.5012,-0.2001,24.01,1.9266,TIMESTOP,2.0,7.7,0.000645,0.003,-0.002355,6.08,0.8318,2.0012,0.023799,0.002555,False
849,2023-12-12 17:00:00+00:00,2023-12-12 19:00:00+00:00,-2.0107,2.0107,0.5571,-0.019385,LONG_SPREAD,692.09,444.47,247.63,0.1377,NORMAL,3.5107,0.2011,24.13,0.1159,TIMESTOP,2.0,15.19,0.023443,0.003,0.020443,29.34,1.2436,-2.0107,-0.019385,0.00259,True
850,2023-12-13 06:00:00+00:00,2023-12-13 08:00:00+00:00,-2.2625,2.2625,0.5557,-0.022256,LONG_SPREAD,778.75,500.59,278.17,0.1377,NORMAL,3.7625,0.2262,27.15,-0.0337,TIMESTOP,2.0,18.01,0.024624,0.003,0.021624,34.85,-0.0337,-2.2625,-0.022256,0.002646,True
851,2023-12-13 19:00:00+00:00,2023-12-13 21:00:00+00:00,2.479,-2.479,0.5643,0.029825,SHORT_SPREAD,1706.54,1090.94,615.6,0.1377,NORMAL,3.979,-0.2479,29.75,2.5664,TIMESTOP,2.0,0.0,-0.001524,0.003,-0.004524,-7.72,2.479,3.1879,0.029825,0.002613,False
852,2023-12-13 22:00:00+00:00,2023-12-14 00:00:00+00:00,2.5966,-2.5966,0.5753,0.031949,SHORT_SPREAD,1787.5,1134.68,652.82,0.1377,NORMAL,4.0966,-0.2597,31.16,1.1822,TIMESTOP,2.0,0.0,0.015797,0.003,0.012797,22.87,1.1822,3.4527,0.031949,0.002595,True
853,2023-12-18 09:00:00+00:00,2023-12-18 11:00:00+00:00,-2.4275,2.4275,0.5606,-0.027101,LONG_SPREAD,1671.08,1070.77,600.31,0.1377,NORMAL,3.9275,0.2427,29.13,-1.7419,TIMESTOP,2.0,0.0,0.007986,0.003,0.004986,8.33,-1.7419,-3.0981,-0.027101,0.002744,True
854,2023-12-21 06:00:00+00:00,2023-12-21 08:00:00+00:00,2.3178,-2.3178,0.5856,0.031299,SHORT_SPREAD,1595.62,1006.3,589.32,0.1377,NORMAL,3.8178,-0.2318,27.81,2.3549,TIMESTOP,2.0,0.0,-0.000884,0.003,-0.003884,-6.2,2.3025,2.3549,0.031299,0.00275,False
855,2023-12-21 17:00:00+00:00,2023-12-21 19:00:00+00:00,3.9667,-3.9667,0.6063,0.051907,SHORT_SPREAD,2184.58,1359.97,824.61,0.1377,STRONG,5.0,-0.3967,47.6,3.6697,TIMESTOP,2.0,0.0,0.002282,0.003,-0.000718,-1.57,3.6697,4.1403,0.051907,0.002672,False
856,2023-12-21 20:00:00+00:00,2023-12-21 22:00:00+00:00,2.7603,-2.7603,0.6195,0.038368,SHORT_SPREAD,950.11,586.68,363.43,0.1377,NORMAL,4.2603,-0.276,33.12,0.2311,TIMESTOP,2.0,29.85,0.032917,0.003,0.029917,58.27,0.2311,2.7603,0.038368,0.002668,True
857,2023-12-22 04:00:00+00:00,2023-12-22 06:00:00+00:00,-2.8542,2.8542,0.6233,-0.034118,LONG_SPREAD,1964.82,1210.38,754.44,0.1377,NORMAL,4.3542,0.2854,34.25,-1.9994,TIMESTOP,2.0,0.0,0.010973,0.003,0.007973,15.66,-1.4822,-2.8542,-0.034118,0.002634,True
858,2023-12-23 02:00:00+00:00,2023-12-23 04:00:00+00:00,-2.2365,2.2365,0.6101,-0.026813,LONG_SPREAD,769.81,478.13,291.69,0.1377,NORMAL,3.7365,0.2237,26.84,-0.5229,TIMESTOP,2.0,16.48,0.022904,0.003,0.019904,31.8,-0.5229,-2.2365,-0.026813,0.002656,True
859,2023-12-23 21:00:00+00:00,2023-12-23 23:00:00+00:00,2.9207,-2.9207,0.6091,0.042345,SHORT_SPREAD,1608.48,999.63,608.85,0.1377,NORMAL,4.4207,-0.2921,35.05,1.5736,TIMESTOP,2.0,0.0,0.017907,0.003,0.014907,23.98,1.5736,3.3054,0.042345,0.002621,True
860,2023-12-24 00:00:00+00:00,2023-12-24 02:00:00+00:00,3.5496,-3.5496,0.6196,0.052321,SHORT_SPREAD,1954.83,1206.97,747.86,0.1377,STRONG,5.0,-0.355,42.59,2.5533,TIMESTOP,2.0,0.0,0.012681,0.003,0.009681,18.92,2.5533,4.5601,0.052321,0.002622,True
861,2023-12-24 03:00:00+00:00,2023-12-24 05:00:00+00:00,2.1962,-2.1962,0.6327,0.034858,SHORT_SPREAD,755.95,463.0,292.94,0.1377,NORMAL,3.6962,-0.2196,26.35,-0.6966,TIMESTOP,2.0,16.09,0.04221,0.003,0.03921,45.73,-0.6966,2.1962,0.034858,0.002619,True
862,2023-12-24 11:00:00+00:00,2023-12-24 13:00:00+00:00,2.0887,-2.0887,0.6429,0.033984,SHORT_SPREAD,718.94,437.6,281.35,0.1377,NORMAL,3.5887,-0.2089,25.06,0.9474,TIMESTOP,2.0,16.05,0.016582,0.003,0.013582,25.81,0.4606,2.0887,0.033984,0.002631,True
863,2023-12-25 05:00:00+00:00,2023-12-25 07:00:00+00:00,2.7946,-2.7946,0.6498,0.044659,SHORT_SPREAD,1539.03,932.85,606.18,0.1377,NORMAL,4.2946,-0.2795,33.53,1.546,TIMESTOP,2.0,0.0,0.018097,0.003,0.015097,23.23,1.546,2.7978,0.044659,0.00266,True
864,2023-12-27 22:00:00+00:00,2023-12-28 00:00:00+00:00,-2.6608,2.6608,0.6301,-0.038115,LONG_SPREAD,1831.73,1123.73,708.01,0.1377,NORMAL,4.1608,0.2661,31.93,-1.252,TIMESTOP,2.0,0.0,0.021616,0.003,0.018616,34.1,-1.252,-2.6608,-0.038115,0.002559,True
865,2023-12-28 01:00:00+00:00,2023-12-28 03:00:00+00:00,-2.3537,2.3537,0.6182,-0.03396,LONG_SPREAD,1620.31,1001.32,618.99,0.1377,NORMAL,3.8537,0.2354,28.24,-2.5038,TIMESTOP,2.0,0.0,-0.002917,0.003,-0.005917,-9.59,-2.3537,-2.5038,-0.03396,0.002488,False
866,2024-01-03 12:00:00+00:00,2024-01-03 14:00:00+00:00,-2.5299,2.5299,0.6308,-0.03381,LONG_SPREAD,1741.63,1067.94,673.69,0.1377,NORMAL,4.0299,0.253,30.36,-2.393,TIMESTOP,2.0,0.0,0.001369,0.003,-0.001631,-2.84,-2.393,-2.5299,-0.03381,0.002701,False
867,2024-01-10 22:00:00+00:00,2024-01-11 00:00:00+00:00,3.0331,-3.0331,0.6455,0.043705,SHORT_SPREAD,1670.38,1015.14,655.24,0.1377,STRONG,4.5331,-0.3033,36.4,2.6095,TIMESTOP,2.0,0.0,0.00539,0.003,0.00239,3.99,2.6095,3.0331,0.043705,0.002718,True
868,2024-01-11 01:00:00+00:00,2024-01-11 03:00:00+00:00,2.7191,-2.7191,0.6608,0.040242,SHORT_SPREAD,1497.47,901.63,595.83,0.1377,NORMAL,4.2191,-0.2719,32.63,2.1538,TIMESTOP,2.0,0.0,0.007875,0.003,0.004875,7.3,2.1538,2.7191,0.040242,0.002679,True
869,2024-01-11 07:00:00+00:00,2024-01-11 09:00:00+00:00,2.4627,-2.4627,0.6743,0.036749,SHORT_SPREAD,847.65,506.29,341.37,0.1377,NORMAL,3.9627,-0.2463,29.55,0.1686,TIMESTOP,2.0,27.7,0.034176,0.003,0.031176,54.12,0.1686,2.4627,0.036749,0.002678,True
870,2024-01-19 12:00:00+00:00,2024-01-19 14:00:00+00:00,-2.0634,2.0634,0.6089,-0.023132,LONG_SPREAD,1420.45,882.85,537.59,0.1377,NORMAL,3.5634,0.2063,24.76,-1.1976,TIMESTOP,2.0,0.0,0.009086,0.003,0.006086,8.64,-1.1976,-2.0634,-0.023132,0.002653,True
871,2024-01-22 04:00:00+00:00,2024-01-22 06:00:00+00:00,-2.0042,2.0042,0.5888,-0.022685,LONG_SPREAD,689.84,434.19,255.65,0.1377,NORMAL,3.5042,0.2004,24.05,-0.4208,TIMESTOP,2.0,10.48,0.01669,0.003,0.01369,19.92,-0.4208,-2.0042,-0.022685,0.002651,True
872,2024-01-28 23:00:00+00:00,2024-01-29 01:00:00+00:00,2.2452,-2.2452,0.611,0.021777,SHORT_SPREAD,772.81,479.72,293.09,0.1377,NORMAL,3.7452,-0.2245,26.94,1.3006,TIMESTOP,2.0,17.27,0.009531,0.003,0.006531,22.31,-0.1066,2.2452,0.021777,0.002877,True
873,2024-01-29 18:00:00+00:00,2024-01-29 20:00:00+00:00,2.6809,-2.6809,0.618,0.025533,SHORT_SPREAD,1845.51,1140.63,704.89,0.1377,NORMAL,4.1809,-0.2681,32.17,2.1828,TIMESTOP,2.0,0.0,0.004664,0.003,0.001664,3.07,1.6673,2.6809,0.025533,0.00284,True
874,2024-01-29 21:00:00+00:00,2024-01-29 23:00:00+00:00,2.6309,-2.6309,0.6246,0.025521,SHORT_SPREAD,1811.12,1114.83,696.29,0.1377,NORMAL,4.1309,-0.2631,31.57,-1.4157,TIMESTOP,2.0,0.0,0.041122,0.003,0.038122,69.04,-1.4157,2.6309,0.025521,0.002824,True
875,2024-02-01 15:00:00+00:00,2024-02-01 17:00:00+00:00,-2.4471,2.4471,0.5811,-0.021731,LONG_SPREAD,842.29,532.71,309.58,0.1377,NORMAL,3.9471,0.2447,29.36,-0.763,TIMESTOP,2.0,10.22,0.013639,0.003,0.010639,19.19,-0.763,-2.4471,-0.021731,0.002685,True
876,2024-02-02 00:00:00+00:00,2024-02-02 02:00:00+00:00,-2.3592,2.3592,0.5666,-0.021371,LONG_SPREAD,1624.06,1036.67,587.39,0.1377,NORMAL,3.8592,0.2359,28.31,-1.2799,TIMESTOP,2.0,0.0,0.008748,0.003,0.005748,9.33,-1.2799,-2.3592,-0.021371,0.002543,True
877,2024-02-02 22:00:00+00:00,2024-02-03 00:00:00+00:00,2.162,-2.162,0.5606,0.015966,SHORT_SPREAD,1488.31,953.71,534.6,0.1377,NORMAL,3.662,-0.2162,25.94,2.3627,TIMESTOP,2.0,0.0,-0.001853,0.003,-0.004853,-7.22,1.2928,2.3627,0.015966,0.002463,False
878,2024-02-08 14:00:00+00:00,2024-02-08 16:00:00+00:00,2.1809,-2.1809,0.5468,0.016528,SHORT_SPREAD,1501.35,970.62,530.73,0.1377,NORMAL,3.6809,-0.2181,26.17,1.3009,TIMESTOP,2.0,0.0,0.007076,0.003,0.004076,6.12,1.3009,2.1809,0.016528,0.002483,True
879,2024-02-08 17:00:00+00:00,2024-02-08 19:00:00+00:00,2.069,-2.069,0.549,0.015859,SHORT_SPREAD,1424.33,919.49,504.84,0.1377,NORMAL,3.569,-0.2069,24.83,1.1719,TIMESTOP,2.0,0.0,0.007236,0.003,0.004236,6.03,1.1719,2.5112,0.015859,0.002499,True
880,2024-02-11 01:00:00+00:00,2024-02-11 03:00:00+00:00,-2.8186,2.8186,0.5512,-0.022819,LONG_SPREAD,970.16,625.43,344.73,0.1377,NORMAL,4.3186,0.2819,33.82,-0.6616,TIMESTOP,2.0,15.15,0.017114,0.003,0.014114,28.84,-0.6616,-2.8186,-0.022819,0.002491,True
881,2024-02-12 10:00:00+00:00,2024-02-12 12:00:00+00:00,-2.0151,2.0151,0.5294,-0.016772,LONG_SPREAD,693.6,453.52,240.08,0.1377,NORMAL,3.5151,0.2015,24.18,-0.0412,TIMESTOP,2.0,9.91,0.015788,0.003,0.012788,18.78,-0.0412,-2.0151,-0.016772,0.002395,True
882,2024-02-12 14:00:00+00:00,2024-02-12 16:00:00+00:00,2.5831,-2.5831,0.5295,0.019963,SHORT_SPREAD,1778.22,1162.61,615.61,0.1377,NORMAL,4.0831,-0.2583,31.0,2.2876,TIMESTOP,2.0,0.0,0.002015,0.003,-0.000985,-1.75,2.2876,3.0977,0.019963,0.002397,False
883,2024-02-12 17:00:00+00:00,2024-02-12 19:00:00+00:00,2.1081,-2.1081,0.5351,0.016605,SHORT_SPREAD,725.63,472.68,252.95,0.1377,NORMAL,3.6081,-0.2108,25.3,-0.6039,TIMESTOP,2.0,10.19,0.02231,0.003,0.01931,24.2,-0.6039,2.1081,0.016605,0.002387,True
884,2024-02-13 00:00:00+00:00,2024-02-13 02:00:00+00:00,2.9019,-2.9019,0.5387,0.023469,SHORT_SPREAD,998.84,649.13,349.71,0.1377,NORMAL,4.4019,-0.2902,34.82,0.8301,TIMESTOP,2.0,15.6,0.017118,0.003,0.014118,29.7,0.8301,2.9019,0.023469,0.002384,True
885,2024-02-14 03:00:00+00:00,2024-02-14 05:00:00+00:00,2.5246,-2.5246,0.5451,0.020328,SHORT_SPREAD,1737.94,1124.81,613.13,0.1377,NORMAL,4.0246,-0.2525,30.29,2.3939,TIMESTOP,2.0,0.0,0.000714,0.003,-0.002286,-3.97,2.3939,3.0467,0.020328,0.002441,False
886,2024-02-14 06:00:00+00:00,2024-02-14 08:00:00+00:00,2.8238,-2.8238,0.5505,0.023387,SHORT_SPREAD,971.96,626.85,345.11,0.1377,NORMAL,4.3238,-0.2824,33.89,0.9724,TIMESTOP,2.0,13.7,0.015598,0.003,0.012598,25.94,0.972,2.8238,0.023387,0.002444,True
887,2024-02-15 10:00:00+00:00,2024-02-15 12:00:00+00:00,2.4461,-2.4461,0.5587,0.019961,SHORT_SPREAD,1683.92,1080.37,603.55,0.1377,NORMAL,3.9461,-0.2446,29.35,1.7604,TIMESTOP,2.0,0.0,0.005469,0.003,0.002469,4.16,1.7604,3.2402,0.019961,0.002457,True
888,2024-02-17 13:00:00+00:00,2024-02-17 15:00:00+00:00,-2.1193,2.1193,0.5583,-0.018084,LONG_SPREAD,1458.93,936.23,522.7,0.1377,NORMAL,3.6193,0.2119,25.43,-1.2404,TIMESTOP,2.0,0.0,0.007228,0.003,0.004228,6.17,-1.2404,-2.1193,-0.018084,0.002535,True
889,2024-02-18 00:00:00+00:00,2024-02-18 02:00:00+00:00,2.7311,-2.7311,0.5586,0.022816,SHORT_SPREAD,1880.13,1206.28,673.84,0.1377,NORMAL,4.2311,-0.2731,32.77,1.3035,TIMESTOP,2.0,0.0,0.012121,0.003,0.009121,17.15,1.3035,2.7311,0.022816,0.002504,True
890,2024-02-19 22:00:00+00:00,2024-02-20 00:00:00+00:00,4.4297,-4.4297,0.5668,0.036279,SHORT_SPREAD,3000.0,1914.76,1085.24,0.1377,STRONG,5.0,-0.443,53.16,1.5247,TIMESTOP,2.0,0.0,0.02426,0.003,0.02126,63.78,1.5247,4.4297,0.036279,0.002545,True
891,2024-02-23 14:00:00+00:00,2024-02-23 16:00:00+00:00,2.2111,-2.2111,0.5721,0.017771,SHORT_SPREAD,761.05,484.11,276.95,0.1377,NORMAL,3.7111,-0.2211,26.53,0.6434,TIMESTOP,2.0,8.67,0.012235,0.003,0.009235,15.7,0.5626,2.2111,0.017771,0.002758,True
892,2024-02-24 06:00:00+00:00,2024-02-24 08:00:00+00:00,2.5746,-2.5746,0.583,0.020886,SHORT_SPREAD,886.2,559.81,326.39,0.1377,NORMAL,4.0746,-0.2575,30.9,0.1172,TIMESTOP,2.0,11.09,0.019434,0.003,0.016434,25.66,0.1172,2.5746,0.020886,0.002747,True
893,2024-02-26 16:00:00+00:00,2024-02-26 18:00:00+00:00,2.2393,-2.2393,0.5859,0.018211,SHORT_SPREAD,770.79,486.02,284.77,0.1377,NORMAL,3.7393,-0.2239,26.87,0.8415,TIMESTOP,2.0,7.06,0.010665,0.003,0.007665,12.97,0.8415,2.2393,0.018211,0.002748,True
894,2024-02-27 20:00:00+00:00,2024-02-27 22:00:00+00:00,2.5221,-2.5221,0.5989,0.020706,SHORT_SPREAD,1736.24,1085.89,650.35,0.1377,NORMAL,4.0221,-0.2522,30.27,1.3678,TIMESTOP,2.0,0.0,0.008875,0.003,0.005875,10.2,1.3678,2.5221,0.020706,0.00273,True
895,2024-02-28 18:00:00+00:00,2024-02-28 20:00:00+00:00,-2.1535,2.1535,0.6024,-0.015505,LONG_SPREAD,1482.51,925.2,557.31,0.1377,NORMAL,3.6535,0.2154,25.84,-1.2222,TIMESTOP,2.0,0.0,0.007182,0.003,0.004182,6.2,-1.2222,-2.1535,-0.015505,0.002697,True
896,2024-02-29 08:00:00+00:00,2024-02-29 10:00:00+00:00,2.3392,-2.3392,0.609,0.019726,SHORT_SPREAD,805.17,500.4,304.76,0.1377,NORMAL,3.8392,-0.2339,28.07,0.9921,TIMESTOP,2.0,10.26,0.010604,0.003,0.007604,16.38,0.5364,2.3392,0.019726,0.002647,True
897,2024-02-29 21:00:00+00:00,2024-02-29 23:00:00+00:00,-2.4692,2.4692,0.6104,-0.018139,LONG_SPREAD,1699.84,1055.53,644.31,0.1377,NORMAL,3.9692,0.2469,29.63,-1.5644,TIMESTOP,2.0,0.0,0.006845,0.003,0.003845,6.54,-1.5644,-3.2762,-0.018139,0.002673,True
898,2024-03-01 22:00:00+00:00,2024-03-02 00:00:00+00:00,2.4598,-2.4598,0.6091,0.020486,SHORT_SPREAD,1693.33,1052.33,641.0,0.1377,NORMAL,3.9598,-0.246,29.52,1.9408,TIMESTOP,2.0,0.0,0.003978,0.003,0.000978,1.66,1.9408,2.4598,0.020486,0.002671,True
899,2024-03-02 03:00:00+00:00,2024-03-02 05:00:00+00:00,2.2201,-2.2201,0.6164,0.018931,SHORT_SPREAD,1528.32,945.51,582.81,0.1377,NORMAL,3.7201,-0.222,26.64,-2.0071,TIMESTOP,2.0,0.0,0.034815,0.003,0.031815,48.62,-2.0071,2.2201,0.018931,0.002634,True
900,2024-03-02 12:00:00+00:00,2024-03-02 14:00:00+00:00,2.3029,-2.3029,0.6183,0.019957,SHORT_SPREAD,792.67,489.82,302.85,0.1377,NORMAL,3.8029,-0.2303,27.64,0.8229,TIMESTOP,2.0,13.52,0.012143,0.003,0.009143,20.77,0.0525,2.3029,0.019957,0.00258,True
901,2024-03-02 23:00:00+00:00,2024-03-03 01:00:00+00:00,2.3867,-2.3867,0.6252,0.02101,SHORT_SPREAD,821.51,505.48,316.03,0.1377,NORMAL,3.8867,-0.2387,28.64,-0.0842,TIMESTOP,2.0,13.45,0.020533,0.003,0.017533,27.85,-0.0842,2.3867,0.02101,0.002557,True
902,2024-03-03 16:00:00+00:00,2024-03-03 18:00:00+00:00,5.0,-5.0,0.6344,0.049766,SHORT_SPREAD,2753.62,1684.79,1068.83,0.1377,STRONG,5.0,-0.5,60.0,1.869,TIMESTOP,2.0,0.0,0.032411,0.003,0.029411,80.99,1.869,5.0,0.049766,0.002611,True
903,2024-03-03 21:00:00+00:00,2024-03-03 23:00:00+00:00,2.0142,-2.0142,0.6434,0.019355,SHORT_SPREAD,1386.61,843.73,542.88,0.1377,NORMAL,3.5142,-0.2014,24.17,1.0686,TIMESTOP,2.0,0.0,0.008048,0.003,0.005048,7.0,1.0686,2.0142,0.019355,0.002616,True
904,2024-03-04 08:00:00+00:00,2024-03-04 10:00:00+00:00,2.1035,-2.1035,0.6509,0.020446,SHORT_SPREAD,724.02,438.55,285.47,0.1377,NORMAL,3.6035,-0.2103,25.24,-0.1901,TIMESTOP,2.0,13.29,0.019856,0.003,0.016856,25.49,-0.1901,2.1035,0.020446,0.002629,True
905,2024-03-04 12:00:00+00:00,2024-03-04 14:00:00+00:00,2.6899,-2.6899,0.6559,0.025697,SHORT_SPREAD,925.89,559.15,366.73,0.1377,NORMAL,4.1899,-0.269,32.28,0.4745,TIMESTOP,2.0,26.65,0.019336,0.003,0.016336,41.78,-0.769,2.6899,0.025697,0.002626,True
906,2024-03-05 06:00:00+00:00,2024-03-05 07:00:00+00:00,2.0836,-2.0836,0.66,0.02003,SHORT_SPREAD,1434.34,864.09,570.26,0.1377,NORMAL,3.5836,-0.2084,25.0,5.0,STOPLOSS,1.0,0.0,-0.029809,0.003,-0.032809,-47.06,2.0836,5.0,0.02003,0.002624,False
907,2024-03-05 08:00:00+00:00,2024-03-05 10:00:00+00:00,4.2923,-4.2923,0.6664,0.040905,SHORT_SPREAD,2363.9,1418.58,945.33,0.1377,STRONG,5.0,-0.4292,51.51,1.0611,TIMESTOP,2.0,0.0,0.029324,0.003,0.026324,62.23,1.0611,4.2923,0.040905,0.00263,True
908,2024-03-05 16:00:00+00:00,2024-03-05 18:00:00+00:00,-2.9634,2.9634,0.6683,-0.024434,LONG_SPREAD,2040.0,1222.8,817.19,0.1377,NORMAL,4.4634,0.2963,35.56,-2.5441,TIMESTOP,2.0,0.0,0.003543,0.003,0.000543,1.11,-1.4152,-2.9634,-0.024434,0.002642,True
909,2024-03-05 19:00:00+00:00,2024-03-05 21:00:00+00:00,-4.7569,4.7569,0.6743,-0.042241,LONG_SPREAD,2619.74,1564.67,1055.08,0.1377,STRONG,5.0,0.4757,57.08,-2.6197,TIMESTOP,2.0,0.0,0.019307,0.003,0.016307,42.72,-2.6197,-4.7569,-0.042241,0.002627,True
910,2024-03-06 02:00:00+00:00,2024-03-06 04:00:00+00:00,-2.61,2.61,0.6731,-0.023528,LONG_SPREAD,898.38,536.97,361.41,0.1377,NORMAL,4.11,0.261,31.32,1.3846,TIMESTOP,2.0,14.63,0.039623,0.003,0.036623,47.53,1.3846,-2.61,-0.023528,0.002658,True
911,2024-03-06 05:00:00+00:00,2024-03-06 07:00:00+00:00,2.1137,-2.1137,0.6776,0.022435,SHORT_SPREAD,1455.09,867.37,587.72,0.1377,NORMAL,3.6137,-0.2114,25.36,5.0,STOPLOSS,2.0,0.0,-0.04411,0.003,-0.04711,-68.55,2.1137,5.0,0.022435,0.002637,False
912,2024-03-06 08:00:00+00:00,2024-03-06 10:00:00+00:00,2.4497,-2.4497,0.6923,0.027066,SHORT_SPREAD,843.21,498.27,344.94,0.1377,NORMAL,3.9497,-0.245,29.4,1.392,TIMESTOP,2.0,14.88,0.010813,0.003,0.007813,21.47,0.5917,2.4497,0.027066,0.002605,True
913,2024-03-07 00:00:00+00:00,2024-03-07 02:00:00+00:00,3.1556,-3.1556,0.7102,0.035224,SHORT_SPREAD,2172.37,1270.22,902.15,0.1377,STRONG,4.6556,-0.3156,37.87,1.0039,TIMESTOP,2.0,0.0,0.022593,0.003,0.019593,42.56,1.0039,3.1556,0.035224,0.00255,True
914,2024-03-09 16:00:00+00:00,2024-03-09 18:00:00+00:00,-2.3056,2.3056,0.7149,-0.021644,LONG_SPREAD,793.59,462.75,330.84,0.1377,NORMAL,3.8056,0.2306,27.67,-0.9323,TIMESTOP,2.0,10.29,0.014472,0.003,0.011472,19.4,-0.9323,-2.3056,-0.021644,0.002597,True
915,2024-03-10 21:00:00+00:00,2024-03-10 22:00:00+00:00,-2.2422,2.2422,0.7048,-0.021609,LONG_SPREAD,1543.54,905.38,638.15,0.1377,NORMAL,3.7422,0.2242,26.91,-4.6522,STOPLOSS,1.0,0.0,-0.026267,0.003,-0.029267,-45.18,-2.2422,-4.6522,-0.021609,0.002636,False
916,2024-03-10 23:00:00+00:00,2024-03-11 01:00:00+00:00,-4.3928,4.3928,0.6871,-0.046464,LONG_SPREAD,2419.22,1433.91,985.3,0.1377,STRONG,5.0,0.4393,52.71,-2.4204,TIMESTOP,2.0,0.0,0.021123,0.003,0.018123,43.84,-2.4204,-4.3928,-0.046464,0.002555,True
917,2024-03-11 09:00:00+00:00,2024-03-11 11:00:00+00:00,2.5348,-2.5348,0.6838,0.030928,SHORT_SPREAD,872.5,518.17,354.33,0.1377,NORMAL,4.0348,-0.2535,30.42,0.7506,TIMESTOP,2.0,16.66,0.020598,0.003,0.017598,32.02,0.7506,2.5348,0.030928,0.002484,True
918,2024-03-11 18:00:00+00:00,2024-03-11 20:00:00+00:00,2.1532,-2.1532,0.6949,0.027248,SHORT_SPREAD,741.13,437.28,303.85,0.1377,NORMAL,3.6532,-0.2153,25.84,1.0973,TIMESTOP,2.0,11.5,0.012314,0.003,0.009314,18.4,0.7002,2.1532,0.027248,0.0025,True
919,2024-03-15 08:00:00+00:00,2024-03-15 10:00:00+00:00,-2.506,2.506,0.7182,-0.027552,LONG_SPREAD,1725.17,1004.04,721.13,0.1377,NORMAL,4.006,0.2506,30.07,-1.6844,TIMESTOP,2.0,0.0,0.009702,0.003,0.006702,11.56,-1.6844,-2.506,-0.027552,0.002607,True
920,2024-04-02 06:00:00+00:00,2024-04-02 08:00:00+00:00,-2.3051,2.3051,0.7037,-0.019374,LONG_SPREAD,1586.83,931.42,655.41,0.1377,NORMAL,3.8051,0.2305,27.66,-1.5382,TIMESTOP,2.0,0.0,0.006094,0.003,0.003094,4.91,-1.5382,-2.5508,-0.019374,0.002833,True
921,2024-04-02 09:00:00+00:00,2024-04-02 11:00:00+00:00,-2.5904,2.5904,0.6986,-0.021996,LONG_SPREAD,1783.23,1049.83,733.4,0.1377,NORMAL,4.0904,0.259,31.08,-2.0538,TIMESTOP,2.0,0.0,0.004206,0.003,0.001206,2.15,-2.0538,-2.5904,-0.021996,0.002831,True
922,2024-04-08 16:00:00+00:00,2024-04-08 18:00:00+00:00,2.3711,-2.3711,0.7093,0.01467,SHORT_SPREAD,816.14,477.46,338.68,0.1377,NORMAL,3.8711,-0.2371,28.45,-0.1159,TIMESTOP,2.0,7.84,0.016179,0.003,0.013179,18.59,-0.1159,2.3711,0.01467,0.002897,True
923,2024-04-09 12:00:00+00:00,2024-04-09 14:00:00+00:00,2.1744,-2.1744,0.7144,0.013467,SHORT_SPREAD,748.43,436.55,311.88,0.1377,NORMAL,3.6744,-0.2174,26.09,-1.5535,TIMESTOP,2.0,7.65,0.023746,0.003,0.020746,23.18,-1.5535,2.1744,0.013467,0.002963,True
924,2024-04-10 02:00:00+00:00,2024-04-10 04:00:00+00:00,-2.6804,2.6804,0.7092,-0.017296,LONG_SPREAD,1845.18,1079.53,765.65,0.1377,NORMAL,4.1804,0.268,32.16,-1.9229,TIMESTOP,2.0,0.0,0.004776,0.003,0.001776,3.28,-1.2831,-2.6804,-0.017296,0.003017,True
925,2024-04-10 12:00:00+00:00,2024-04-10 14:00:00+00:00,-2.02,2.02,0.7024,-0.013242,LONG_SPREAD,695.29,408.41,286.88,0.1377,NORMAL,3.52,0.202,24.24,-0.6012,TIMESTOP,2.0,5.17,0.008939,0.003,0.005939,9.3,-0.6012,-2.02,-0.013242,0.003029,True
926,2024-04-12 17:00:00+00:00,2024-04-12 18:00:00+00:00,-2.8268,2.8268,0.6988,-0.017042,LONG_SPREAD,1946.02,1145.54,800.48,0.1377,NORMAL,4.3268,0.2827,33.92,-5.0,STOPLOSS,1.0,0.0,-0.076712,0.003,-0.079712,-155.12,-2.8268,-5.0,-0.017042,0.003071,False
927,2024-04-12 19:00:00+00:00,2024-04-12 21:00:00+00:00,-2.1502,2.1502,0.7298,-0.016206,LONG_SPREAD,740.1,427.85,312.26,0.1377,NORMAL,3.6502,0.215,25.8,0.0189,TIMESTOP,2.0,7.39,0.01582,0.003,0.01282,16.88,0.0189,-2.1502,-0.016206,0.002931,True
928,2024-04-13 17:00:00+00:00,2024-04-13 19:00:00+00:00,-2.2525,2.2525,0.7314,-0.017101,LONG_SPREAD,775.31,447.78,327.52,0.1377,NORMAL,3.7525,0.2252,27.03,-2.7642,TIMESTOP,2.0,13.34,-0.003878,0.003,-0.006878,8.01,0.3146,-2.7642,-0.017101,0.003016,False
929,2024-04-13 20:00:00+00:00,2024-04-13 22:00:00+00:00,-3.1892,3.1892,0.7408,-0.024363,LONG_SPREAD,1097.74,630.6,467.14,0.1377,STRONG,4.6892,0.3189,38.27,-0.8225,TIMESTOP,2.0,17.57,0.017508,0.003,0.014508,33.5,-0.8225,-3.1892,-0.024363,0.002916,True
930,2024-04-14 04:00:00+00:00,2024-04-14 06:00:00+00:00,2.07,-2.07,0.7433,0.014452,SHORT_SPREAD,712.5,408.7,303.8,0.1377,NORMAL,3.57,-0.207,24.84,1.9953,TIMESTOP,2.0,6.53,0.000466,0.003,-0.002534,4.73,0.6397,2.07,0.014452,0.002949,False
931,2024-04-15 06:00:00+00:00,2024-04-15 08:00:00+00:00,2.7329,-2.7329,0.7572,0.019884,SHORT_SPREAD,1881.34,1070.66,810.68,0.1377,NORMAL,4.2329,-0.2733,32.79,1.686,TIMESTOP,2.0,0.0,0.007787,0.003,0.004787,9.01,1.686,2.7329,0.019884,0.002815,True
932,2024-04-20 17:00:00+00:00,2024-04-20 19:00:00+00:00,2.7299,-2.7299,0.764,0.020093,SHORT_SPREAD,1879.31,1065.35,813.96,0.1377,NORMAL,4.2299,-0.273,32.76,2.2683,TIMESTOP,2.0,0.0,0.003346,0.003,0.000346,0.65,1.8324,2.7299,0.020093,0.002734,True
933,2024-04-22 02:00:00+00:00,2024-04-22 04:00:00+00:00,-2.3014,2.3014,0.7622,-0.019089,LONG_SPREAD,792.17,449.53,342.64,0.1377,NORMAL,3.8014,0.2301,27.62,-0.8342,TIMESTOP,2.0,7.92,0.011494,0.003,0.008494,14.65,-0.8342,-2.3014,-0.019089,0.00268,True
934,2024-04-22 07:00:00+00:00,2024-04-22 09:00:00+00:00,2.1716,-2.1716,0.7637,0.016265,SHORT_SPREAD,1494.93,847.62,647.3,0.1377,NORMAL,3.6716,-0.2172,26.06,2.4941,TIMESTOP,2.0,0.0,-0.002863,0.003,-0.005863,-8.77,2.1716,2.4941,0.016265,0.002612,False
935,2024-04-22 10:00:00+00:00,2024-04-22 12:00:00+00:00,2.5317,-2.5317,0.7676,0.019608,SHORT_SPREAD,1742.81,985.99,756.82,0.1377,NORMAL,4.0317,-0.2532,30.38,1.1781,TIMESTOP,2.0,0.0,0.010886,0.003,0.007886,13.74,1.1781,2.5317,0.019608,0.002624,True
936,2024-04-23 21:00:00+00:00,2024-04-23 23:00:00+00:00,-2.2234,2.2234,0.7673,-0.017708,LONG_SPREAD,765.28,433.02,332.26,0.1377,NORMAL,3.7234,0.2223,26.68,-0.7319,TIMESTOP,2.0,7.77,0.011653,0.003,0.008653,14.39,-0.7319,-2.2234,-0.017708,0.002684,True
937,2024-04-29 06:00:00+00:00,2024-04-29 08:00:00+00:00,-3.0376,3.0376,0.7635,-0.025451,LONG_SPREAD,2091.08,1185.72,905.36,0.1377,STRONG,4.5376,0.3038,36.45,-1.931,TIMESTOP,2.0,0.0,0.008917,0.003,0.005917,12.37,-1.4934,-3.0376,-0.025451,0.00294,True
938,2024-04-30 14:00:00+00:00,2024-04-30 16:00:00+00:00,-2.5088,2.5088,0.7559,-0.021646,LONG_SPREAD,863.55,491.79,371.75,0.1377,NORMAL,4.0088,0.2509,30.11,-0.0055,TIMESTOP,2.0,11.72,0.020647,0.003,0.017647,26.96,-0.0055,-2.5088,-0.021646,0.003028,True
939,2024-04-30 22:00:00+00:00,2024-05-01 00:00:00+00:00,3.4332,-3.4332,0.7592,0.02734,SHORT_SPREAD,2363.43,1343.49,1019.93,0.1377,STRONG,4.9332,-0.3433,41.2,2.7487,TIMESTOP,2.0,0.0,0.005138,0.003,0.002138,5.05,2.7487,3.4332,0.02734,0.003065,True
940,2024-05-01 02:00:00+00:00,2024-05-01 04:00:00+00:00,2.2745,-2.2745,0.7661,0.018418,SHORT_SPREAD,1565.76,886.55,679.21,0.1377,NORMAL,3.7745,-0.2274,27.29,1.913,TIMESTOP,2.0,0.0,0.002917,0.003,-8.3e-05,-0.13,1.3533,2.2745,0.018418,0.003069,False
941,2024-05-01 05:00:00+00:00,2024-05-01 07:00:00+00:00,2.3139,-2.3139,0.7702,0.019035,SHORT_SPREAD,796.46,449.91,346.54,0.1377,NORMAL,3.8139,-0.2314,27.77,-0.0874,TIMESTOP,2.0,9.38,0.020581,0.003,0.017581,23.38,-0.0874,2.3139,0.019035,0.003066,True
942,2024-05-01 12:00:00+00:00,2024-05-01 14:00:00+00:00,2.8181,-2.8181,0.7755,0.023792,SHORT_SPREAD,1940.02,1092.68,847.33,0.1377,NORMAL,4.3181,-0.2818,33.82,1.3816,TIMESTOP,2.0,0.0,0.012259,0.003,0.009259,17.96,1.3816,2.8181,0.023792,0.003097,True
943,2024-05-01 18:00:00+00:00,2024-05-01 20:00:00+00:00,2.5355,-2.5355,0.7826,0.021769,SHORT_SPREAD,1745.43,979.16,766.27,0.1377,NORMAL,4.0355,-0.2535,30.43,1.8068,TIMESTOP,2.0,0.0,0.006148,0.003,0.003148,5.49,1.8068,2.5355,0.021769,0.003078,True
944,2024-05-02 18:00:00+00:00,2024-05-02 20:00:00+00:00,2.3747,-2.3747,0.7964,0.021226,SHORT_SPREAD,1634.76,910.03,724.73,0.1377,NORMAL,3.8747,-0.2375,28.5,2.2832,TIMESTOP,2.0,0.0,0.00054,0.003,-0.00246,-4.02,2.0445,2.3747,0.021226,0.003002,False
945,2024-05-02 21:00:00+00:00,2024-05-02 23:00:00+00:00,2.91,-2.91,0.8021,0.026565,SHORT_SPREAD,1001.62,555.8,445.82,0.1377,NORMAL,4.41,-0.291,34.92,0.7431,TIMESTOP,2.0,18.22,0.019695,0.003,0.016695,34.95,0.7431,2.91,0.026565,0.003,True
946,2024-05-05 18:00:00+00:00,2024-05-05 20:00:00+00:00,2.2261,-2.2261,0.7871,0.01766,SHORT_SPREAD,1532.46,857.54,674.93,0.1377,NORMAL,3.7261,-0.2226,26.71,2.159,TIMESTOP,2.0,0.0,0.00035,0.003,-0.00265,-4.06,1.4523,2.2261,0.01766,0.002953,False
947,2024-05-06 10:00:00+00:00,2024-05-06 12:00:00+00:00,-2.4223,2.4223,0.7834,-0.018789,LONG_SPREAD,1667.51,935.02,732.49,0.1377,NORMAL,3.9223,0.2422,29.07,-2.1894,TIMESTOP,2.0,0.0,0.00156,0.003,-0.00144,-2.4,-2.1894,-2.4824,-0.018789,0.002903,False
948,2024-05-09 07:00:00+00:00,2024-05-09 09:00:00+00:00,-2.1193,2.1193,0.7802,-0.016735,LONG_SPREAD,1458.92,819.51,639.41,0.1377,NORMAL,3.6193,0.2119,25.43,-2.3644,TIMESTOP,2.0,0.0,-0.002238,0.003,-0.005238,-7.64,-2.1193,-2.4713,-0.016735,0.003059,False
949,2024-05-09 10:00:00+00:00,2024-05-09 12:00:00+00:00,-2.2687,2.2687,0.7751,-0.018332,LONG_SPREAD,780.89,439.9,340.99,0.1377,NORMAL,3.7687,0.2269,27.22,0.1364,TIMESTOP,2.0,7.73,0.019552,0.003,0.016552,20.66,0.1364,-2.2687,-0.018332,0.003056,True
950,2024-05-15 13:00:00+00:00,2024-05-15 15:00:00+00:00,2.3462,-2.3462,0.782,0.017799,SHORT_SPREAD,807.56,453.18,354.38,0.1377,NORMAL,3.8462,-0.2346,28.15,0.1936,TIMESTOP,2.0,11.91,0.016251,0.003,0.013251,22.61,0.1936,2.3462,0.017799,0.003284,True
951,2024-05-16 19:00:00+00:00,2024-05-16 21:00:00+00:00,-5.0,5.0,0.7653,-0.050944,LONG_SPREAD,2753.62,1559.84,1193.78,0.1377,STRONG,5.0,0.5,60.0,-5.0,TIMESTOP,2.0,0.0,-0.012162,0.003,-0.015162,-41.75,-4.9601,-5.0,-0.050944,0.003088,False
952,2024-05-16 22:00:00+00:00,2024-05-17 00:00:00+00:00,-4.4922,4.4922,0.7305,-0.039373,LONG_SPREAD,1500.0,866.79,633.21,0.1377,STRONG,5.0,0.4492,53.91,-0.8277,TIMESTOP,2.0,46.55,0.032533,0.003,0.029533,90.85,-0.8277,-4.4922,-0.039373,0.002885,True
953,2024-05-17 02:00:00+00:00,2024-05-17 04:00:00+00:00,-2.1247,2.1247,0.7215,-0.018958,LONG_SPREAD,731.33,424.82,306.51,0.1377,NORMAL,3.6247,0.2125,25.5,0.0011,TIMESTOP,2.0,12.77,0.018961,0.003,0.015961,24.44,0.0011,-2.5243,-0.018958,0.002806,True
954,2024-05-19 15:00:00+00:00,2024-05-19 17:00:00+00:00,-2.0675,2.0675,0.6988,-0.019352,LONG_SPREAD,1423.27,837.8,585.47,0.1377,NORMAL,3.5675,0.2067,24.81,-1.9101,TIMESTOP,2.0,0.0,0.001269,0.003,-0.001731,-2.46,-1.1335,-2.0675,-0.019352,0.002698,False
955,2024-05-20 18:00:00+00:00,2024-05-20 20:00:00+00:00,2.1749,-2.1749,0.7002,0.019247,SHORT_SPREAD,1497.24,880.61,616.63,0.1377,NORMAL,3.6749,-0.2175,26.1,2.8683,TIMESTOP,2.0,0.0,-0.006705,0.003,-0.009705,-14.53,2.1749,2.8683,0.019247,0.002732,False
956,2024-05-20 21:00:00+00:00,2024-05-20 23:00:00+00:00,2.366,-2.366,0.7089,0.021545,SHORT_SPREAD,1628.79,953.11,675.68,0.1377,NORMAL,3.866,-0.2366,28.39,1.5498,TIMESTOP,2.0,0.0,0.007432,0.003,0.004432,7.22,1.4419,2.366,0.021545,0.002696,True
957,2024-05-23 16:00:00+00:00,2024-05-23 18:00:00+00:00,-2.011,2.011,0.7169,-0.018314,LONG_SPREAD,1384.4,806.34,578.06,0.1377,NORMAL,3.511,0.2011,24.13,-1.4919,TIMESTOP,2.0,0.0,0.004444,0.003,0.001444,2.0,-1.4919,-2.0985,-0.018314,0.0028,True
958,2024-05-24 02:00:00+00:00,2024-05-24 04:00:00+00:00,-2.5344,2.5344,0.7029,-0.02302,LONG_SPREAD,1744.69,1024.52,720.17,0.1377,NORMAL,4.0344,0.2534,30.41,-1.7226,TIMESTOP,2.0,0.0,0.006783,0.003,0.003783,6.6,-1.7226,-2.8774,-0.02302,0.002721,True
959,2024-05-24 05:00:00+00:00,2024-05-24 07:00:00+00:00,-2.3235,2.3235,0.6946,-0.021629,LONG_SPREAD,799.76,471.94,327.82,0.1377,NORMAL,3.8235,0.2324,27.88,-0.1254,TIMESTOP,2.0,14.3,0.019381,0.003,0.016381,27.4,-0.1254,-2.3235,-0.021629,0.002682,True
960,2024-05-24 09:00:00+00:00,2024-05-24 11:00:00+00:00,-2.5828,2.5828,0.6893,-0.023903,LONG_SPREAD,889.01,526.27,362.74,0.1377,NORMAL,4.0828,0.2583,30.99,-0.036,TIMESTOP,2.0,18.67,0.022502,0.003,0.019502,36.01,-0.036,-2.5828,-0.023903,0.002668,True
961,2024-05-24 14:00:00+00:00,2024-05-24 16:00:00+00:00,2.3338,-2.3338,0.6897,0.019284,SHORT_SPREAD,803.31,475.41,327.9,0.1377,NORMAL,3.8338,-0.2334,28.01,0.7319,TIMESTOP,2.0,10.19,0.014179,0.003,0.011179,19.17,0.7319,2.3338,0.019284,0.002651,True
962,2024-05-26 14:00:00+00:00,2024-05-26 16:00:00+00:00,2.1608,-2.1608,0.6975,0.018735,SHORT_SPREAD,1487.49,876.28,611.2,0.1377,NORMAL,3.6608,-0.2161,25.93,1.1069,TIMESTOP,2.0,0.0,0.009432,0.003,0.006432,9.57,1.1069,2.3247,0.018735,0.002691,True
963,2024-05-27 17:00:00+00:00,2024-05-27 19:00:00+00:00,-2.4007,2.4007,0.6906,-0.021869,LONG_SPREAD,1652.66,977.53,675.13,0.1377,NORMAL,3.9007,0.2401,28.81,-2.6572,TIMESTOP,2.0,0.0,-0.002738,0.003,-0.005738,-9.48,-2.4007,-2.9581,-0.021869,0.002622,False
964,2024-05-29 12:00:00+00:00,2024-05-29 14:00:00+00:00,-2.944,2.944,0.6665,-0.028184,LONG_SPREAD,2026.68,1216.14,810.54,0.1377,NORMAL,4.444,0.2944,35.33,-2.5161,TIMESTOP,2.0,0.0,0.003517,0.003,0.000517,1.05,-2.5161,-2.944,-0.028184,0.002571,True
965,2024-06-07 18:00:00+00:00,2024-06-07 20:00:00+00:00,-4.7859,4.7859,0.6681,-0.038531,LONG_SPREAD,3000.0,1798.42,1201.58,0.1377,STRONG,5.0,0.4786,57.43,-1.6097,TIMESTOP,2.0,0.0,0.025304,0.003,0.022304,66.91,-1.6097,-4.7859,-0.038531,0.002861,True
966,2024-06-11 16:00:00+00:00,2024-06-11 18:00:00+00:00,2.7504,-2.7504,0.6648,0.019266,SHORT_SPREAD,1893.4,1137.31,756.09,0.1377,NORMAL,4.2504,-0.275,33.0,2.7493,TIMESTOP,2.0,0.0,-0.000446,0.003,-0.003446,-6.52,2.7493,3.6791,0.019266,0.003121,False
967,2024-06-12 18:00:00+00:00,2024-06-12 20:00:00+00:00,2.2676,-2.2676,0.6733,0.016246,SHORT_SPREAD,1561.02,932.89,628.14,0.1377,NORMAL,3.7676,-0.2268,27.21,1.8993,TIMESTOP,2.0,0.0,0.002598,0.003,-0.000402,-0.63,1.8993,2.2676,0.016246,0.003003,False
968,2024-06-14 15:00:00+00:00,2024-06-14 17:00:00+00:00,-2.3878,2.3878,0.6657,-0.016887,LONG_SPREAD,821.9,493.43,328.47,0.1377,NORMAL,3.8878,0.2388,28.65,-0.6763,TIMESTOP,2.0,8.49,0.011828,0.003,0.008828,15.74,-0.6763,-2.3878,-0.016887,0.003115,True
969,2024-06-18 00:00:00+00:00,2024-06-18 01:00:00+00:00,-2.2782,2.2782,0.6647,-0.014988,LONG_SPREAD,1568.31,942.1,626.21,0.1377,NORMAL,3.7782,0.2278,27.34,-4.0019,STOPLOSS,1.0,0.0,-0.011412,0.003,-0.014412,-22.6,-2.2782,-4.0019,-0.014988,0.003232,False
970,2024-06-18 02:00:00+00:00,2024-06-18 04:00:00+00:00,-2.4294,2.4294,0.6681,-0.016381,LONG_SPREAD,836.2,501.27,334.92,0.1377,NORMAL,3.9294,0.2429,29.15,-0.971,TIMESTOP,2.0,6.77,0.009596,0.003,0.006596,12.29,-0.971,-2.4294,-0.016381,0.003234,True
971,2024-06-18 08:00:00+00:00,2024-06-18 10:00:00+00:00,2.5056,-2.5056,0.6698,0.015957,SHORT_SPREAD,1724.9,1032.98,691.92,0.1377,NORMAL,4.0056,-0.2506,30.07,1.7568,TIMESTOP,2.0,0.0,0.004825,0.003,0.001825,3.15,1.1087,2.5056,0.015957,0.003276,True
972,2024-06-18 17:00:00+00:00,2024-06-18 19:00:00+00:00,-2.3056,2.3056,0.6692,-0.015581,LONG_SPREAD,1587.19,950.87,636.32,0.1377,NORMAL,3.8056,0.2306,27.67,-2.3835,TIMESTOP,2.0,0.0,-0.00071,0.003,-0.00371,-5.89,-2.3056,-2.6206,-0.015581,0.003325,False
973,2024-06-20 13:00:00+00:00,2024-06-20 15:00:00+00:00,-2.8747,2.8747,0.6552,-0.018464,LONG_SPREAD,1978.94,1195.56,783.38,0.1377,NORMAL,4.3747,0.2875,34.5,-2.638,TIMESTOP,2.0,0.0,0.001213,0.003,-0.001787,-3.54,-2.41,-2.8747,-0.018464,0.003166,False
974,2024-06-21 10:00:00+00:00,2024-06-21 12:00:00+00:00,-2.0493,2.0493,0.6497,-0.013765,LONG_SPREAD,705.37,427.59,277.78,0.1377,NORMAL,3.5493,0.2049,24.59,-0.3344,TIMESTOP,2.0,7.48,0.011152,0.003,0.008152,13.23,-0.1887,-2.0493,-0.013765,0.003213,True
975,2024-06-22 06:00:00+00:00,2024-06-22 08:00:00+00:00,2.3782,-2.3782,0.6524,0.015099,SHORT_SPREAD,1637.16,990.79,646.37,0.1377,NORMAL,3.8782,-0.2378,28.54,1.7895,TIMESTOP,2.0,0.0,0.00368,0.003,0.00068,1.11,1.7895,2.3782,0.015099,0.003295,True
976,2024-06-22 09:00:00+00:00,2024-06-22 11:00:00+00:00,3.0708,-3.0708,0.6551,0.019959,SHORT_SPREAD,2113.93,1277.24,836.69,0.1377,STRONG,4.5708,-0.3071,36.85,2.3042,TIMESTOP,2.0,0.0,0.004701,0.003,0.001701,3.6,2.3042,3.5568,0.019959,0.00331,True
977,2024-06-22 12:00:00+00:00,2024-06-22 14:00:00+00:00,2.3987,-2.3987,0.6584,0.016017,SHORT_SPREAD,825.63,497.85,327.78,0.1377,NORMAL,3.8987,-0.2399,28.78,0.1809,TIMESTOP,2.0,11.16,0.015022,0.003,0.012022,21.09,0.1809,2.3987,0.016017,0.003325,True
978,2024-06-25 11:00:00+00:00,2024-06-25 13:00:00+00:00,2.1955,-2.1955,0.6581,0.014699,SHORT_SPREAD,1511.43,911.56,599.87,0.1377,NORMAL,3.6955,-0.2196,26.35,2.072,TIMESTOP,2.0,0.0,0.000646,0.003,-0.002354,-3.56,2.072,2.3233,0.014699,0.003308,False
979,2024-06-26 13:00:00+00:00,2024-06-26 15:00:00+00:00,2.0972,-2.0972,0.6591,0.014043,SHORT_SPREAD,721.87,435.11,286.76,0.1377,NORMAL,3.5972,-0.2097,25.17,-0.2309,TIMESTOP,2.0,10.55,0.016109,0.003,0.013109,20.01,-0.2309,2.0972,0.014043,0.003314,True
980,2024-06-27 10:00:00+00:00,2024-06-27 12:00:00+00:00,2.9072,-2.9072,0.6604,0.019953,SHORT_SPREAD,2001.32,1205.3,796.02,0.1377,NORMAL,4.4072,-0.2907,34.89,1.2613,TIMESTOP,2.0,0.0,0.01153,0.003,0.00853,17.07,1.2613,2.9072,0.019953,0.003373,True
981,2024-06-27 13:00:00+00:00,2024-06-27 15:00:00+00:00,5.0,-5.0,0.6673,0.035846,SHORT_SPREAD,3000.0,1799.27,1200.73,0.1377,STRONG,5.0,-0.5,60.0,4.7755,TIMESTOP,2.0,0.0,-0.000269,0.003,-0.003269,-9.81,4.7755,5.0,0.035846,0.003353,False
982,2024-06-27 16:00:00+00:00,2024-06-27 18:00:00+00:00,2.4565,-2.4565,0.6778,0.018632,SHORT_SPREAD,1691.09,1007.89,683.2,0.1377,NORMAL,3.9565,-0.2457,29.48,1.5996,TIMESTOP,2.0,0.0,0.006425,0.003,0.003425,5.79,1.5996,2.4565,0.018632,0.003335,True
983,2024-07-02 21:00:00+00:00,2024-07-02 23:00:00+00:00,2.4197,-2.4197,0.6873,0.018044,SHORT_SPREAD,832.86,493.59,339.27,0.1377,NORMAL,3.9197,-0.242,29.04,0.9336,TIMESTOP,2.0,7.8,0.010868,0.003,0.007868,14.36,0.9336,2.4197,0.018044,0.003329,True
984,2024-07-03 08:00:00+00:00,2024-07-03 10:00:00+00:00,-2.7698,2.7698,0.6812,-0.020569,LONG_SPREAD,1906.76,1134.18,772.59,0.1377,NORMAL,4.2698,0.277,33.24,-3.2039,TIMESTOP,2.0,0.0,-0.003706,0.003,-0.006706,-12.79,-2.4716,-3.2039,-0.020569,0.003352,False
985,2024-07-03 11:00:00+00:00,2024-07-03 13:00:00+00:00,-2.7833,2.7833,0.6759,-0.021282,LONG_SPREAD,1916.06,1143.27,772.78,0.1377,NORMAL,4.2833,0.2783,33.4,-1.0254,TIMESTOP,2.0,0.0,0.013518,0.003,0.010518,20.15,-1.0254,-2.7833,-0.021282,0.003355,True
986,2024-07-05 02:00:00+00:00,2024-07-05 04:00:00+00:00,-4.4556,4.4556,0.6799,-0.035262,LONG_SPREAD,1500.0,892.89,607.11,0.1377,STRONG,5.0,0.4456,53.47,-0.7725,TIMESTOP,2.0,41.85,0.029401,0.003,0.026401,81.45,-0.7725,-4.4556,-0.035262,0.00352,True
987,2024-07-05 06:00:00+00:00,2024-07-05 08:00:00+00:00,2.4754,-2.4754,0.6827,0.019798,SHORT_SPREAD,1704.1,1012.69,691.41,0.1377,NORMAL,3.9754,-0.2475,29.71,1.9049,TIMESTOP,2.0,0.0,0.004246,0.003,0.001246,2.12,1.9049,3.866,0.019798,0.003528,True
988,2024-07-05 10:00:00+00:00,2024-07-05 12:00:00+00:00,2.7085,-2.7085,0.6861,0.022383,SHORT_SPREAD,1864.58,1105.87,758.7,0.1377,NORMAL,4.2085,-0.2709,32.5,1.8041,TIMESTOP,2.0,0.0,0.007236,0.003,0.004236,7.9,1.8041,2.8487,0.022383,0.003545,True
989,2024-07-05 14:00:00+00:00,2024-07-05 15:00:00+00:00,2.3032,-2.3032,0.6969,0.019479,SHORT_SPREAD,1585.53,934.34,651.19,0.1377,NORMAL,3.8032,-0.2303,27.64,3.9052,STOPLOSS,1.0,0.0,-0.013737,0.003,-0.016737,-26.54,2.3032,3.9052,0.019479,0.00345,False
990,2024-07-06 10:00:00+00:00,2024-07-06 12:00:00+00:00,2.0813,-2.0813,0.7101,0.01849,SHORT_SPREAD,1432.81,837.87,594.94,0.1377,NORMAL,3.5813,-0.2081,24.98,1.5784,TIMESTOP,2.0,0.0,0.004172,0.003,0.001172,1.68,1.5784,2.5059,0.01849,0.003346,True
991,2024-07-06 16:00:00+00:00,2024-07-06 18:00:00+00:00,2.0541,-2.0541,0.718,0.018626,SHORT_SPREAD,1414.03,823.08,590.95,0.1377,NORMAL,3.5541,-0.2054,24.65,1.7838,TIMESTOP,2.0,0.0,0.002161,0.003,-0.000839,-1.19,1.7838,2.3745,0.018626,0.0033,False
992,2024-07-07 05:00:00+00:00,2024-07-07 07:00:00+00:00,2.1098,-2.1098,0.7263,0.019504,SHORT_SPREAD,726.2,420.68,305.52,0.1377,NORMAL,3.6098,-0.211,25.32,0.6423,TIMESTOP,2.0,8.42,0.013089,0.003,0.010089,15.74,0.6423,2.1098,0.019504,0.003233,True
993,2024-07-09 06:00:00+00:00,2024-07-09 08:00:00+00:00,2.3193,-2.3193,0.7078,0.021445,SHORT_SPREAD,1596.61,934.87,661.74,0.1377,NORMAL,3.8193,-0.2319,27.83,1.6594,TIMESTOP,2.0,0.0,0.005875,0.003,0.002875,4.59,1.6594,2.4441,0.021445,0.003147,True
994,2024-07-09 15:00:00+00:00,2024-07-09 17:00:00+00:00,2.2298,-2.2298,0.7137,0.020913,SHORT_SPREAD,767.49,447.86,319.63,0.1377,NORMAL,3.7298,-0.223,26.76,0.3244,TIMESTOP,2.0,9.31,0.017452,0.003,0.014452,20.4,0.3244,2.2298,0.020913,0.003161,True
995,2024-07-15 09:00:00+00:00,2024-07-15 11:00:00+00:00,-2.4479,2.4479,0.7208,-0.02049,LONG_SPREAD,1685.13,979.28,705.85,0.1377,NORMAL,3.9479,0.2448,29.37,-1.728,TIMESTOP,2.0,0.0,0.006146,0.003,0.003146,5.3,-1.728,-2.4479,-0.02049,0.003137,True
996,2024-07-25 08:00:00+00:00,2024-07-25 10:00:00+00:00,2.0567,-2.0567,0.6947,0.015499,SHORT_SPREAD,707.93,417.73,290.2,0.1377,NORMAL,3.5567,-0.2057,24.68,0.7468,TIMESTOP,2.0,6.01,0.009992,0.003,0.006992,10.96,0.7468,2.0567,0.015499,0.003349,True
997,2024-08-03 17:00:00+00:00,2024-08-03 19:00:00+00:00,-3.5327,3.5327,0.6784,-0.019274,LONG_SPREAD,2431.93,1448.98,982.95,0.1377,STRONG,5.0,0.3533,42.39,-1.2183,TIMESTOP,2.0,0.0,0.011842,0.003,0.008842,21.5,-1.2183,-3.5327,-0.019274,0.003639,True
998,2024-08-04 00:00:00+00:00,2024-08-04 02:00:00+00:00,2.1647,-2.1647,0.6813,0.010043,SHORT_SPREAD,1490.23,886.38,603.85,0.1377,NORMAL,3.6647,-0.2165,25.98,1.0175,TIMESTOP,2.0,0.0,0.005926,0.003,0.002926,4.36,1.0175,2.1647,0.010043,0.00366,True
999,2024-08-04 11:00:00+00:00,2024-08-04 13:00:00+00:00,-2.5852,2.5852,0.6795,-0.014721,LONG_SPREAD,1779.65,1059.66,719.99,0.1377,NORMAL,4.0852,0.2585,31.02,-1.4485,TIMESTOP,2.0,0.0,0.005874,0.003,0.002874,5.11,-1.4485,-2.5852,-0.014721,0.003685,True
1000,2024-08-05 00:00:00+00:00,2024-08-05 01:00:00+00:00,-2.3121,2.3121,0.6822,-0.01373,LONG_SPREAD,1591.66,946.18,645.49,0.1377,NORMAL,3.8121,0.2312,27.75,-5.0,STOPLOSS,1.0,0.0,-0.034382,0.003,-0.037382,-59.5,-2.3121,-5.0,-0.01373,0.00375,False
1001,2024-08-05 02:00:00+00:00,2024-08-05 04:00:00+00:00,-4.4679,4.4679,0.6996,-0.027731,LONG_SPREAD,3000.0,1765.11,1234.89,0.1377,STRONG,5.0,0.4468,53.61,-4.3431,TIMESTOP,2.0,0.0,-0.000387,0.003,-0.003387,-10.16,-4.3431,-5.0,-0.027731,0.00364,False
1002,2024-08-05 11:00:00+00:00,2024-08-05 13:00:00+00:00,3.2028,-3.2028,0.712,0.018219,SHORT_SPREAD,2204.8,1287.84,916.96,0.1377,STRONG,4.7028,-0.3203,38.43,2.8586,TIMESTOP,2.0,0.0,0.001868,0.003,-0.001132,-2.5,2.1692,3.2028,0.018219,0.003469,False
1003,2024-08-05 14:00:00+00:00,2024-08-05 16:00:00+00:00,2.8085,-2.8085,0.7165,0.016211,SHORT_SPREAD,966.71,563.17,403.54,0.1377,NORMAL,4.3085,-0.2809,33.7,-0.1297,TIMESTOP,2.0,16.38,0.01844,0.003,0.01544,31.3,-0.1297,2.8085,0.016211,0.003395,True
1004,2024-08-06 16:00:00+00:00,2024-08-06 17:00:00+00:00,2.2707,-2.2707,0.7205,0.012989,SHORT_SPREAD,1563.14,908.55,654.58,0.1377,NORMAL,3.7707,-0.2271,27.25,3.86,STOPLOSS,1.0,0.0,-0.010226,0.003,-0.013226,-20.67,2.2707,3.86,0.012989,0.002951,False
1005,2024-08-06 18:00:00+00:00,2024-08-06 20:00:00+00:00,3.7888,-3.7888,0.7247,0.023217,SHORT_SPREAD,2608.26,1512.29,1095.97,0.1377,STRONG,5.0,-0.3789,45.47,2.1855,TIMESTOP,2.0,0.0,0.009987,0.003,0.006987,18.22,2.1855,3.7888,0.023217,0.002949,True
1006,2024-08-07 12:00:00+00:00,2024-08-07 14:00:00+00:00,3.3915,-3.3915,0.7289,0.021409,SHORT_SPREAD,2334.7,1350.4,984.3,0.1377,STRONG,4.8915,-0.3391,40.7,2.4455,TIMESTOP,2.0,0.0,0.006064,0.003,0.003064,7.15,2.1338,3.3915,0.021409,0.002949,True
1007,2024-08-07 16:00:00+00:00,2024-08-07 18:00:00+00:00,3.7608,-3.7608,0.7293,0.024615,SHORT_SPREAD,2588.97,1497.16,1091.81,0.1377,STRONG,5.0,-0.3761,45.13,2.2467,TIMESTOP,2.0,0.0,0.009923,0.003,0.006923,17.92,2.2467,3.7608,0.024615,0.002987,True
1008,2024-08-07 19:00:00+00:00,2024-08-07 21:00:00+00:00,3.8352,-3.8352,0.7302,0.026112,SHORT_SPREAD,2640.15,1525.94,1114.21,0.1377,STRONG,5.0,-0.3835,46.02,2.0362,TIMESTOP,2.0,0.0,0.012389,0.003,0.009389,24.79,2.0362,3.8352,0.026112,0.003016,True
1009,2024-08-07 23:00:00+00:00,2024-08-08 01:00:00+00:00,2.843,-2.843,0.7327,0.019782,SHORT_SPREAD,978.57,564.75,413.82,0.1377,NORMAL,4.343,-0.2843,34.12,1.7022,TIMESTOP,2.0,14.48,0.008173,0.003,0.005173,19.54,0.5846,2.843,0.019782,0.003046,True
1010,2024-08-08 02:00:00+00:00,2024-08-08 04:00:00+00:00,2.3644,-2.3644,0.7373,0.016505,SHORT_SPREAD,813.83,468.45,345.39,0.1377,NORMAL,3.8644,-0.2364,28.37,0.5451,TIMESTOP,2.0,7.48,0.013192,0.003,0.010192,15.78,0.5451,2.3644,0.016505,0.003012,True
1011,2024-08-08 11:00:00+00:00,2024-08-08 13:00:00+00:00,-3.023,3.023,0.7338,-0.022394,LONG_SPREAD,1040.53,600.14,440.38,0.1377,STRONG,4.523,0.3023,36.28,-0.011,TIMESTOP,2.0,21.37,0.022037,0.003,0.019037,41.18,-0.011,-3.023,-0.022394,0.002963,True
1012,2024-08-18 22:00:00+00:00,2024-08-19 00:00:00+00:00,2.3287,-2.3287,0.7053,0.016378,SHORT_SPREAD,801.54,470.04,331.5,0.1377,NORMAL,3.8287,-0.2329,27.94,-0.8562,TIMESTOP,2.0,13.33,0.02354,0.003,0.02054,29.8,-0.8562,2.3287,0.016378,0.003076,True
1013,2024-08-19 12:00:00+00:00,2024-08-19 14:00:00+00:00,2.2475,-2.2475,0.7073,0.016009,SHORT_SPREAD,1547.16,906.19,640.97,0.1377,NORMAL,3.7475,-0.2247,26.97,1.7956,TIMESTOP,2.0,0.0,0.00317,0.003,0.00017,0.26,1.7956,2.2475,0.016009,0.003139,True
1014,2024-08-21 20:00:00+00:00,2024-08-21 22:00:00+00:00,-2.7695,2.7695,0.7005,-0.020908,LONG_SPREAD,1906.51,1121.16,785.35,0.1377,NORMAL,4.2695,0.2769,33.23,-2.1174,TIMESTOP,2.0,0.0,0.004615,0.003,0.001615,3.08,-2.1174,-2.7695,-0.020908,0.002974,True
1015,2024-08-22 02:00:00+00:00,2024-08-22 04:00:00+00:00,-2.184,2.184,0.6887,-0.017066,LONG_SPREAD,751.75,445.18,306.58,0.1377,NORMAL,3.684,0.2184,26.21,-0.2153,TIMESTOP,2.0,10.2,0.015065,0.003,0.012065,19.27,-0.2153,-2.184,-0.017066,0.002892,True
1016,2024-08-25 07:00:00+00:00,2024-08-25 09:00:00+00:00,-2.3587,2.3587,0.6857,-0.018447,LONG_SPREAD,1623.76,963.25,660.51,0.1377,NORMAL,3.8587,0.2359,28.3,-1.0783,TIMESTOP,2.0,0.0,0.009708,0.003,0.006708,10.89,-1.0783,-2.3587,-0.018447,0.002793,True
1017,2024-08-26 06:00:00+00:00,2024-08-26 08:00:00+00:00,-2.9529,2.9529,0.6799,-0.020477,LONG_SPREAD,2032.8,1210.07,822.73,0.1377,NORMAL,4.4529,0.2953,35.43,-3.6913,TIMESTOP,2.0,0.0,-0.005861,0.003,-0.008861,-18.01,-2.9529,-3.9311,-0.020477,0.002815,False
1018,2024-08-26 09:00:00+00:00,2024-08-26 11:00:00+00:00,-2.753,2.753,0.6704,-0.019862,LONG_SPREAD,947.58,567.27,380.3,0.1377,NORMAL,4.253,0.2753,33.04,-0.8561,TIMESTOP,2.0,11.89,0.013497,0.003,0.010497,21.83,-0.7812,-2.753,-0.019862,0.002778,True
1019,2024-08-27 21:00:00+00:00,2024-08-27 23:00:00+00:00,-2.3422,2.3422,0.6696,-0.016515,LONG_SPREAD,806.19,482.87,323.31,0.1377,NORMAL,3.8422,0.2342,28.11,-0.751,TIMESTOP,2.0,6.49,0.010707,0.003,0.007707,12.71,-0.751,-2.3422,-0.016515,0.002946,True
1020,2024-08-28 12:00:00+00:00,2024-08-28 14:00:00+00:00,-2.2972,2.2972,0.6617,-0.016443,LONG_SPREAD,790.7,475.85,314.85,0.1377,NORMAL,3.7972,0.2297,27.57,-1.0865,TIMESTOP,2.0,6.4,0.008137,0.003,0.005137,10.47,-0.8717,-2.2972,-0.016443,0.002948,True
1021,2024-08-28 16:00:00+00:00,2024-08-28 18:00:00+00:00,-2.033,2.033,0.6587,-0.014577,LONG_SPREAD,699.76,421.87,277.9,0.1377,NORMAL,3.533,0.2033,24.4,-0.1852,TIMESTOP,2.0,7.43,0.012111,0.003,0.009111,13.8,-0.1852,-2.5572,-0.014577,0.002957,True
1022,2024-08-29 15:00:00+00:00,2024-08-29 17:00:00+00:00,2.0637,-2.0637,0.6614,0.010941,SHORT_SPREAD,710.32,427.53,282.79,0.1377,NORMAL,3.5637,-0.2064,24.76,0.4593,TIMESTOP,2.0,5.23,0.009604,0.003,0.006604,9.92,0.4593,2.0637,0.010941,0.002996,True
1023,2024-09-03 03:00:00+00:00,2024-09-03 05:00:00+00:00,2.4598,-2.4598,0.6675,0.013524,SHORT_SPREAD,1693.31,1015.46,677.85,0.1377,NORMAL,3.9598,-0.246,29.52,1.68,TIMESTOP,2.0,0.0,0.004474,0.003,0.001474,2.5,1.6201,2.4598,0.013524,0.003172,True
1024,2024-09-03 19:00:00+00:00,2024-09-03 21:00:00+00:00,-3.0271,3.0271,0.668,-0.018781,LONG_SPREAD,1041.93,624.66,417.27,0.1377,STRONG,4.5271,0.3027,36.32,-0.1382,TIMESTOP,2.0,14.73,0.017352,0.003,0.014352,29.68,-0.1382,-3.0271,-0.018781,0.003246,True
1025,2024-09-04 01:00:00+00:00,2024-09-04 03:00:00+00:00,-3.1088,3.1088,0.6654,-0.019546,LONG_SPREAD,1070.05,642.53,427.53,0.1377,STRONG,4.6088,0.3109,37.31,0.072,TIMESTOP,2.0,19.08,0.019333,0.003,0.016333,36.56,0.072,-3.1088,-0.019546,0.003273,True
1026,2024-09-04 14:00:00+00:00,2024-09-04 16:00:00+00:00,2.3688,-2.3688,0.6673,0.013686,SHORT_SPREAD,1630.7,978.05,652.65,0.1377,NORMAL,3.8688,-0.2369,28.43,1.8632,TIMESTOP,2.0,0.0,0.002961,0.003,-3.9e-05,-0.06,1.8632,2.3688,0.013686,0.003311,False
1027,2024-09-06 15:00:00+00:00,2024-09-06 17:00:00+00:00,2.0012,-2.0012,0.6731,0.011832,SHORT_SPREAD,688.81,411.69,277.12,0.1377,NORMAL,3.5012,-0.2001,24.01,1.1494,TIMESTOP,2.0,4.4,0.005213,0.003,0.002213,5.92,0.7193,2.0012,0.011832,0.003434,True
1028,2024-09-09 15:00:00+00:00,2024-09-09 17:00:00+00:00,2.042,-2.042,0.6698,0.011408,SHORT_SPREAD,1405.71,841.86,563.85,0.1377,NORMAL,3.542,-0.2042,24.5,2.6296,TIMESTOP,2.0,0.0,-0.003697,0.003,-0.006697,-9.41,1.5424,2.6296,0.011408,0.003306,False
1029,2024-09-09 18:00:00+00:00,2024-09-09 20:00:00+00:00,2.9153,-2.9153,0.6737,0.01701,SHORT_SPREAD,2006.94,1199.13,807.8,0.1377,NORMAL,4.4153,-0.2915,34.98,1.3079,TIMESTOP,2.0,0.0,0.009751,0.003,0.006751,13.55,1.3079,2.9153,0.01701,0.003298,True
1030,2024-09-09 22:00:00+00:00,2024-09-10 00:00:00+00:00,2.018,-2.018,0.6773,0.011751,SHORT_SPREAD,694.62,414.14,280.48,0.1377,NORMAL,3.518,-0.2018,24.22,0.5666,TIMESTOP,2.0,5.13,0.008944,0.003,0.005944,9.26,0.5666,2.018,0.011751,0.003289,True
1031,2024-09-13 12:00:00+00:00,2024-09-13 14:00:00+00:00,-2.9498,2.9498,0.6705,-0.017752,LONG_SPREAD,1015.34,607.8,407.54,0.1377,NORMAL,4.4498,0.295,35.4,-0.5201,TIMESTOP,2.0,10.71,0.014329,0.003,0.011329,22.21,-0.5201,-2.9498,-0.017752,0.003307,True
1032,2024-09-15 02:00:00+00:00,2024-09-15 04:00:00+00:00,2.2385,-2.2385,0.6727,0.012733,SHORT_SPREAD,1540.99,921.26,619.73,0.1377,NORMAL,3.7385,-0.2238,26.86,1.0903,TIMESTOP,2.0,0.0,0.006708,0.003,0.003708,5.71,1.0903,2.2385,0.012733,0.003238,True
1033,2024-09-15 09:00:00+00:00,2024-09-15 11:00:00+00:00,2.4822,-2.4822,0.6773,0.014358,SHORT_SPREAD,854.4,509.38,345.02,0.1377,NORMAL,3.9822,-0.2482,29.79,0.3337,TIMESTOP,2.0,9.49,0.01261,0.003,0.00961,17.7,0.3337,2.4822,0.014358,0.003259,True
1034,2024-09-16 02:00:00+00:00,2024-09-16 04:00:00+00:00,-2.2994,2.2994,0.6787,-0.013744,LONG_SPREAD,791.46,471.46,320.0,0.1377,NORMAL,3.7994,0.2299,27.59,-0.7683,TIMESTOP,2.0,5.97,0.009037,0.003,0.006037,10.74,-0.7683,-2.2994,-0.013744,0.003352,True
1035,2024-09-16 14:00:00+00:00,2024-09-16 16:00:00+00:00,-2.2013,2.2013,0.6768,-0.0121,LONG_SPREAD,1515.4,903.76,611.64,0.1377,NORMAL,3.7013,0.2201,26.42,-1.0599,TIMESTOP,2.0,0.0,0.006298,0.003,0.003298,5.0,-1.0599,-2.2013,-0.0121,0.003401,True
1036,2024-09-16 22:00:00+00:00,2024-09-17 00:00:00+00:00,-2.1497,2.1497,0.6732,-0.011827,LONG_SPREAD,739.92,442.22,297.7,0.1377,NORMAL,3.6497,0.215,25.8,-1.864,TIMESTOP,2.0,5.13,0.001505,0.003,-0.001495,4.02,-0.6219,-2.1497,-0.011827,0.003437,False
1037,2024-09-19 08:00:00+00:00,2024-09-19 10:00:00+00:00,-2.5603,2.5603,0.6645,-0.013697,LONG_SPREAD,1762.53,1058.91,703.62,0.1377,NORMAL,4.0603,0.256,30.72,-1.4107,TIMESTOP,2.0,0.0,0.00605,0.003,0.00305,5.37,-1.4107,-2.5603,-0.013697,0.003336,True
1038,2024-09-19 15:00:00+00:00,2024-09-19 17:00:00+00:00,2.3532,-2.3532,0.6628,0.012437,SHORT_SPREAD,1619.97,974.25,645.72,0.1377,NORMAL,3.8532,-0.2353,28.24,2.4916,TIMESTOP,2.0,0.0,-0.000987,0.003,-0.003987,-6.46,2.3532,2.9249,0.012437,0.00331,False
1039,2024-09-21 00:00:00+00:00,2024-09-21 02:00:00+00:00,2.1421,-2.1421,0.6663,0.011792,SHORT_SPREAD,1474.67,884.97,589.7,0.1377,NORMAL,3.6421,-0.2142,25.71,1.4009,TIMESTOP,2.0,0.0,0.004067,0.003,0.001067,1.57,1.4009,2.1421,0.011792,0.003275,True
1040,2024-09-21 14:00:00+00:00,2024-09-21 16:00:00+00:00,2.598,-2.598,0.6707,0.014652,SHORT_SPREAD,1788.47,1070.47,718.0,0.1377,NORMAL,4.098,-0.2598,31.18,2.8478,TIMESTOP,2.0,0.0,-0.001702,0.003,-0.004702,-8.41,2.5269,2.8478,0.014652,0.003301,False
1041,2024-09-24 03:00:00+00:00,2024-09-24 05:00:00+00:00,2.8671,-2.8671,0.6768,0.016811,SHORT_SPREAD,1973.71,1177.06,796.65,0.1377,NORMAL,4.3671,-0.2867,34.4,1.4669,TIMESTOP,2.0,0.0,0.008185,0.003,0.005185,10.23,1.4517,2.8671,0.016811,0.003371,True
1042,2024-09-24 08:00:00+00:00,2024-09-24 10:00:00+00:00,2.029,-2.029,0.6803,0.011941,SHORT_SPREAD,1396.8,831.29,565.51,0.1377,NORMAL,3.529,-0.2029,24.35,1.1281,TIMESTOP,2.0,0.0,0.00525,0.003,0.00225,3.14,1.1281,2.029,0.011941,0.003359,True
1043,2024-09-24 15:00:00+00:00,2024-09-24 17:00:00+00:00,-2.1408,2.1408,0.6811,-0.012383,LONG_SPREAD,1473.71,876.65,597.06,0.1377,NORMAL,3.6408,0.2141,25.69,-1.2252,TIMESTOP,2.0,0.0,0.005341,0.003,0.002341,3.45,-1.1188,-2.1408,-0.012383,0.003348,True
1044,2024-09-25 18:00:00+00:00,2024-09-25 20:00:00+00:00,2.5305,-2.5305,0.6755,0.014618,SHORT_SPREAD,1742.02,1039.69,702.33,0.1377,NORMAL,4.0305,-0.2531,30.37,1.0236,TIMESTOP,2.0,0.0,0.008625,0.003,0.005625,9.8,1.0236,2.5305,0.014618,0.003184,True
1045,2024-09-26 05:00:00+00:00,2024-09-26 07:00:00+00:00,3.5534,-3.5534,0.6781,0.020829,SHORT_SPREAD,2446.18,1457.71,988.48,0.1377,STRONG,5.0,-0.3553,42.64,2.1621,TIMESTOP,2.0,0.0,0.00791,0.003,0.00491,12.01,2.1621,3.5534,0.020829,0.003233,True
1046,2024-09-26 19:00:00+00:00,2024-09-26 21:00:00+00:00,-2.2127,2.2127,0.6776,-0.012778,LONG_SPREAD,761.63,454.0,307.63,0.1377,NORMAL,3.7127,0.2213,26.55,-0.6831,TIMESTOP,2.0,5.72,0.009004,0.003,0.006004,10.29,-0.6831,-2.2127,-0.012778,0.003153,True
1047,2024-09-27 01:00:00+00:00,2024-09-27 03:00:00+00:00,2.5395,-2.5395,0.6792,0.015341,SHORT_SPREAD,1748.22,1041.08,707.14,0.1377,NORMAL,4.0395,-0.254,30.47,2.0275,TIMESTOP,2.0,0.0,0.002857,0.003,-0.000143,-0.25,2.0275,2.756,0.015341,0.003156,False
1048,2024-09-30 14:00:00+00:00,2024-09-30 16:00:00+00:00,-2.2251,2.2251,0.6718,-0.01344,LONG_SPREAD,765.88,458.12,307.76,0.1377,NORMAL,3.7251,0.2225,26.7,-0.944,TIMESTOP,2.0,4.76,0.007713,0.003,0.004713,8.37,-0.944,-2.2251,-0.01344,0.003305,True
1049,2024-09-30 23:00:00+00:00,2024-10-01 01:00:00+00:00,-2.2469,2.2469,0.6681,-0.013653,LONG_SPREAD,773.38,463.63,309.75,0.1377,NORMAL,3.7469,0.2247,26.96,-0.1346,TIMESTOP,2.0,8.59,0.012612,0.003,0.009612,16.03,-0.1346,-2.2469,-0.013653,0.003345,True
1050,2024-10-09 20:00:00+00:00,2024-10-09 22:00:00+00:00,-2.3985,2.3985,0.6621,-0.013539,LONG_SPREAD,825.57,496.71,328.86,0.1377,NORMAL,3.8985,0.2398,28.78,-0.3921,TIMESTOP,2.0,7.28,0.011314,0.003,0.008314,14.14,-0.3921,-2.3985,-0.013539,0.003671,True
1051,2024-10-15 10:00:00+00:00,2024-10-15 12:00:00+00:00,2.3922,-2.3922,0.6777,0.011729,SHORT_SPREAD,823.39,490.8,332.59,0.1377,NORMAL,3.8922,-0.2392,28.71,0.607,TIMESTOP,2.0,6.15,0.008973,0.003,0.005973,11.07,-1.3776,2.3922,0.011729,0.003567,True
1052,2024-10-18 16:00:00+00:00,2024-10-18 18:00:00+00:00,2.1493,-2.1493,0.6635,0.00888,SHORT_SPREAD,1479.62,889.44,590.18,0.1377,NORMAL,3.6493,-0.2149,25.79,1.25,TIMESTOP,2.0,0.0,0.003905,0.003,0.000905,1.34,1.25,2.2728,0.00888,0.003625,True
1053,2024-10-19 00:00:00+00:00,2024-10-19 02:00:00+00:00,2.6029,-2.6029,0.6666,0.011076,SHORT_SPREAD,1791.86,1075.13,716.73,0.1377,NORMAL,4.1029,-0.2603,31.24,5.0,STOPLOSS,2.0,0.0,-0.014968,0.003,-0.017968,-32.2,2.6029,5.0,0.011076,0.003627,False
1054,2024-10-19 03:00:00+00:00,2024-10-19 05:00:00+00:00,2.5444,-2.5444,0.6715,0.011534,SHORT_SPREAD,1751.6,1047.9,703.71,0.1377,NORMAL,4.0444,-0.2544,30.53,2.2672,TIMESTOP,2.0,0.0,0.001166,0.003,-0.001834,-3.21,1.9846,2.5444,0.011534,0.003624,False
1055,2024-10-20 10:00:00+00:00,2024-10-20 12:00:00+00:00,-2.0475,2.0475,0.6758,-0.009597,LONG_SPREAD,1409.48,841.08,568.4,0.1377,NORMAL,3.5475,0.2047,24.57,-1.0002,TIMESTOP,2.0,0.0,0.004833,0.003,0.001833,2.58,-1.0002,-2.3278,-0.009597,0.003672,True
1056,2024-10-21 13:00:00+00:00,2024-10-21 15:00:00+00:00,-2.9215,2.9215,0.6754,-0.013863,LONG_SPREAD,2011.15,1200.42,810.73,0.1377,NORMAL,4.4215,0.2921,35.06,-2.4746,TIMESTOP,2.0,0.0,0.002161,0.003,-0.000839,-1.69,-1.6701,-2.9215,-0.013863,0.0036,False
1057,2024-10-21 16:00:00+00:00,2024-10-21 18:00:00+00:00,-2.6577,2.6577,0.6733,-0.012644,LONG_SPREAD,1829.56,1093.38,736.19,0.1377,NORMAL,4.1577,0.2658,31.89,-2.0526,TIMESTOP,2.0,0.0,0.002741,0.003,-0.000259,-0.47,-2.0526,-2.6577,-0.012644,0.003614,False
1058,2024-10-22 07:00:00+00:00,2024-10-22 09:00:00+00:00,-3.1784,3.1784,0.6661,-0.01518,LONG_SPREAD,2188.03,1313.25,874.78,0.1377,STRONG,4.6784,0.3178,38.14,-3.6303,TIMESTOP,2.0,0.0,-0.002615,0.003,-0.005615,-12.29,-3.1784,-3.6303,-0.01518,0.003574,False
1059,2024-10-22 10:00:00+00:00,2024-10-22 12:00:00+00:00,-3.1889,3.1889,0.6609,-0.015848,LONG_SPREAD,2195.29,1321.76,873.53,0.1377,STRONG,4.6889,0.3189,38.27,-2.982,TIMESTOP,2.0,0.0,0.000751,0.003,-0.002249,-4.94,-2.6379,-3.1889,-0.015848,0.00356,False
1060,2024-10-22 13:00:00+00:00,2024-10-22 15:00:00+00:00,-2.9284,2.9284,0.6563,-0.014944,LONG_SPREAD,1007.97,608.55,399.42,0.1377,NORMAL,4.4284,0.2928,35.14,-1.0343,TIMESTOP,2.0,11.43,0.009559,0.003,0.006559,18.04,-0.3817,-2.9284,-0.014944,0.003546,True
1061,2024-10-25 00:00:00+00:00,2024-10-25 02:00:00+00:00,-2.7901,2.7901,0.6521,-0.013912,LONG_SPREAD,1920.71,1162.57,758.14,0.1377,NORMAL,4.2901,0.279,33.48,-5.0,STOPLOSS,2.0,0.0,-0.01541,0.003,-0.01841,-35.36,-2.7901,-5.0,-0.013912,0.003674,False
1062,2024-10-25 03:00:00+00:00,2024-10-25 05:00:00+00:00,-3.2355,3.2355,0.642,-0.017163,LONG_SPREAD,1113.66,678.25,435.41,0.1377,STRONG,4.7355,0.3235,38.83,-0.6768,TIMESTOP,2.0,13.12,0.013283,0.003,0.010283,24.57,-0.6768,-3.2355,-0.017163,0.003617,True
1063,2024-10-25 06:00:00+00:00,2024-10-25 08:00:00+00:00,-2.5769,2.5769,0.6392,-0.01396,LONG_SPREAD,886.98,541.11,345.87,0.1377,NORMAL,4.0769,0.2577,30.92,-0.0486,TIMESTOP,2.0,7.66,0.013369,0.003,0.010369,16.86,-0.0486,-2.5769,-0.01396,0.003621,True
1064,2024-10-26 07:00:00+00:00,2024-10-26 09:00:00+00:00,2.0739,-2.0739,0.6377,0.010445,SHORT_SPREAD,1427.66,871.77,555.89,0.1377,NORMAL,3.5739,-0.2074,24.89,1.0887,TIMESTOP,2.0,0.0,0.005101,0.003,0.002101,3.0,1.0887,2.0739,0.010445,0.003703,True
1065,2024-10-27 18:00:00+00:00,2024-10-27 20:00:00+00:00,2.1246,-2.1246,0.6444,0.010954,SHORT_SPREAD,1462.56,889.43,573.14,0.1377,NORMAL,3.6246,-0.2125,25.49,1.8268,TIMESTOP,2.0,0.0,0.001456,0.003,-0.001544,-2.26,1.8268,2.1246,0.010954,0.003787,False
1066,2024-10-28 15:00:00+00:00,2024-10-28 17:00:00+00:00,-4.3617,4.3617,0.6507,-0.023389,LONG_SPREAD,3000.0,1817.37,1182.63,0.1377,STRONG,5.0,0.4362,52.34,-1.5741,TIMESTOP,2.0,0.0,0.014944,0.003,0.011944,35.83,-1.5741,-4.3617,-0.023389,0.003804,True
1067,2024-10-29 07:00:00+00:00,2024-10-29 09:00:00+00:00,-2.0211,2.0211,0.6433,-0.011294,LONG_SPREAD,695.67,423.34,272.32,0.1377,NORMAL,3.5211,0.2021,24.25,-0.7045,TIMESTOP,2.0,4.0,0.00725,0.003,0.00425,6.96,-0.7045,-2.0211,-0.011294,0.003688,True
1068,2024-10-30 12:00:00+00:00,2024-10-30 14:00:00+00:00,-2.4796,2.4796,0.6295,-0.014697,LONG_SPREAD,1706.99,1047.57,659.42,0.1377,NORMAL,3.9796,0.248,29.76,-1.4594,TIMESTOP,2.0,0.0,0.005795,0.003,0.002795,4.77,-1.4594,-2.4796,-0.014697,0.003577,True
1069,2024-10-31 12:00:00+00:00,2024-10-31 14:00:00+00:00,-2.3176,2.3176,0.621,-0.014054,LONG_SPREAD,797.72,492.11,305.61,0.1377,NORMAL,3.8176,0.2318,27.81,-0.3838,TIMESTOP,2.0,7.76,0.011225,0.003,0.008225,14.32,-0.3838,-2.3176,-0.014054,0.003558,True
1070,2024-11-03 02:00:00+00:00,2024-11-03 04:00:00+00:00,-2.4474,2.4474,0.6206,-0.015253,LONG_SPREAD,842.39,519.79,322.6,0.1377,NORMAL,3.9474,0.2447,29.37,-0.045,TIMESTOP,2.0,10.79,0.014305,0.003,0.011305,20.31,-0.045,-2.4474,-0.015253,0.00379,True
1071,2024-11-04 15:00:00+00:00,2024-11-04 17:00:00+00:00,2.4036,-2.4036,0.6253,0.013765,SHORT_SPREAD,1654.62,1018.04,636.58,0.1377,NORMAL,3.9036,-0.2404,28.84,1.6113,TIMESTOP,2.0,0.0,0.004741,0.003,0.001741,2.88,1.373,2.4036,0.013765,0.003943,True
1072,2024-11-08 06:00:00+00:00,2024-11-08 08:00:00+00:00,3.4261,-3.4261,0.6167,0.020281,SHORT_SPREAD,1179.26,729.41,449.85,0.1377,STRONG,4.9261,-0.3426,41.11,0.88,TIMESTOP,2.0,16.6,0.015574,0.003,0.012574,31.43,0.88,4.2073,0.020281,0.003342,True
1073,2024-11-09 08:00:00+00:00,2024-11-09 10:00:00+00:00,2.1405,-2.1405,0.6139,0.012085,SHORT_SPREAD,736.77,456.5,280.27,0.1377,NORMAL,3.6405,-0.2141,25.69,0.3222,TIMESTOP,2.0,7.09,0.011122,0.003,0.008122,13.07,0.3222,2.1405,0.012085,0.0032,True
1074,2024-11-09 20:00:00+00:00,2024-11-09 21:00:00+00:00,2.71,-2.71,0.6181,0.015644,SHORT_SPREAD,1865.57,1152.94,712.63,0.1377,NORMAL,4.21,-0.271,32.52,4.2393,STOPLOSS,1.0,0.0,-0.009834,0.003,-0.012834,-23.94,2.71,4.2393,0.015644,0.003207,False
1075,2024-11-09 22:00:00+00:00,2024-11-09 23:00:00+00:00,2.9811,-2.9811,0.6222,0.017875,SHORT_SPREAD,2052.22,1265.09,787.13,0.1377,NORMAL,4.4811,-0.2981,35.77,4.561,STOPLOSS,1.0,0.0,-0.010534,0.003,-0.013534,-27.77,2.9811,4.561,0.017875,0.0032,False
1076,2024-11-10 00:00:00+00:00,2024-11-10 02:00:00+00:00,3.6302,-3.6302,0.6279,0.022851,SHORT_SPREAD,2499.07,1535.16,963.91,0.1377,STRONG,5.0,-0.363,43.56,1.911,TIMESTOP,2.0,0.0,0.010915,0.003,0.007915,19.78,1.911,3.9335,0.022851,0.003187,True
1077,2024-11-10 03:00:00+00:00,2024-11-10 05:00:00+00:00,5.0,-5.0,0.637,0.043678,SHORT_SPREAD,2753.62,1682.13,1071.49,0.1377,STRONG,5.0,-0.5,60.0,4.935,TIMESTOP,2.0,0.0,0.008967,0.003,0.005967,16.43,2.7551,5.0,0.043678,0.003167,True
1078,2024-11-10 06:00:00+00:00,2024-11-10 08:00:00+00:00,2.4884,-2.4884,0.6484,0.017411,SHORT_SPREAD,1713.03,1039.21,673.82,0.1377,NORMAL,3.9884,-0.2488,29.86,2.9186,TIMESTOP,2.0,0.0,-0.003345,0.003,-0.006345,-10.87,1.0984,2.9186,0.017411,0.003092,False
1079,2024-11-10 09:00:00+00:00,2024-11-10 10:00:00+00:00,2.7403,-2.7403,0.654,0.019662,SHORT_SPREAD,1886.42,1140.51,745.91,0.1377,NORMAL,4.2403,-0.274,32.88,4.5917,STOPLOSS,1.0,0.0,-0.014174,0.003,-0.017174,-32.4,2.7403,4.5917,0.019662,0.003063,False
1080,2024-11-10 11:00:00+00:00,2024-11-10 13:00:00+00:00,4.0398,-4.0398,0.6614,0.030347,SHORT_SPREAD,2781.02,1673.87,1107.14,0.1377,STRONG,5.0,-0.404,48.48,5.0,TIMESTOP,2.0,0.0,-0.00928,0.003,-0.01228,-34.15,4.0398,5.0,0.030347,0.003047,False
1081,2024-11-10 15:00:00+00:00,2024-11-10 17:00:00+00:00,2.2161,-2.2161,0.6724,0.017609,SHORT_SPREAD,1525.58,912.21,613.37,0.1377,NORMAL,3.7161,-0.2216,26.59,2.8045,TIMESTOP,2.0,0.0,-0.005079,0.003,-0.008079,-12.33,2.2161,2.8045,0.017609,0.003033,False
1082,2024-11-10 18:00:00+00:00,2024-11-10 20:00:00+00:00,3.4385,-3.4385,0.6795,0.028197,SHORT_SPREAD,2367.09,1409.4,957.69,0.1377,STRONG,4.9385,-0.3439,41.26,-1.0865,TIMESTOP,2.0,0.0,0.037665,0.003,0.034665,82.06,-1.0865,3.4385,0.028197,0.003024,True
1083,2024-11-11 21:00:00+00:00,2024-11-11 23:00:00+00:00,2.1374,-2.1374,0.6824,0.017826,SHORT_SPREAD,1471.37,874.58,596.78,0.1377,NORMAL,3.6374,-0.2137,25.65,5.0,STOPLOSS,2.0,0.0,-0.038476,0.003,-0.041476,-61.03,2.1374,5.0,0.017826,0.003009,False
1084,2024-11-12 00:00:00+00:00,2024-11-12 02:00:00+00:00,2.9611,-2.9611,0.695,0.026299,SHORT_SPREAD,2038.43,1202.63,835.8,0.1377,NORMAL,4.4611,-0.2961,35.53,1.4235,TIMESTOP,2.0,0.0,0.013334,0.003,0.010334,21.06,1.4235,2.9611,0.026299,0.002987,True
1085,2024-11-12 08:00:00+00:00,2024-11-12 10:00:00+00:00,3.059,-3.059,0.7023,0.027631,SHORT_SPREAD,1052.93,618.52,434.41,0.1377,STRONG,4.559,-0.3059,36.71,-0.2216,TIMESTOP,2.0,29.12,0.029155,0.003,0.026155,56.66,-1.9781,3.059,0.027631,0.002967,True
1086,2024-11-13 14:00:00+00:00,2024-11-13 16:00:00+00:00,2.0346,-2.0346,0.704,0.018673,SHORT_SPREAD,700.33,411.0,289.33,0.1377,NORMAL,3.5346,-0.2035,24.42,0.1885,TIMESTOP,2.0,10.44,0.01641,0.003,0.01341,19.83,0.1885,2.0346,0.018673,0.003041,True
1087,2024-11-14 14:00:00+00:00,2024-11-14 16:00:00+00:00,-2.2388,2.2388,0.7038,-0.019474,LONG_SPREAD,1541.23,904.61,636.63,0.1377,NORMAL,3.7388,0.2239,26.87,-1.3145,TIMESTOP,2.0,0.0,0.008242,0.003,0.005242,8.08,-1.3145,-2.2388,-0.019474,0.003083,True
1088,2024-11-16 10:00:00+00:00,2024-11-16 12:00:00+00:00,3.1038,-3.1038,0.7156,0.028965,SHORT_SPREAD,1068.32,622.7,445.63,0.1377,STRONG,4.6038,-0.3104,37.25,-0.5619,TIMESTOP,2.0,34.24,0.033553,0.003,0.030553,66.88,-0.5619,3.1038,0.028965,0.002962,True
1089,2024-11-16 16:00:00+00:00,2024-11-16 18:00:00+00:00,2.5126,-2.5126,0.723,0.024201,SHORT_SPREAD,1729.68,1003.86,725.82,0.1377,NORMAL,4.0126,-0.2513,30.15,3.3806,TIMESTOP,2.0,0.0,-0.008441,0.003,-0.011441,-19.79,1.3651,3.3806,0.024201,0.002942,False
1090,2024-11-16 21:00:00+00:00,2024-11-16 23:00:00+00:00,2.3068,-2.3068,0.734,0.022959,SHORT_SPREAD,794.01,457.92,336.09,0.1377,NORMAL,3.8068,-0.2307,27.68,2.1214,TIMESTOP,2.0,17.35,0.001618,0.003,-0.001382,16.25,-0.1533,2.3068,0.022959,0.0029,False
1091,2024-11-17 00:00:00+00:00,2024-11-17 02:00:00+00:00,4.6224,-4.6224,0.7416,0.045952,SHORT_SPREAD,1272.84,730.84,542.0,0.1377,STRONG,5.0,-0.4622,55.47,0.6314,TIMESTOP,2.0,53.92,0.039163,0.003,0.036163,99.95,0.1646,4.6224,0.045952,0.00289,True
1092,2024-11-18 01:00:00+00:00,2024-11-18 03:00:00+00:00,3.5819,-3.5819,0.7423,0.036694,SHORT_SPREAD,2465.78,1415.27,1050.51,0.1377,STRONG,5.0,-0.3582,42.98,1.3384,TIMESTOP,2.0,0.0,0.022448,0.003,0.019448,47.96,1.2377,3.5819,0.036694,0.00297,True
1093,2024-11-18 15:00:00+00:00,2024-11-18 17:00:00+00:00,-2.026,2.026,0.7454,-0.019016,LONG_SPREAD,697.36,399.54,297.82,0.1377,NORMAL,3.526,0.2026,24.31,-0.2374,TIMESTOP,2.0,11.5,0.017986,0.003,0.014986,21.95,-0.2374,-2.8506,-0.019016,0.00285,True
1094,2024-11-18 22:00:00+00:00,2024-11-19 00:00:00+00:00,2.0199,-2.0199,0.7417,0.021523,SHORT_SPREAD,695.26,399.18,296.08,0.1377,NORMAL,3.5199,-0.202,24.24,0.6658,TIMESTOP,2.0,6.82,0.013637,0.003,0.010637,14.22,0.6658,2.0199,0.021523,0.00277,True
1095,2024-11-20 08:00:00+00:00,2024-11-20 10:00:00+00:00,2.3738,-2.3738,0.7483,0.025558,SHORT_SPREAD,1634.14,934.71,699.44,0.1377,NORMAL,3.8738,-0.2374,28.49,1.1515,TIMESTOP,2.0,0.0,0.012292,0.003,0.009292,15.18,1.0241,2.3738,0.025558,0.002869,True
1096,2024-11-20 11:00:00+00:00,2024-11-20 13:00:00+00:00,2.0741,-2.0741,0.7533,0.022765,SHORT_SPREAD,713.93,407.2,306.73,0.1377,NORMAL,3.5741,-0.2074,24.89,-0.5005,TIMESTOP,2.0,17.74,0.026348,0.003,0.023348,34.41,-1.8368,2.0741,0.022765,0.00285,True
1097,2024-11-20 17:00:00+00:00,2024-11-20 19:00:00+00:00,-2.0205,2.0205,0.7474,-0.018857,LONG_SPREAD,1390.91,795.98,594.93,0.1377,NORMAL,3.5205,0.202,24.25,-1.4181,TIMESTOP,2.0,0.0,0.006091,0.003,0.003091,4.3,-1.4181,-2.0205,-0.018857,0.002837,True
1098,2024-11-21 02:00:00+00:00,2024-11-21 04:00:00+00:00,-2.2178,2.2178,0.7471,-0.021129,LONG_SPREAD,763.38,436.93,326.45,0.1377,NORMAL,3.7178,0.2218,26.61,-0.8925,TIMESTOP,2.0,9.3,0.013678,0.003,0.010678,17.45,-0.8925,-2.2178,-0.021129,0.002889,True
1099,2024-11-22 01:00:00+00:00,2024-11-22 03:00:00+00:00,3.512,-3.512,0.7534,0.038689,SHORT_SPREAD,2417.68,1378.86,1038.82,0.1377,STRONG,5.0,-0.3512,42.14,1.3776,TIMESTOP,2.0,0.0,0.022406,0.003,0.019406,46.92,1.3776,3.512,0.038689,0.002802,True
1100,2024-11-22 15:00:00+00:00,2024-11-22 17:00:00+00:00,2.233,-2.233,0.7617,0.025815,SHORT_SPREAD,768.62,436.29,332.33,0.1377,NORMAL,3.733,-0.2233,26.8,1.0543,TIMESTOP,2.0,25.11,0.012555,0.003,0.009555,32.46,-0.9313,2.233,0.025815,0.002763,True
1101,2024-11-22 20:00:00+00:00,2024-11-22 22:00:00+00:00,2.3228,-2.3228,0.7662,0.027182,SHORT_SPREAD,799.5,452.67,346.83,0.1377,NORMAL,3.8228,-0.2323,27.87,-0.0994,TIMESTOP,2.0,24.96,0.026346,0.003,0.023346,43.62,-0.6749,2.3228,0.027182,0.002751,True
1102,2024-11-23 01:00:00+00:00,2024-11-23 03:00:00+00:00,4.2914,-4.2914,0.775,0.049385,SHORT_SPREAD,2363.4,1331.52,1031.88,0.1377,STRONG,5.0,-0.4291,51.5,3.592,TIMESTOP,2.0,0.0,0.006819,0.003,0.003819,9.03,2.3435,4.2914,0.049385,0.002589,True
1103,2024-11-23 05:00:00+00:00,2024-11-23 07:00:00+00:00,2.9476,-2.9476,0.7961,0.036977,SHORT_SPREAD,2029.14,1129.76,899.38,0.1377,NORMAL,4.4476,-0.2948,35.37,3.1558,TIMESTOP,2.0,0.0,-0.003369,0.003,-0.006369,-12.92,2.9476,3.3902,0.036977,0.002552,False
1104,2024-11-23 08:00:00+00:00,2024-11-23 10:00:00+00:00,2.873,-2.873,0.8091,0.037344,SHORT_SPREAD,1977.79,1093.23,884.57,0.1377,NORMAL,4.373,-0.2873,34.48,2.0602,TIMESTOP,2.0,0.0,0.009429,0.003,0.006429,12.71,2.0602,2.873,0.037344,0.002534,True
1105,2024-11-23 11:00:00+00:00,2024-11-23 13:00:00+00:00,3.106,-3.106,0.8184,0.041068,SHORT_SPREAD,1710.53,940.69,769.84,0.1377,STRONG,4.606,-0.3106,37.27,2.1245,TIMESTOP,2.0,0.0,0.011653,0.003,0.008653,14.8,2.1245,3.106,0.041068,0.002531,True
1106,2024-11-23 16:00:00+00:00,2024-11-23 18:00:00+00:00,2.3026,-2.3026,0.8454,0.033096,SHORT_SPREAD,1585.14,858.96,726.18,0.1377,NORMAL,3.8026,-0.2303,27.63,3.8071,STOPLOSS,2.0,0.0,-0.020274,0.003,-0.023274,-36.89,2.3026,3.8071,0.033096,0.002461,False
1107,2024-11-24 01:00:00+00:00,2024-11-24 03:00:00+00:00,3.8731,-3.8731,0.8759,0.057417,SHORT_SPREAD,2133.01,1137.05,995.96,0.1377,STRONG,5.0,-0.3873,46.48,1.1091,TIMESTOP,2.0,0.0,0.03861,0.003,0.03561,75.96,1.1091,3.8731,0.057417,0.002433,True
1108,2024-11-25 00:00:00+00:00,2024-11-25 02:00:00+00:00,-2.4932,2.4932,0.8703,-0.031404,LONG_SPREAD,858.18,458.84,399.33,0.1377,NORMAL,3.9932,0.2493,29.92,-0.3974,TIMESTOP,2.0,24.5,0.030047,0.003,0.027047,47.71,-0.3974,-2.4932,-0.031404,0.002406,True
1109,2024-11-25 06:00:00+00:00,2024-11-25 08:00:00+00:00,2.1074,-2.1074,0.8749,0.034017,SHORT_SPREAD,725.37,386.89,338.48,0.1377,NORMAL,3.6074,-0.2107,25.29,-0.9383,TIMESTOP,2.0,16.04,0.044453,0.003,0.041453,46.11,-0.9383,2.1074,0.034017,0.002387,True
1110,2024-11-25 10:00:00+00:00,2024-11-25 12:00:00+00:00,-2.2688,2.2688,0.87,-0.028774,LONG_SPREAD,1561.87,835.21,726.66,0.1377,NORMAL,3.7688,0.2269,27.23,-2.5038,TIMESTOP,2.0,0.0,-0.003816,0.003,-0.006816,-10.65,-1.5976,-2.5038,-0.028774,0.00234,False
1111,2024-11-25 13:00:00+00:00,2024-11-25 15:00:00+00:00,-2.4071,2.4071,0.8623,-0.031471,LONG_SPREAD,1657.08,889.78,767.29,0.1377,NORMAL,3.9071,0.2407,28.89,-2.5102,TIMESTOP,2.0,0.0,-0.001883,0.003,-0.004883,-8.09,-1.0202,-2.5102,-0.031471,0.002333,False
1112,2024-11-28 19:00:00+00:00,2024-11-28 21:00:00+00:00,2.4168,-2.4168,0.8503,0.039995,SHORT_SPREAD,831.86,449.57,382.29,0.1377,NORMAL,3.9168,-0.2417,29.0,0.6801,TIMESTOP,2.0,20.77,0.026471,0.003,0.023471,40.3,0.6801,2.4168,0.039995,0.002388,True
1113,2024-12-02 07:00:00+00:00,2024-12-02 09:00:00+00:00,-2.6381,2.6381,0.8506,-0.037063,LONG_SPREAD,1816.06,981.36,834.7,0.1377,NORMAL,4.1381,0.2638,31.66,-5.0,STOPLOSS,2.0,0.0,-0.052569,0.003,-0.055569,-100.92,-2.6381,-5.0,-0.037063,0.002302,False
1114,2024-12-02 10:00:00+00:00,2024-12-02 12:00:00+00:00,-3.5025,3.5025,0.8262,-0.053501,LONG_SPREAD,1928.9,1056.24,872.67,0.1377,STRONG,5.0,0.3502,42.03,-1.4291,TIMESTOP,2.0,0.0,0.033201,0.003,0.030201,58.26,-1.4291,-3.5025,-0.053501,0.002266,True
1115,2024-12-02 13:00:00+00:00,2024-12-02 15:00:00+00:00,-2.6296,2.6296,0.8139,-0.040401,LONG_SPREAD,724.09,399.19,324.9,0.1377,NORMAL,4.1296,0.263,31.56,-0.8919,TIMESTOP,2.0,19.37,0.028252,0.003,0.025252,37.66,-0.8919,-2.6296,-0.040401,0.002223,True
1116,2024-12-02 17:00:00+00:00,2024-12-02 19:00:00+00:00,-3.0954,3.0954,0.799,-0.048714,LONG_SPREAD,1704.73,947.59,757.14,0.1377,STRONG,4.5954,0.3095,37.15,-2.3216,TIMESTOP,2.0,0.0,0.011875,0.003,0.008875,15.13,-2.3216,-3.3388,-0.048714,0.002121,True
1117,2024-12-02 20:00:00+00:00,2024-12-02 22:00:00+00:00,-3.1638,3.1638,0.7675,-0.051508,LONG_SPREAD,1742.4,985.79,756.61,0.1377,STRONG,4.6638,0.3164,37.97,1.1876,TIMESTOP,2.0,0.0,0.075589,0.003,0.072589,126.48,1.3235,-3.1638,-0.051508,0.001942,True
1118,2024-12-03 02:00:00+00:00,2024-12-03 04:00:00+00:00,2.5667,-2.5667,0.7841,0.044282,SHORT_SPREAD,706.78,396.16,310.62,0.1377,NORMAL,4.0667,-0.2567,30.8,0.1381,TIMESTOP,2.0,28.13,0.041307,0.003,0.038307,55.21,0.1381,2.5667,0.044282,0.001865,True
1119,2024-12-03 07:00:00+00:00,2024-12-03 09:00:00+00:00,-2.1526,2.1526,0.7818,-0.034755,LONG_SPREAD,740.92,415.82,325.1,0.1377,NORMAL,3.6526,0.2153,25.83,-1.724,TIMESTOP,2.0,19.42,0.007144,0.003,0.004144,22.49,-0.5224,-2.1526,-0.034755,0.00185,True
1120,2024-12-04 09:00:00+00:00,2024-12-04 11:00:00+00:00,2.8278,-2.8278,0.7867,0.050071,SHORT_SPREAD,1557.33,871.64,685.69,0.1377,NORMAL,4.3278,-0.2828,33.93,2.8279,TIMESTOP,2.0,0.0,-0.00122,0.003,-0.00422,-6.57,2.8278,3.4849,0.050071,0.00187,False
1121,2024-12-04 13:00:00+00:00,2024-12-04 15:00:00+00:00,2.6521,-2.6521,0.8084,0.049666,SHORT_SPREAD,730.3,403.84,326.45,0.1377,NORMAL,4.1521,-0.2652,31.83,-0.7872,TIMESTOP,2.0,45.41,0.063683,0.003,0.060683,89.73,-2.5002,2.6521,0.049666,0.001862,True
1122,2024-12-07 03:00:00+00:00,2024-12-07 05:00:00+00:00,-2.5778,2.5778,0.7803,-0.04596,LONG_SPREAD,709.84,398.71,311.13,0.1377,NORMAL,4.0778,0.2578,30.93,-0.3967,TIMESTOP,2.0,31.96,0.0412,0.003,0.0382,59.07,-0.1234,-2.5778,-0.04596,0.0018,True
1123,2024-12-09 21:00:00+00:00,2024-12-09 23:00:00+00:00,-2.8197,2.8197,0.7535,-0.052259,LONG_SPREAD,1552.89,885.58,667.31,0.1377,NORMAL,4.3197,0.282,33.84,-1.5061,TIMESTOP,2.0,0.0,0.024658,0.003,0.021658,33.63,-1.5061,-2.8197,-0.052259,0.001884,True
1124,2024-12-12 02:00:00+00:00,2024-12-12 04:00:00+00:00,-2.4723,2.4723,0.7438,-0.046851,LONG_SPREAD,1361.55,780.8,580.75,0.1377,NORMAL,3.9723,0.2472,29.67,-2.6842,TIMESTOP,2.0,0.0,-0.004806,0.003,-0.007806,-10.63,-2.3927,-2.6842,-0.046851,0.001754,False
1125,2024-12-15 12:00:00+00:00,2024-12-15 14:00:00+00:00,2.8867,-2.8867,0.6705,0.047144,SHORT_SPREAD,1589.76,951.67,638.09,0.1377,NORMAL,4.3867,-0.2887,34.64,2.116,TIMESTOP,2.0,0.0,0.01327,0.003,0.01027,16.33,1.6736,2.8867,0.047144,0.001577,True
1126,2024-12-16 16:00:00+00:00,2024-12-16 18:00:00+00:00,2.5815,-2.5815,0.6662,0.042084,SHORT_SPREAD,710.83,426.61,284.22,0.1377,NORMAL,4.0815,-0.2581,30.98,0.8492,TIMESTOP,2.0,20.44,0.030254,0.003,0.027254,39.81,0.8492,2.5815,0.042084,0.001562,True
1127,2025-01-03 08:00:00+00:00,2025-01-03 10:00:00+00:00,2.0101,-2.0101,0.704,0.019014,SHORT_SPREAD,1383.74,812.07,571.67,0.1377,NORMAL,3.5101,-0.201,24.12,2.6514,TIMESTOP,2.0,0.0,-0.006401,0.003,-0.009401,-13.01,2.0101,2.6514,0.019014,0.001921,False
1128,2025-01-03 11:00:00+00:00,2025-01-03 13:00:00+00:00,2.0597,-2.0597,0.7111,0.019789,SHORT_SPREAD,1417.9,828.64,589.26,0.1377,NORMAL,3.5597,-0.206,24.72,2.0759,TIMESTOP,2.0,0.0,-0.000318,0.003,-0.003318,-4.7,2.0597,2.168,0.019789,0.001906,False
1129,2025-01-07 16:00:00+00:00,2025-01-07 18:00:00+00:00,-2.0412,2.0412,0.711,-0.016033,LONG_SPREAD,1405.16,821.27,583.9,0.1377,NORMAL,3.5412,0.2041,24.49,-2.2827,TIMESTOP,2.0,0.0,-0.002103,0.003,-0.005103,-7.17,-2.0412,-2.2827,-0.016033,0.001938,False
1130,2025-01-13 11:00:00+00:00,2025-01-13 13:00:00+00:00,-2.2697,2.2697,0.7072,-0.013958,LONG_SPREAD,781.25,457.63,323.62,0.1377,NORMAL,3.7697,0.227,27.24,-0.1715,TIMESTOP,2.0,9.14,0.013201,0.003,0.010201,17.11,-0.1715,-2.2697,-0.013958,0.002232,True
1131,2025-01-14 18:00:00+00:00,2025-01-14 20:00:00+00:00,2.4767,-2.4767,0.7048,0.015238,SHORT_SPREAD,852.5,500.04,352.45,0.1377,NORMAL,3.9767,-0.2477,29.72,0.7465,TIMESTOP,2.0,6.81,0.010667,0.003,0.007667,13.35,0.7465,2.4767,0.015238,0.002138,True
1132,2025-01-16 08:00:00+00:00,2025-01-16 10:00:00+00:00,-2.0588,2.0588,0.712,-0.012149,LONG_SPREAD,1417.26,827.83,589.43,0.1377,NORMAL,3.5588,0.2059,24.71,-3.4019,TIMESTOP,2.0,0.0,-0.008312,0.003,-0.011312,-16.03,-2.0588,-3.4019,-0.012149,0.002061,False
1133,2025-01-18 01:00:00+00:00,2025-01-18 03:00:00+00:00,-2.3996,2.3996,0.6992,-0.014665,LONG_SPREAD,1651.88,972.14,679.73,0.1377,NORMAL,3.8996,0.24,28.79,-1.9202,TIMESTOP,2.0,0.0,0.002812,0.003,-0.000188,-0.31,-1.0845,-2.3996,-0.014665,0.001894,False
1134,2025-01-18 05:00:00+00:00,2025-01-18 07:00:00+00:00,-2.4974,2.4974,0.6975,-0.01553,LONG_SPREAD,1719.23,1012.8,706.43,0.1377,NORMAL,3.9974,0.2497,29.97,-2.1602,TIMESTOP,2.0,0.0,0.001941,0.003,-0.001059,-1.82,-1.1833,-2.4974,-0.01553,0.001918,False
1135,2025-01-18 08:00:00+00:00,2025-01-18 10:00:00+00:00,-3.5437,3.5437,0.694,-0.022402,LONG_SPREAD,2439.48,1440.04,999.44,0.1377,STRONG,5.0,0.3544,42.52,-1.443,TIMESTOP,2.0,0.0,0.013005,0.003,0.010005,24.41,-1.443,-3.5437,-0.022402,0.001924,True
1136,2025-01-19 00:00:00+00:00,2025-01-19 02:00:00+00:00,3.0182,-3.0182,0.6917,0.018594,SHORT_SPREAD,2077.76,1228.23,849.53,0.1377,STRONG,4.5182,-0.3018,36.22,1.6123,TIMESTOP,2.0,0.0,0.008851,0.003,0.005851,12.16,1.6123,3.0182,0.018594,0.001949,True
1137,2025-01-19 04:00:00+00:00,2025-01-19 06:00:00+00:00,-2.053,2.053,0.6931,-0.013646,LONG_SPREAD,706.63,417.35,289.28,0.1377,NORMAL,3.553,0.2053,24.64,-1.3148,TIMESTOP,2.0,4.52,0.004672,0.003,0.001672,5.7,-0.8194,-2.053,-0.013646,0.001948,True
1138,2025-01-19 07:00:00+00:00,2025-01-19 09:00:00+00:00,-2.0726,2.0726,0.6914,-0.013922,LONG_SPREAD,1426.8,843.55,583.24,0.1377,NORMAL,3.5726,0.2073,24.87,-3.2881,TIMESTOP,2.0,0.0,-0.008218,0.003,-0.011218,-16.01,-2.0726,-3.2881,-0.013922,0.001962,False
1139,2025-01-19 11:00:00+00:00,2025-01-19 13:00:00+00:00,-2.4848,2.4848,0.6883,-0.01712,LONG_SPREAD,855.29,506.59,348.7,0.1377,NORMAL,3.9848,0.2485,29.82,-1.1623,TIMESTOP,2.0,7.5,0.008717,0.003,0.005717,12.39,-0.9325,-2.4848,-0.01712,0.001989,True
1140,2025-01-19 14:00:00+00:00,2025-01-19 16:00:00+00:00,-5.0,5.0,0.6788,-0.036966,LONG_SPREAD,3000.0,1786.94,1213.06,0.1377,STRONG,5.0,0.5,60.0,-5.0,TIMESTOP,2.0,0.0,-0.006667,0.003,-0.009667,-29.0,-4.264,-5.0,-0.036966,0.001926,False
1141,2025-01-19 17:00:00+00:00,2025-01-19 19:00:00+00:00,-3.478,3.478,0.6612,-0.026263,LONG_SPREAD,1197.15,720.66,476.48,0.1377,STRONG,4.978,0.3478,41.74,-0.753,TIMESTOP,2.0,21.96,0.019847,0.003,0.016847,42.13,-0.753,-3.795,-0.026263,0.001825,True
1142,2025-01-19 20:00:00+00:00,2025-01-19 22:00:00+00:00,-2.7441,2.7441,0.6541,-0.021481,LONG_SPREAD,1889.08,1142.03,747.05,0.1377,NORMAL,4.2441,0.2744,32.93,-4.2729,STOPLOSS,2.0,0.0,-0.012068,0.003,-0.015068,-28.46,-1.7994,-4.2729,-0.021481,0.001797,False
1143,2025-01-19 23:00:00+00:00,2025-01-20 01:00:00+00:00,-3.7407,3.7407,0.6515,-0.030047,LONG_SPREAD,2575.11,1559.23,1015.88,0.1377,STRONG,5.0,0.3741,44.89,-1.6507,TIMESTOP,2.0,0.0,0.015926,0.003,0.012926,33.29,-1.6507,-3.7407,-0.030047,0.001822,True
1144,2025-01-20 07:00:00+00:00,2025-01-20 09:00:00+00:00,2.3143,-2.3143,0.6553,0.016833,SHORT_SPREAD,1593.2,962.51,630.69,0.1377,NORMAL,3.8143,-0.2314,27.77,1.8205,TIMESTOP,2.0,0.0,0.003615,0.003,0.000615,0.98,1.8205,3.0862,0.016833,0.00179,True
1145,2025-01-20 13:00:00+00:00,2025-01-20 15:00:00+00:00,-2.2305,2.2305,0.6578,-0.018878,LONG_SPREAD,1535.46,926.23,609.24,0.1377,NORMAL,3.7305,0.223,26.77,-2.294,TIMESTOP,2.0,0.0,-0.000704,0.003,-0.003704,-5.69,-1.8209,-2.294,-0.018878,0.001775,False
1146,2025-01-30 12:00:00+00:00,2025-01-30 14:00:00+00:00,2.3091,-2.3091,0.6408,0.0153,SHORT_SPREAD,1589.59,968.77,620.82,0.1377,NORMAL,3.8091,-0.2309,27.71,2.661,TIMESTOP,2.0,0.0,-0.002751,0.003,-0.005751,-9.14,1.0829,2.661,0.0153,0.001864,False
1147,2025-01-30 15:00:00+00:00,2025-01-30 17:00:00+00:00,2.9289,-2.9289,0.6452,0.020219,SHORT_SPREAD,1008.13,612.79,395.34,0.1377,NORMAL,4.4289,-0.2929,35.15,0.6624,TIMESTOP,2.0,14.32,0.017117,0.003,0.014117,28.55,0.6624,2.9289,0.020219,0.001854,True
1148,2025-01-31 15:00:00+00:00,2025-01-31 17:00:00+00:00,2.052,-2.052,0.651,0.014009,SHORT_SPREAD,706.31,427.82,278.49,0.1377,NORMAL,3.552,-0.2052,24.62,0.3607,TIMESTOP,2.0,8.03,0.012864,0.003,0.009864,14.99,0.3607,2.052,0.014009,0.001831,True
1149,2025-01-31 21:00:00+00:00,2025-01-31 23:00:00+00:00,2.1684,-2.1684,0.6531,0.014988,SHORT_SPREAD,746.38,451.5,294.88,0.1377,NORMAL,3.6684,-0.2168,26.02,-0.4903,TIMESTOP,2.0,14.12,0.020419,0.003,0.017419,27.12,-0.4903,2.1684,0.014988,0.001852,True
1150,2025-02-02 03:00:00+00:00,2025-02-02 05:00:00+00:00,-2.5092,2.5092,0.6525,-0.021045,LONG_SPREAD,863.67,522.65,341.01,0.1377,NORMAL,4.0092,0.2509,30.11,-0.2169,TIMESTOP,2.0,14.14,0.017878,0.003,0.014878,26.99,-0.2169,-2.5092,-0.021045,0.001953,True
1151,2025-02-02 17:00:00+00:00,2025-02-02 19:00:00+00:00,-3.3056,3.3056,0.6482,-0.027998,LONG_SPREAD,1137.79,690.32,447.47,0.1377,STRONG,4.8056,0.3306,39.67,-0.3431,TIMESTOP,2.0,25.18,0.023631,0.003,0.020631,48.66,-0.3431,-3.6598,-0.027998,0.002004,True
1152,2025-02-02 20:00:00+00:00,2025-02-02 22:00:00+00:00,-2.1175,2.1175,0.6473,-0.018996,LONG_SPREAD,1457.73,884.92,572.8,0.1377,NORMAL,3.6175,0.2118,25.41,-1.0336,TIMESTOP,2.0,0.0,0.008716,0.003,0.005716,8.33,-1.0336,-2.1175,-0.018996,0.002029,True
1153,2025-02-03 00:00:00+00:00,2025-02-03 01:00:00+00:00,-3.34,3.34,0.6453,-0.029373,LONG_SPREAD,2299.27,1397.45,901.82,0.1377,STRONG,4.84,0.334,40.08,-5.0,STOPLOSS,1.0,0.0,-0.059252,0.003,-0.062252,-143.13,-3.34,-5.0,-0.029373,0.002059,False
1154,2025-02-03 03:00:00+00:00,2025-02-03 05:00:00+00:00,-3.1042,3.1042,0.668,-0.032442,LONG_SPREAD,2136.97,1281.18,855.79,0.1377,STRONG,4.6042,0.3104,37.25,-1.465,TIMESTOP,2.0,0.0,0.015553,0.003,0.012553,26.83,-1.465,-4.483,-0.032442,0.002038,True
1155,2025-02-03 10:00:00+00:00,2025-02-03 12:00:00+00:00,2.2298,-2.2298,0.6749,0.019888,SHORT_SPREAD,767.51,458.26,309.26,0.1377,NORMAL,3.7298,-0.223,26.76,0.89,TIMESTOP,2.0,9.1,0.013361,0.003,0.010361,17.06,0.89,2.2298,0.019888,0.001992,True
1156,2025-02-04 05:00:00+00:00,2025-02-04 07:00:00+00:00,-3.1249,3.1249,0.6822,-0.034114,LONG_SPREAD,2151.17,1278.81,872.36,0.1377,STRONG,4.6249,0.3125,37.5,-2.1447,TIMESTOP,2.0,0.0,0.00985,0.003,0.00685,14.74,-1.0277,-3.1249,-0.034114,0.001828,True
1157,2025-02-07 13:00:00+00:00,2025-02-07 15:00:00+00:00,2.0394,-2.0394,0.6888,0.018811,SHORT_SPREAD,1403.95,831.31,572.64,0.1377,NORMAL,3.5394,-0.2039,24.47,1.3059,TIMESTOP,2.0,0.0,0.007357,0.003,0.004357,6.12,1.3059,2.6758,0.018811,0.001935,True
1158,2025-02-11 04:00:00+00:00,2025-02-11 06:00:00+00:00,2.4923,-2.4923,0.7083,0.0222,SHORT_SPREAD,1715.69,1004.31,711.38,0.1377,NORMAL,3.9923,-0.2492,29.91,1.8575,TIMESTOP,2.0,0.0,0.005508,0.003,0.002508,4.3,1.8575,3.2278,0.0222,0.001972,True
1159,2025-02-12 10:00:00+00:00,2025-02-12 12:00:00+00:00,2.0127,-2.0127,0.7123,0.018021,SHORT_SPREAD,1385.52,809.17,576.35,0.1377,NORMAL,3.5127,-0.2013,24.15,1.7655,TIMESTOP,2.0,0.0,0.002131,0.003,-0.000869,-1.2,1.7655,2.282,0.018021,0.00203,False
1160,2025-02-12 15:00:00+00:00,2025-02-12 17:00:00+00:00,4.9972,-4.9972,0.7195,0.047627,SHORT_SPREAD,2752.09,1600.52,1151.57,0.1377,STRONG,5.0,-0.4997,59.97,2.2366,TIMESTOP,2.0,0.0,0.026514,0.003,0.023514,64.71,2.2366,4.9972,0.047627,0.002051,True
1161,2025-02-12 18:00:00+00:00,2025-02-12 20:00:00+00:00,2.5759,-2.5759,0.7273,0.024986,SHORT_SPREAD,1773.27,1026.59,746.68,0.1377,NORMAL,4.0759,-0.2576,30.91,1.958,TIMESTOP,2.0,0.0,0.005795,0.003,0.002795,4.96,1.958,2.5759,0.024986,0.002035,True
1162,2025-02-21 16:00:00+00:00,2025-02-21 18:00:00+00:00,2.3784,-2.3784,0.7342,0.023893,SHORT_SPREAD,818.65,472.07,346.58,0.1377,NORMAL,3.8784,-0.2378,28.54,0.7471,TIMESTOP,2.0,12.18,0.016373,0.003,0.013373,23.12,0.7471,2.3784,0.023893,0.002178,True
1163,2025-02-25 12:00:00+00:00,2025-02-25 14:00:00+00:00,2.1146,-2.1146,0.7286,0.016168,SHORT_SPREAD,727.85,421.05,306.8,0.1377,NORMAL,3.6146,-0.2115,25.38,0.1297,TIMESTOP,2.0,9.32,0.014305,0.003,0.011305,17.55,0.1297,2.4088,0.016168,0.002492,True
1164,2025-02-25 16:00:00+00:00,2025-02-25 18:00:00+00:00,2.2155,-2.2155,0.7325,0.01719,SHORT_SPREAD,1525.16,880.32,644.84,0.1377,NORMAL,3.7155,-0.2215,26.59,1.4198,TIMESTOP,2.0,0.0,0.005624,0.003,0.002624,4.0,1.4198,2.77,0.01719,0.002503,True
1165,2025-02-25 19:00:00+00:00,2025-02-25 21:00:00+00:00,3.1581,-3.1581,0.7385,0.024589,SHORT_SPREAD,2174.08,1250.56,923.53,0.1377,STRONG,4.6581,-0.3158,37.9,1.5189,TIMESTOP,2.0,0.0,0.011952,0.003,0.008952,19.46,1.5189,3.3837,0.024589,0.002491,True
1166,2025-02-26 16:00:00+00:00,2025-02-26 18:00:00+00:00,2.3314,-2.3314,0.7558,0.019082,SHORT_SPREAD,802.48,457.04,345.43,0.1377,NORMAL,3.8314,-0.2331,27.98,-0.5912,TIMESTOP,2.0,16.76,0.022388,0.003,0.019388,32.32,-0.5912,2.3314,0.019082,0.002441,True
1167,2025-02-27 09:00:00+00:00,2025-02-27 11:00:00+00:00,2.6115,-2.6115,0.7642,0.021919,SHORT_SPREAD,898.9,509.53,389.36,0.1377,NORMAL,4.1115,-0.2612,31.34,0.9488,TIMESTOP,2.0,10.22,0.012868,0.003,0.009868,19.09,0.9488,3.1362,0.021919,0.002444,True
1168,2025-02-27 14:00:00+00:00,2025-02-27 16:00:00+00:00,2.1695,-2.1695,0.7699,0.018856,SHORT_SPREAD,746.76,421.93,324.84,0.1377,NORMAL,3.6695,-0.217,26.03,-0.2114,TIMESTOP,2.0,12.96,0.018853,0.003,0.015853,24.8,-0.2114,2.1695,0.018856,0.002441,True
1169,2025-03-04 21:00:00+00:00,2025-03-04 23:00:00+00:00,-3.2657,3.2657,0.7322,-0.025227,LONG_SPREAD,2248.13,1297.87,950.26,0.1377,STRONG,4.7657,0.3266,39.19,-1.9111,TIMESTOP,2.0,0.0,0.010604,0.003,0.007604,17.1,-1.9111,-3.2657,-0.025227,0.002239,True
1170,2025-03-05 07:00:00+00:00,2025-03-05 09:00:00+00:00,-2.4377,2.4377,0.7184,-0.019426,LONG_SPREAD,1678.11,976.57,701.54,0.1377,NORMAL,3.9377,0.2438,29.25,-1.9148,TIMESTOP,2.0,0.0,0.003924,0.003,0.000924,1.55,-1.9148,-3.2836,-0.019426,0.002165,True
1171,2025-03-06 01:00:00+00:00,2025-03-06 03:00:00+00:00,-2.5143,2.5143,0.7048,-0.019208,LONG_SPREAD,1730.85,1015.29,715.56,0.1377,NORMAL,4.0143,0.2514,30.17,-1.6129,TIMESTOP,2.0,0.0,0.006665,0.003,0.003665,6.34,-1.6129,-2.5213,-0.019208,0.002029,True
1172,2025-03-07 02:00:00+00:00,2025-03-07 04:00:00+00:00,2.7901,-2.7901,0.6933,0.020825,SHORT_SPREAD,1920.74,1134.32,786.42,0.1377,NORMAL,4.2901,-0.279,33.48,1.1536,TIMESTOP,2.0,0.0,0.012561,0.003,0.009561,18.36,1.1536,2.7901,0.020825,0.002015,True
1173,2025-03-10 03:00:00+00:00,2025-03-10 05:00:00+00:00,2.4346,-2.4346,0.7093,0.019125,SHORT_SPREAD,838.0,490.25,347.75,0.1377,NORMAL,3.9346,-0.2435,29.22,0.5873,TIMESTOP,2.0,10.77,0.014348,0.003,0.011348,20.28,0.5873,2.4346,0.019125,0.002248,True
1174,2025-03-12 12:00:00+00:00,2025-03-12 14:00:00+00:00,-2.3941,2.3941,0.7126,-0.018425,LONG_SPREAD,824.04,481.15,342.89,0.1377,NORMAL,3.8941,0.2394,28.73,-0.9456,TIMESTOP,2.0,8.08,0.011305,0.003,0.008305,14.92,-0.9456,-2.3941,-0.018425,0.002268,True
1175,2025-03-14 08:00:00+00:00,2025-03-14 10:00:00+00:00,-2.4202,2.4202,0.7129,-0.019225,LONG_SPREAD,833.04,486.34,346.7,0.1377,NORMAL,3.9202,0.242,29.04,0.6193,TIMESTOP,2.0,19.07,0.024391,0.003,0.021391,36.89,0.6193,-2.4202,-0.019225,0.00228,True
1176,2025-03-14 20:00:00+00:00,2025-03-14 22:00:00+00:00,3.4732,-3.4732,0.7068,0.027322,SHORT_SPREAD,2390.97,1400.84,990.13,0.1377,STRONG,4.9732,-0.3473,41.68,1.8822,TIMESTOP,2.0,0.0,0.01254,0.003,0.00954,22.81,1.8822,3.4732,0.027322,0.002182,True
1177,2025-03-14 23:00:00+00:00,2025-03-15 01:00:00+00:00,2.161,-2.161,0.7094,0.017209,SHORT_SPREAD,1487.65,870.28,617.37,0.1377,NORMAL,3.661,-0.2161,25.93,1.2489,TIMESTOP,2.0,0.0,0.007416,0.003,0.004416,6.57,1.2489,2.161,0.017209,0.002202,True
1178,2025-03-15 12:00:00+00:00,2025-03-15 14:00:00+00:00,2.1678,-2.1678,0.7189,0.017663,SHORT_SPREAD,1492.34,868.21,624.14,0.1377,NORMAL,3.6678,-0.2168,26.01,1.4847,TIMESTOP,2.0,0.0,0.00548,0.003,0.00248,3.7,1.412,2.1678,0.017663,0.002212,True
1179,2025-03-16 20:00:00+00:00,2025-03-16 22:00:00+00:00,3.0988,-3.0988,0.7204,0.025924,SHORT_SPREAD,2133.23,1239.99,893.24,0.1377,STRONG,4.5988,-0.3099,37.19,2.1399,TIMESTOP,2.0,0.0,0.007725,0.003,0.004725,10.08,2.0331,3.0988,0.025924,0.002278,True
1180,2025-03-17 01:00:00+00:00,2025-03-17 03:00:00+00:00,2.3699,-2.3699,0.7263,0.020404,SHORT_SPREAD,815.72,472.52,343.2,0.1377,NORMAL,3.8699,-0.237,28.44,0.8485,TIMESTOP,2.0,9.21,0.012795,0.003,0.009795,17.2,0.8485,2.3699,0.020404,0.002285,True
1181,2025-03-18 19:00:00+00:00,2025-03-18 21:00:00+00:00,2.2146,-2.2146,0.7184,0.018767,SHORT_SPREAD,1524.56,887.21,637.36,0.1377,NORMAL,3.7146,-0.2215,26.58,2.5361,TIMESTOP,2.0,0.0,-0.002704,0.003,-0.005704,-8.7,2.2146,2.5361,0.018767,0.002304,False
1182,2025-03-18 22:00:00+00:00,2025-03-19 00:00:00+00:00,2.6133,-2.6133,0.7237,0.022295,SHORT_SPREAD,899.5,521.85,377.66,0.1377,NORMAL,4.1133,-0.2613,31.36,0.7902,TIMESTOP,2.0,16.36,0.015511,0.003,0.012511,27.62,0.3069,2.6133,0.022295,0.002306,True
1183,2025-03-19 23:00:00+00:00,2025-03-20 01:00:00+00:00,-2.1839,2.1839,0.7135,-0.018833,LONG_SPREAD,751.69,438.7,312.99,0.1377,NORMAL,3.6839,0.2184,26.21,-1.3457,TIMESTOP,2.0,9.2,0.007135,0.003,0.004135,12.3,-0.5842,-2.1839,-0.018833,0.002204,True
1184,2025-03-21 02:00:00+00:00,2025-03-21 04:00:00+00:00,3.2402,-3.2402,0.7137,0.02657,SHORT_SPREAD,2230.6,1301.61,928.99,0.1377,STRONG,4.7402,-0.324,38.88,2.7822,TIMESTOP,2.0,0.0,0.003525,0.003,0.000525,1.17,1.4609,3.2402,0.02657,0.002274,True
1185,2025-03-21 18:00:00+00:00,2025-03-21 20:00:00+00:00,2.2383,-2.2383,0.7213,0.018916,SHORT_SPREAD,770.44,447.59,322.85,0.1377,NORMAL,3.7383,-0.2238,26.86,1.7002,TIMESTOP,2.0,8.31,0.004496,0.003,0.001496,9.46,0.8028,2.2383,0.018916,0.002319,True
1186,2025-03-26 15:00:00+00:00,2025-03-26 17:00:00+00:00,2.3421,-2.3421,0.7109,0.019421,SHORT_SPREAD,1612.3,942.39,669.91,0.1377,NORMAL,3.8421,-0.2342,28.1,1.1316,TIMESTOP,2.0,0.0,0.009677,0.003,0.006677,10.77,1.1316,2.3421,0.019421,0.002262,True
1187,2025-03-27 02:00:00+00:00,2025-03-27 04:00:00+00:00,-2.0815,2.0815,0.7121,-0.015782,LONG_SPREAD,716.44,418.46,297.98,0.1377,NORMAL,3.5815,0.2081,24.98,-0.9287,TIMESTOP,2.0,5.52,0.009206,0.003,0.006206,9.97,-0.9287,-2.0815,-0.015782,0.002278,True
1188,2025-03-27 12:00:00+00:00,2025-03-27 14:00:00+00:00,-2.065,2.065,0.7026,-0.015928,LONG_SPREAD,710.77,417.46,293.31,0.1377,NORMAL,3.565,0.2065,24.78,-0.3828,TIMESTOP,2.0,8.6,0.013594,0.003,0.010594,16.13,-0.3828,-2.065,-0.015928,0.002273,True
1189,2025-03-28 06:00:00+00:00,2025-03-28 08:00:00+00:00,-2.149,2.149,0.7033,-0.016436,LONG_SPREAD,1479.4,868.56,610.83,0.1377,NORMAL,3.649,0.2149,25.79,-1.1966,TIMESTOP,2.0,0.0,0.007505,0.003,0.004505,6.66,-1.1966,-2.149,-0.016436,0.002329,True
1190,2025-04-07 03:00:00+00:00,2025-04-07 05:00:00+00:00,-3.1261,3.1261,0.6977,-0.022542,LONG_SPREAD,2152.0,1267.56,884.43,0.1377,STRONG,4.6261,0.3126,37.51,-2.4043,TIMESTOP,2.0,0.0,0.004868,0.003,0.001868,4.02,-2.1763,-3.1261,-0.022542,0.002828,True
1191,2025-04-07 06:00:00+00:00,2025-04-07 08:00:00+00:00,-2.4679,2.4679,0.699,-0.018283,LONG_SPREAD,1698.91,999.95,698.96,0.1377,NORMAL,3.9679,0.2468,29.61,-2.2016,TIMESTOP,2.0,0.0,0.001749,0.003,-0.001251,-2.13,-2.1858,-2.4679,-0.018283,0.00284,False
1192,2025-04-08 19:00:00+00:00,2025-04-08 21:00:00+00:00,-2.1916,2.1916,0.6984,-0.016022,LONG_SPREAD,1508.71,888.3,620.41,0.1377,NORMAL,3.6916,0.2192,26.3,-1.2126,TIMESTOP,2.0,0.0,0.006921,0.003,0.003921,5.92,-1.2126,-2.1916,-0.016022,0.002736,True
1193,2025-04-08 23:00:00+00:00,2025-04-09 01:00:00+00:00,-2.0267,2.0267,0.6962,-0.014792,LONG_SPREAD,697.6,411.27,286.33,0.1377,NORMAL,3.5267,0.2027,24.32,-0.4418,TIMESTOP,2.0,6.59,0.010948,0.003,0.007948,12.14,-0.4418,-2.0267,-0.014792,0.002763,True
1194,2025-04-09 14:00:00+00:00,2025-04-09 16:00:00+00:00,-2.3792,2.3792,0.686,-0.017259,LONG_SPREAD,818.94,485.74,333.2,0.1377,NORMAL,3.8792,0.2379,28.55,-0.8392,TIMESTOP,2.0,7.42,0.010558,0.003,0.007558,13.61,-0.8392,-2.3792,-0.017259,0.002716,True
1195,2025-04-10 10:00:00+00:00,2025-04-10 12:00:00+00:00,-2.9904,2.9904,0.6803,-0.021641,LONG_SPREAD,1029.32,612.59,416.72,0.1377,NORMAL,4.4904,0.299,35.89,-0.363,TIMESTOP,2.0,17.34,0.018342,0.003,0.015342,33.13,-0.363,-2.9904,-0.021641,0.002438,True
1196,2025-04-12 15:00:00+00:00,2025-04-12 17:00:00+00:00,2.1638,-2.1638,0.6818,0.012704,SHORT_SPREAD,744.8,442.85,301.95,0.1377,NORMAL,3.6638,-0.2164,25.97,0.4972,TIMESTOP,2.0,6.84,0.010688,0.003,0.007688,12.57,0.4972,2.1638,0.012704,0.002397,True
1197,2025-04-13 10:00:00+00:00,2025-04-13 12:00:00+00:00,2.6329,-2.6329,0.6848,0.01594,SHORT_SPREAD,1812.49,1075.81,736.69,0.1377,NORMAL,4.1329,-0.2633,31.59,2.3151,TIMESTOP,2.0,0.0,0.001678,0.003,-0.001322,-2.4,2.3151,3.8209,0.01594,0.002408,False
1198,2025-04-13 18:00:00+00:00,2025-04-13 20:00:00+00:00,2.1177,-2.1177,0.69,0.013177,SHORT_SPREAD,728.92,431.32,297.59,0.1377,NORMAL,3.6177,-0.2118,25.41,1.091,TIMESTOP,2.0,5.61,0.00683,0.003,0.00383,8.4,0.7344,2.1177,0.013177,0.002423,True
1199,2025-04-17 06:00:00+00:00,2025-04-17 08:00:00+00:00,3.165,-3.165,0.6871,0.019086,SHORT_SPREAD,2178.8,1291.47,887.33,0.1377,STRONG,4.665,-0.3165,37.98,1.2399,TIMESTOP,2.0,0.0,0.012184,0.003,0.009184,20.01,1.2399,3.165,0.019086,0.002548,True
1200,2025-04-18 12:00:00+00:00,2025-04-18 14:00:00+00:00,2.2527,-2.2527,0.6935,0.01339,SHORT_SPREAD,775.38,457.85,317.52,0.1377,NORMAL,3.7527,-0.2253,27.03,0.5,TIMESTOP,2.0,7.26,0.010868,0.003,0.007868,13.36,0.5,2.2527,0.01339,0.002564,True
1201,2025-04-19 21:00:00+00:00,2025-04-19 23:00:00+00:00,2.5748,-2.5748,0.6956,0.015489,SHORT_SPREAD,1772.5,1045.33,727.17,0.1377,NORMAL,4.0748,-0.2575,30.9,3.1523,TIMESTOP,2.0,0.0,-0.003979,0.003,-0.006979,-12.37,2.5748,3.1523,0.015489,0.002561,False
1202,2025-04-20 00:00:00+00:00,2025-04-20 02:00:00+00:00,2.3112,-2.3112,0.7001,0.014319,SHORT_SPREAD,1591.04,935.85,655.19,0.1377,NORMAL,3.8112,-0.2311,27.73,1.1729,TIMESTOP,2.0,0.0,0.007175,0.003,0.004175,6.64,1.1729,2.3112,0.014319,0.002562,True
1203,2025-04-20 08:00:00+00:00,2025-04-20 10:00:00+00:00,-2.0608,2.0608,0.7034,-0.0133,LONG_SPREAD,1418.7,832.86,585.84,0.1377,NORMAL,3.5608,0.2061,24.73,-1.5939,TIMESTOP,2.0,0.0,0.002896,0.003,-0.000104,-0.15,-1.3074,-2.0608,-0.0133,0.002561,False
1204,2025-04-22 00:00:00+00:00,2025-04-22 02:00:00+00:00,-2.1371,2.1371,0.6938,-0.014127,LONG_SPREAD,1471.22,868.61,602.6,0.1377,NORMAL,3.6371,0.2137,25.65,-1.4424,TIMESTOP,2.0,0.0,0.004436,0.003,0.001436,2.11,-1.2723,-2.1371,-0.014127,0.002577,True
1205,2025-04-22 21:00:00+00:00,2025-04-22 23:00:00+00:00,2.8017,-2.8017,0.6919,0.017669,SHORT_SPREAD,964.36,569.99,394.36,0.1377,NORMAL,4.3017,-0.2802,33.62,0.8461,TIMESTOP,2.0,10.74,0.012634,0.003,0.009634,20.03,0.8461,2.8017,0.017669,0.002493,True
1206,2025-04-24 16:00:00+00:00,2025-04-24 18:00:00+00:00,2.8144,-2.8144,0.6925,0.017785,SHORT_SPREAD,1937.42,1144.72,792.7,0.1377,NORMAL,4.3144,-0.2814,33.77,2.5792,TIMESTOP,2.0,0.0,0.001348,0.003,-0.001652,-3.2,2.5792,3.6256,0.017785,0.002396,False
1207,2025-04-24 20:00:00+00:00,2025-04-24 22:00:00+00:00,2.3612,-2.3612,0.6986,0.015092,SHORT_SPREAD,1625.43,956.9,668.53,0.1377,NORMAL,3.8612,-0.2361,28.33,1.6677,TIMESTOP,2.0,0.0,0.004497,0.003,0.001497,2.43,1.6677,2.4818,0.015092,0.002385,True
1208,2025-04-25 01:00:00+00:00,2025-04-25 03:00:00+00:00,2.7013,-2.7013,0.7038,0.017784,SHORT_SPREAD,929.8,545.71,384.09,0.1377,NORMAL,4.2013,-0.2701,32.42,-0.2857,TIMESTOP,2.0,13.2,0.02038,0.003,0.01738,29.36,-0.2857,2.7013,0.017784,0.002382,True
1209,2025-04-27 01:00:00+00:00,2025-04-27 03:00:00+00:00,-2.1587,2.1587,0.7047,-0.014757,LONG_SPREAD,1486.04,871.71,614.33,0.1377,NORMAL,3.6587,0.2159,25.9,-1.3561,TIMESTOP,2.0,0.0,0.005361,0.003,0.002361,3.51,-1.1113,-2.1587,-0.014757,0.002439,True
1210,2025-05-08 03:00:00+00:00,2025-05-08 05:00:00+00:00,2.0966,-2.0966,0.7031,0.012457,SHORT_SPREAD,1443.3,847.48,595.83,0.1377,NORMAL,3.5966,-0.2097,25.16,3.7747,STOPLOSS,2.0,0.0,-0.010271,0.003,-0.013271,-19.15,2.0966,3.7747,0.012457,0.002727,False
1211,2025-05-09 11:00:00+00:00,2025-05-09 13:00:00+00:00,2.3448,-2.3448,0.7189,0.014579,SHORT_SPREAD,1614.2,939.06,675.14,0.1377,NORMAL,3.8448,-0.2345,28.14,1.8391,TIMESTOP,2.0,0.0,0.003045,0.003,4.5e-05,0.07,1.7184,2.3448,0.014579,0.00248,True
1212,2025-05-09 14:00:00+00:00,2025-05-09 16:00:00+00:00,3.4585,-3.4585,0.7222,0.021619,SHORT_SPREAD,2380.86,1382.43,998.42,0.1377,STRONG,4.9585,-0.3459,41.5,2.8985,TIMESTOP,2.0,0.0,0.00301,0.003,1e-05,0.02,2.8985,3.4585,0.021619,0.002482,True
1213,2025-05-09 17:00:00+00:00,2025-05-09 19:00:00+00:00,4.2391,-4.2391,0.7272,0.027516,SHORT_SPREAD,1459.11,844.8,614.3,0.1377,STRONG,5.0,-0.4239,50.87,0.7363,TIMESTOP,2.0,30.56,0.022442,0.003,0.019442,58.93,0.7363,4.2391,0.027516,0.00249,True
1214,2025-05-10 00:00:00+00:00,2025-05-10 02:00:00+00:00,2.0282,-2.0282,0.7315,0.013708,SHORT_SPREAD,1396.22,806.36,589.87,0.1377,NORMAL,3.5282,-0.2028,24.34,5.0,STOPLOSS,2.0,0.0,-0.023892,0.003,-0.026892,-37.55,2.0282,5.0,0.013708,0.002503,False
1215,2025-05-10 03:00:00+00:00,2025-05-10 04:00:00+00:00,3.0967,-3.0967,0.7386,0.021706,SHORT_SPREAD,2131.8,1226.14,905.66,0.1377,STRONG,4.5967,-0.3097,37.16,4.9043,STOPLOSS,1.0,0.0,-0.012953,0.003,-0.015953,-34.01,3.0967,4.9043,0.021706,0.002502,False
1216,2025-05-10 05:00:00+00:00,2025-05-10 07:00:00+00:00,3.8389,-3.8389,0.7439,0.027849,SHORT_SPREAD,1321.37,757.72,563.64,0.1377,STRONG,5.0,-0.3839,46.07,-0.3343,TIMESTOP,2.0,37.08,0.029559,0.003,0.026559,72.17,-0.3343,3.8389,0.027849,0.002503,True
1217,2025-05-10 15:00:00+00:00,2025-05-10 17:00:00+00:00,-2.5509,2.5509,0.744,-0.017137,LONG_SPREAD,1756.07,1006.93,749.14,0.1377,NORMAL,4.0509,0.2551,30.61,-1.3156,TIMESTOP,2.0,0.0,0.008661,0.003,0.005661,9.94,-1.3156,-3.0487,-0.017137,0.002479,True
1218,2025-05-12 12:00:00+00:00,2025-05-12 14:00:00+00:00,2.2242,-2.2242,0.7415,0.016653,SHORT_SPREAD,765.57,439.6,325.98,0.1377,NORMAL,3.7242,-0.2224,26.69,-0.888,TIMESTOP,2.0,6.58,0.022308,0.003,0.019308,21.36,-0.888,2.2242,0.016653,0.002405,True
1219,2025-05-13 02:00:00+00:00,2025-05-13 04:00:00+00:00,-2.5176,2.5176,0.739,-0.01697,LONG_SPREAD,866.56,498.3,368.25,0.1377,NORMAL,4.0176,0.2518,30.21,-0.5066,TIMESTOP,2.0,11.17,0.014388,0.003,0.011388,21.04,-0.5066,-2.5176,-0.01697,0.002473,True
1220,2025-05-14 08:00:00+00:00,2025-05-14 10:00:00+00:00,-2.0733,2.0733,0.74,-0.013529,LONG_SPREAD,713.65,410.14,303.51,0.1377,NORMAL,3.5733,0.2073,24.88,-0.3455,TIMESTOP,2.0,5.16,0.012091,0.003,0.009091,11.64,-0.3455,-2.0733,-0.013529,0.002415,True
1221,2025-05-19 04:00:00+00:00,2025-05-19 06:00:00+00:00,-2.669,2.669,0.7384,-0.017237,LONG_SPREAD,1837.37,1056.96,780.42,0.1377,NORMAL,4.169,0.2669,32.03,-2.4899,TIMESTOP,2.0,0.0,0.001011,0.003,-0.001989,-3.66,-1.5162,-2.669,-0.017237,0.002639,False
1222,2025-05-23 11:00:00+00:00,2025-05-23 13:00:00+00:00,-2.8593,2.8593,0.7407,-0.019227,LONG_SPREAD,1968.34,1130.77,837.57,0.1377,NORMAL,4.3593,0.2859,34.31,-1.2638,TIMESTOP,2.0,0.0,0.010929,0.003,0.007929,15.61,-1.2638,-2.8593,-0.019227,0.002532,True
1223,2025-05-29 23:00:00+00:00,2025-05-30 01:00:00+00:00,-2.4805,2.4805,0.7344,-0.016488,LONG_SPREAD,1707.58,984.56,723.02,0.1377,NORMAL,3.9805,0.248,29.77,-1.5918,TIMESTOP,2.0,0.0,0.005807,0.003,0.002807,4.79,-1.5918,-3.1778,-0.016488,0.002765,True
1224,2025-05-30 02:00:00+00:00,2025-05-30 04:00:00+00:00,-2.2984,2.2984,0.7341,-0.015594,LONG_SPREAD,1582.21,912.39,669.82,0.1377,NORMAL,3.7984,0.2298,27.58,-1.5203,TIMESTOP,2.0,0.0,0.005207,0.003,0.002207,3.49,-1.5203,-2.2984,-0.015594,0.00279,True
1225,2025-05-31 14:00:00+00:00,2025-05-31 16:00:00+00:00,2.1217,-2.1217,0.7342,0.011045,SHORT_SPREAD,730.3,421.12,309.17,0.1377,NORMAL,3.6217,-0.2122,25.46,0.4914,TIMESTOP,2.0,5.57,0.00912,0.003,0.00612,10.03,0.4914,2.1217,0.011045,0.002929,True
1226,2025-06-02 13:00:00+00:00,2025-06-02 15:00:00+00:00,2.0182,-2.0182,0.7323,0.009712,SHORT_SPREAD,1389.34,802.03,587.31,0.1377,NORMAL,3.5182,-0.2018,24.22,1.7862,TIMESTOP,2.0,0.0,0.001112,0.003,-0.001888,-2.62,1.7516,2.0182,0.009712,0.002982,False
1227,2025-06-02 21:00:00+00:00,2025-06-02 23:00:00+00:00,2.5394,-2.5394,0.7374,0.012817,SHORT_SPREAD,874.07,503.1,370.98,0.1377,NORMAL,4.0394,-0.2539,30.47,0.7026,TIMESTOP,2.0,7.21,0.00975,0.003,0.00675,13.11,0.7026,2.5394,0.012817,0.002986,True
1228,2025-06-04 12:00:00+00:00,2025-06-04 14:00:00+00:00,-2.1406,2.1406,0.736,-0.011637,LONG_SPREAD,736.8,424.41,312.39,0.1377,NORMAL,3.6406,0.2141,25.69,-0.9227,TIMESTOP,2.0,3.55,0.006318,0.003,0.003318,6.0,-0.9227,-2.1406,-0.011637,0.002947,True
1229,2025-06-06 19:00:00+00:00,2025-06-06 21:00:00+00:00,-2.2373,2.2373,0.7335,-0.012072,LONG_SPREAD,1540.15,888.44,651.71,0.1377,NORMAL,3.7373,0.2237,26.85,-1.3717,TIMESTOP,2.0,0.0,0.004338,0.003,0.001338,2.06,-1.3717,-2.4549,-0.012072,0.003053,True
1230,2025-06-11 10:00:00+00:00,2025-06-11 12:00:00+00:00,-2.8493,2.8493,0.7286,-0.014186,LONG_SPREAD,980.75,567.38,413.37,0.1377,NORMAL,4.3493,0.2849,34.19,0.8087,TIMESTOP,2.0,8.7,0.017684,0.003,0.014684,23.1,0.8087,-2.8493,-0.014186,0.002857,True
1231,2025-06-18 13:00:00+00:00,2025-06-18 15:00:00+00:00,-2.6942,2.6942,0.7254,-0.012643,LONG_SPREAD,1854.69,1074.95,779.74,0.1377,NORMAL,4.1942,0.2694,32.33,-2.2572,TIMESTOP,2.0,0.0,0.00186,0.003,-0.00114,-2.11,-1.3987,-2.6942,-0.012643,0.003204,False
1232,2025-06-18 16:00:00+00:00,2025-06-18 18:00:00+00:00,-2.4443,2.4443,0.7232,-0.011712,LONG_SPREAD,1682.69,976.52,706.18,0.1377,NORMAL,3.9443,0.2444,29.33,-1.7388,TIMESTOP,2.0,0.0,0.003151,0.003,0.000151,0.25,-1.6449,-2.4443,-0.011712,0.003211,True
1233,2025-06-18 23:00:00+00:00,2025-06-19 01:00:00+00:00,-2.5459,2.5459,0.7185,-0.012343,LONG_SPREAD,1752.6,1019.87,732.73,0.1377,NORMAL,4.0459,0.2546,30.55,-3.5333,TIMESTOP,2.0,0.0,-0.004795,0.003,-0.007795,-13.66,-2.0582,-3.5333,-0.012343,0.003189,False
1234,2025-06-19 02:00:00+00:00,2025-06-19 04:00:00+00:00,-2.1552,2.1552,0.7147,-0.010835,LONG_SPREAD,1483.65,865.26,618.39,0.1377,NORMAL,3.6552,0.2155,25.86,-1.6104,TIMESTOP,2.0,0.0,0.002477,0.003,-0.000523,-0.78,-1.6104,-2.1552,-0.010835,0.00318,False
1235,2025-06-19 05:00:00+00:00,2025-06-19 07:00:00+00:00,-2.0668,2.0668,0.7118,-0.010547,LONG_SPREAD,1422.81,831.2,591.61,0.1377,NORMAL,3.5668,0.2067,24.8,-1.1176,TIMESTOP,2.0,0.0,0.004415,0.003,0.001415,2.01,-1.1176,-2.0668,-0.010547,0.00317,True
1236,2025-06-19 08:00:00+00:00,2025-06-19 10:00:00+00:00,-2.0221,2.0221,0.7095,-0.010451,LONG_SPREAD,1392.03,814.3,577.73,0.1377,NORMAL,3.5221,0.2022,24.27,-1.4103,TIMESTOP,2.0,0.0,0.002814,0.003,-0.000186,-0.26,-1.4103,-2.4978,-0.010451,0.003173,False
1237,2025-06-20 04:00:00+00:00,2025-06-20 06:00:00+00:00,-2.0864,2.0864,0.706,-0.01032,LONG_SPREAD,1436.31,841.94,594.37,0.1377,NORMAL,3.5864,0.2086,25.04,-1.6491,TIMESTOP,2.0,0.0,0.001984,0.003,-0.001016,-1.46,-1.0859,-2.0864,-0.01032,0.003213,False
1238,2025-06-20 13:00:00+00:00,2025-06-20 15:00:00+00:00,2.0555,-2.0555,0.7061,0.008634,SHORT_SPREAD,707.51,414.69,292.82,0.1377,NORMAL,3.5555,-0.2055,24.67,-1.252,TIMESTOP,2.0,7.31,0.015314,0.003,0.012314,16.02,-1.252,2.0555,0.008634,0.003204,True
1239,2025-06-20 16:00:00+00:00,2025-06-20 18:00:00+00:00,-2.3074,2.3074,0.7053,-0.011467,LONG_SPREAD,794.23,465.75,328.48,0.1377,NORMAL,3.8074,0.2307,27.69,-0.6648,TIMESTOP,2.0,9.87,0.007562,0.003,0.004562,13.49,0.7019,-2.3074,-0.011467,0.003228,True
1240,2025-06-21 06:00:00+00:00,2025-06-21 08:00:00+00:00,2.3472,-2.3472,0.7078,0.010017,SHORT_SPREAD,1615.83,946.12,669.71,0.1377,NORMAL,3.8472,-0.2347,28.17,1.1936,TIMESTOP,2.0,0.0,0.005233,0.003,0.002233,3.61,1.1936,2.3472,0.010017,0.00328,True
1241,2025-06-22 21:00:00+00:00,2025-06-22 23:00:00+00:00,-4.0084,4.0084,0.7041,-0.019671,LONG_SPREAD,2759.4,1619.32,1140.09,0.1377,STRONG,5.0,0.4008,48.1,-1.9479,TIMESTOP,2.0,0.0,0.009556,0.003,0.006556,18.09,-1.9479,-4.0084,-0.019671,0.003492,True
1242,2025-06-23 13:00:00+00:00,2025-06-23 15:00:00+00:00,2.9911,-2.9911,0.701,0.013382,SHORT_SPREAD,1029.53,605.25,424.28,0.1377,NORMAL,4.4911,-0.2991,35.89,0.4161,TIMESTOP,2.0,11.24,0.012421,0.003,0.009421,20.94,0.4161,2.9911,0.013382,0.00339,True
1243,2025-06-25 13:00:00+00:00,2025-06-25 15:00:00+00:00,2.5502,-2.5502,0.6937,0.010968,SHORT_SPREAD,877.79,518.27,359.52,0.1377,NORMAL,4.0502,-0.255,30.6,-0.9119,TIMESTOP,2.0,7.1,0.016558,0.003,0.013558,19.0,-0.9119,2.5502,0.010968,0.003071,True
1244,2025-06-27 01:00:00+00:00,2025-06-27 03:00:00+00:00,2.0887,-2.0887,0.6884,0.00877,SHORT_SPREAD,718.95,425.82,293.13,0.1377,NORMAL,3.5887,-0.2089,25.06,0.377,TIMESTOP,2.0,4.85,0.008246,0.003,0.005246,8.62,0.377,2.0887,0.00877,0.003149,True
1245,2025-06-27 14:00:00+00:00,2025-06-27 16:00:00+00:00,2.5332,-2.5332,0.6881,0.01095,SHORT_SPREAD,1743.9,1033.05,710.85,0.1377,NORMAL,4.0332,-0.2533,30.4,2.3988,TIMESTOP,2.0,0.0,0.000484,0.003,-0.002516,-4.39,2.0781,2.5332,0.01095,0.003158,False
1246,2025-06-29 22:00:00+00:00,2025-06-30 00:00:00+00:00,4.0978,-4.0978,0.6957,0.018267,SHORT_SPREAD,2820.97,1663.61,1157.36,0.1377,STRONG,5.0,-0.4098,49.17,2.2004,TIMESTOP,2.0,0.0,0.008864,0.003,0.005864,16.54,2.2004,4.0978,0.018267,0.003135,True
1247,2025-06-30 15:00:00+00:00,2025-06-30 17:00:00+00:00,-2.2722,2.2722,0.6946,-0.011975,LONG_SPREAD,782.1,461.52,320.58,0.1377,NORMAL,3.7722,0.2272,27.27,-1.1501,TIMESTOP,2.0,4.18,0.005349,0.003,0.002349,6.02,-0.8444,-2.2722,-0.011975,0.003174,True
1248,2025-07-01 14:00:00+00:00,2025-07-01 16:00:00+00:00,2.2791,-2.2791,0.6908,0.009806,SHORT_SPREAD,784.47,463.96,320.5,0.1377,NORMAL,3.7791,-0.2279,27.35,1.0007,TIMESTOP,2.0,4.5,0.006119,0.003,0.003119,6.95,0.7734,2.2791,0.009806,0.003219,True
1249,2025-07-02 13:00:00+00:00,2025-07-02 15:00:00+00:00,2.2104,-2.2104,0.6905,0.009509,SHORT_SPREAD,1521.63,900.13,621.5,0.1377,NORMAL,3.7104,-0.221,26.52,2.8285,TIMESTOP,2.0,0.0,-0.003194,0.003,-0.006194,-9.42,2.2104,2.8285,0.009509,0.003248,False
1250,2025-07-02 16:00:00+00:00,2025-07-02 18:00:00+00:00,5.0,-5.0,0.6982,0.029093,SHORT_SPREAD,3000.0,1766.59,1233.41,0.1377,STRONG,5.0,-0.5,60.0,3.6228,TIMESTOP,2.0,0.0,0.011039,0.003,0.008039,24.12,3.6228,5.0,0.029093,0.003202,True
1251,2025-07-02 19:00:00+00:00,2025-07-02 21:00:00+00:00,2.5675,-2.5675,0.7062,0.012678,SHORT_SPREAD,1767.47,1035.92,731.55,0.1377,NORMAL,4.0675,-0.2567,30.81,3.0621,TIMESTOP,2.0,0.0,-0.002936,0.003,-0.005936,-10.49,2.5675,3.0621,0.012678,0.003151,False
1252,2025-07-02 22:00:00+00:00,2025-07-03 00:00:00+00:00,2.0591,-2.0591,0.7104,0.0103,SHORT_SPREAD,708.75,414.39,294.36,0.1377,NORMAL,3.5591,-0.2059,24.71,0.4959,TIMESTOP,2.0,5.3,0.008461,0.003,0.005461,9.17,0.4008,2.0591,0.0103,0.003137,True
1253,2025-07-03 15:00:00+00:00,2025-07-03 17:00:00+00:00,-2.4005,2.4005,0.7105,-0.013907,LONG_SPREAD,826.26,483.05,343.2,0.1377,NORMAL,3.9005,0.24,28.81,-0.3156,TIMESTOP,2.0,8.2,0.011425,0.003,0.008425,15.16,-0.3156,-2.4005,-0.013907,0.003127,True
1254,2025-07-09 10:00:00+00:00,2025-07-09 12:00:00+00:00,2.0713,-2.0713,0.6997,0.010231,SHORT_SPREAD,1425.87,838.88,586.99,0.1377,NORMAL,3.5713,-0.2071,24.86,2.1821,TIMESTOP,2.0,0.0,-0.00078,0.003,-0.00378,-5.39,2.0713,2.5321,0.010231,0.003198,False
1255,2025-07-09 13:00:00+00:00,2025-07-09 15:00:00+00:00,2.0462,-2.0462,0.7027,0.010308,SHORT_SPREAD,704.29,413.64,290.65,0.1377,NORMAL,3.5462,-0.2046,24.55,0.96,TIMESTOP,2.0,4.58,0.005932,0.003,0.002932,6.64,0.5879,2.0462,0.010308,0.003198,True
1256,2025-07-09 19:00:00+00:00,2025-07-09 21:00:00+00:00,2.9018,-2.9018,0.706,0.015149,SHORT_SPREAD,1997.61,1170.91,826.7,0.1377,NORMAL,4.4018,-0.2902,34.82,2.387,TIMESTOP,2.0,0.0,0.00257,0.003,-0.00043,-0.86,2.387,2.9279,0.015149,0.003197,False
1257,2025-07-10 23:00:00+00:00,2025-07-11 01:00:00+00:00,2.1653,-2.1653,0.7182,0.011461,SHORT_SPREAD,745.3,433.78,311.52,0.1377,NORMAL,3.6653,-0.2165,25.98,1.6891,TIMESTOP,2.0,4.87,0.002517,0.003,-0.000483,4.51,0.6832,2.1653,0.011461,0.003069,False
1258,2025-07-11 05:00:00+00:00,2025-07-11 07:00:00+00:00,2.095,-2.095,0.724,0.011341,SHORT_SPREAD,721.12,418.29,302.83,0.1377,NORMAL,3.595,-0.2095,25.14,0.1939,TIMESTOP,2.0,5.54,0.010403,0.003,0.007403,10.87,0.1939,2.095,0.011341,0.003019,True
1259,2025-07-12 03:00:00+00:00,2025-07-12 05:00:00+00:00,2.5774,-2.5774,0.7306,0.014315,SHORT_SPREAD,887.15,512.62,374.54,0.1377,NORMAL,4.0774,-0.2577,30.93,0.8081,TIMESTOP,2.0,11.25,0.009886,0.003,0.006886,17.36,0.0412,2.5774,0.014315,0.003022,True
1260,2025-07-12 15:00:00+00:00,2025-07-12 17:00:00+00:00,-2.5279,2.5279,0.7316,-0.014094,LONG_SPREAD,870.11,502.49,367.63,0.1377,NORMAL,4.0279,0.2528,30.33,0.0638,TIMESTOP,2.0,11.36,0.014553,0.003,0.011553,21.41,0.0638,-2.5279,-0.014094,0.003068,True
1261,2025-07-14 04:00:00+00:00,2025-07-14 06:00:00+00:00,2.4874,-2.4874,0.7345,0.013862,SHORT_SPREAD,856.17,493.61,362.56,0.1377,NORMAL,3.9874,-0.2487,29.85,0.3834,TIMESTOP,2.0,11.31,0.011609,0.003,0.008609,18.68,-0.1775,2.4874,0.013862,0.002972,True
1262,2025-07-14 11:00:00+00:00,2025-07-14 13:00:00+00:00,-2.6153,2.6153,0.7331,-0.014145,LONG_SPREAD,1800.37,1038.82,761.55,0.1377,NORMAL,4.1153,0.2615,31.38,-1.6198,TIMESTOP,2.0,0.0,0.005377,0.003,0.002377,4.28,-1.6198,-2.655,-0.014145,0.002954,True
1263,2025-07-15 17:00:00+00:00,2025-07-15 19:00:00+00:00,2.3142,-2.3142,0.7317,0.013118,SHORT_SPREAD,796.54,459.98,336.56,0.1377,NORMAL,3.8142,-0.2314,27.77,-0.5184,TIMESTOP,2.0,6.69,0.015936,0.003,0.012936,16.99,-0.5184,2.3142,0.013118,0.003008,True
1264,2025-07-16 09:00:00+00:00,2025-07-16 11:00:00+00:00,-2.17,2.17,0.7335,-0.011886,LONG_SPREAD,746.91,430.86,316.05,0.1377,NORMAL,3.67,0.217,26.04,0.387,TIMESTOP,2.0,9.68,0.014462,0.003,0.011462,18.24,0.387,-2.17,-0.011886,0.002938,True
1265,2025-07-17 19:00:00+00:00,2025-07-17 21:00:00+00:00,-2.6699,2.6699,0.7282,-0.014735,LONG_SPREAD,918.99,531.78,387.22,0.1377,NORMAL,4.1699,0.267,32.04,0.8737,TIMESTOP,2.0,17.16,0.020177,0.003,0.017177,32.95,0.8737,-2.6699,-0.014735,0.002861,True
1266,2025-07-17 23:00:00+00:00,2025-07-18 01:00:00+00:00,-2.9089,2.9089,0.7249,-0.016302,LONG_SPREAD,1001.27,580.47,420.8,0.1377,NORMAL,4.4089,0.2909,34.91,0.1038,TIMESTOP,2.0,15.78,0.017261,0.003,0.014261,30.06,0.1038,-2.9089,-0.016302,0.002812,True
1267,2025-07-18 05:00:00+00:00,2025-07-18 07:00:00+00:00,4.1614,-4.1614,0.7292,0.024372,SHORT_SPREAD,2864.74,1656.65,1208.09,0.1377,STRONG,5.0,-0.4161,49.94,1.3262,TIMESTOP,2.0,0.0,0.016442,0.003,0.013442,38.51,1.3262,4.1614,0.024372,0.002655,True
1268,2025-07-18 22:00:00+00:00,2025-07-19 00:00:00+00:00,-2.1417,2.1417,0.7273,-0.012428,LONG_SPREAD,1474.36,853.56,620.81,0.1377,NORMAL,3.6417,0.2142,25.7,-2.1041,TIMESTOP,2.0,0.0,0.00011,0.003,-0.00289,-4.26,-1.1529,-2.1417,-0.012428,0.002725,False
1269,2025-07-19 19:00:00+00:00,2025-07-19 21:00:00+00:00,2.8264,-2.8264,0.7272,0.017083,SHORT_SPREAD,1945.74,1126.5,819.23,0.1377,NORMAL,4.3264,-0.2826,33.92,1.0306,TIMESTOP,2.0,0.0,0.01073,0.003,0.00773,15.04,1.0306,3.1145,0.017083,0.00271,True
1270,2025-07-20 09:00:00+00:00,2025-07-20 11:00:00+00:00,-2.4338,2.4338,0.7257,-0.014864,LONG_SPREAD,837.71,485.44,352.27,0.1377,NORMAL,3.9338,0.2434,29.21,-0.0539,TIMESTOP,2.0,11.05,0.014696,0.003,0.011696,20.85,-0.0539,-2.4338,-0.014864,0.002632,True
1271,2025-07-21 10:00:00+00:00,2025-07-21 12:00:00+00:00,-2.1243,2.1243,0.7242,-0.013038,LONG_SPREAD,731.2,424.08,307.12,0.1377,NORMAL,3.6243,0.2124,25.49,0.2424,TIMESTOP,2.0,6.08,0.014594,0.003,0.011594,14.55,0.2424,-2.1243,-0.013038,0.002573,True
1272,2025-07-22 02:00:00+00:00,2025-07-22 04:00:00+00:00,-2.0118,2.0118,0.7228,-0.012305,LONG_SPREAD,1384.93,803.9,581.03,0.1377,NORMAL,3.5118,0.2012,24.14,-1.4816,TIMESTOP,2.0,0.0,0.003178,0.003,0.000178,0.25,-1.4816,-2.3388,-0.012305,0.0026,True
1273,2025-07-23 12:00:00+00:00,2025-07-23 14:00:00+00:00,-2.5936,2.5936,0.7238,-0.016071,LONG_SPREAD,892.73,517.88,374.84,0.1377,NORMAL,4.0936,0.2594,31.12,-0.5055,TIMESTOP,2.0,10.28,0.013017,0.003,0.010017,19.22,-0.5055,-2.5936,-0.016071,0.002655,True
1274,2025-07-24 05:00:00+00:00,2025-07-24 07:00:00+00:00,-2.7679,2.7679,0.7188,-0.016804,LONG_SPREAD,952.73,554.3,398.43,0.1377,NORMAL,4.2679,0.2768,33.22,-0.7933,TIMESTOP,2.0,9.65,0.011632,0.003,0.008632,17.88,-0.7933,-2.7679,-0.016804,0.002719,True
1275,2025-07-24 09:00:00+00:00,2025-07-24 11:00:00+00:00,-3.0202,3.0202,0.7156,-0.018599,LONG_SPREAD,1039.57,605.96,433.61,0.1377,STRONG,4.5202,0.302,36.24,-0.5626,TIMESTOP,2.0,13.73,0.014711,0.003,0.011711,25.91,-0.5626,-3.0202,-0.018599,0.00273,True
1276,2025-08-07 13:00:00+00:00,2025-08-07 15:00:00+00:00,-3.0687,3.0687,0.7101,-0.016703,LONG_SPREAD,2112.51,1235.33,877.18,0.1377,STRONG,4.5687,0.3069,36.82,-2.3245,TIMESTOP,2.0,0.0,0.003754,0.003,0.000754,1.59,-1.2515,-3.0687,-0.016703,0.002883,True
1277,2025-08-07 16:00:00+00:00,2025-08-07 18:00:00+00:00,-3.9535,3.9535,0.7048,-0.021622,LONG_SPREAD,2721.6,1596.45,1125.14,0.1377,STRONG,5.0,0.3953,47.44,-2.0291,TIMESTOP,2.0,0.0,0.009886,0.003,0.006886,18.74,-2.0291,-3.9535,-0.021622,0.002852,True
1278,2025-08-08 00:00:00+00:00,2025-08-08 02:00:00+00:00,2.7739,-2.7739,0.7024,0.01365,SHORT_SPREAD,954.79,560.86,393.94,0.1377,NORMAL,4.2739,-0.2774,33.29,-2.1193,TIMESTOP,2.0,10.01,0.026181,0.003,0.023181,32.15,-2.1193,2.7739,0.01365,0.002781,True
1279,2025-08-08 03:00:00+00:00,2025-08-08 05:00:00+00:00,-3.6422,3.6422,0.6976,-0.020551,LONG_SPREAD,2507.33,1476.96,1030.37,0.1377,STRONG,5.0,0.3642,43.71,-1.0861,TIMESTOP,2.0,0.0,0.013841,0.003,0.010841,27.18,-1.0861,-3.6422,-0.020551,0.002739,True
1280,2025-08-08 16:00:00+00:00,2025-08-08 18:00:00+00:00,2.038,-2.038,0.6927,0.00941,SHORT_SPREAD,701.47,414.41,287.06,0.1377,NORMAL,3.538,-0.2038,24.46,0.6697,TIMESTOP,2.0,3.9,0.007057,0.003,0.004057,6.74,0.6697,2.3522,0.00941,0.002679,True
1281,2025-08-09 02:00:00+00:00,2025-08-09 04:00:00+00:00,-3.1991,3.1991,0.689,-0.017626,LONG_SPREAD,2202.31,1303.94,898.37,0.1377,STRONG,4.6991,0.3199,38.39,-2.6823,TIMESTOP,2.0,0.0,0.002291,0.003,-0.000709,-1.56,-2.6823,-4.2184,-0.017626,0.002609,False
1282,2025-08-09 12:00:00+00:00,2025-08-09 14:00:00+00:00,2.1105,-2.1105,0.6859,0.010131,SHORT_SPREAD,726.43,430.89,295.53,0.1377,NORMAL,3.6105,-0.211,25.33,-2.3319,TIMESTOP,2.0,10.87,0.024036,0.003,0.021036,26.15,-2.3319,2.1105,0.010131,0.002541,True
1283,2025-08-09 23:00:00+00:00,2025-08-10 01:00:00+00:00,-2.5952,2.5952,0.6811,-0.014845,LONG_SPREAD,893.28,531.36,361.92,0.1377,NORMAL,4.0952,0.2595,31.14,0.0727,TIMESTOP,2.0,10.33,0.014069,0.003,0.011069,20.22,0.0727,-2.5952,-0.014845,0.0025,True
1284,2025-08-10 05:00:00+00:00,2025-08-10 06:00:00+00:00,-2.6914,2.6914,0.678,-0.015452,LONG_SPREAD,1852.76,1104.12,748.64,0.1377,NORMAL,4.1914,0.2691,32.3,-5.0,STOPLOSS,1.0,0.0,-0.022913,0.003,-0.025913,-48.01,-2.6914,-5.0,-0.015452,0.002485,False
1285,2025-08-10 07:00:00+00:00,2025-08-10 09:00:00+00:00,-3.7865,3.7865,0.6707,-0.022618,LONG_SPREAD,2606.64,1560.23,1046.4,0.1377,STRONG,5.0,0.3786,45.44,-2.0139,TIMESTOP,2.0,0.0,0.009938,0.003,0.006938,18.08,-2.0139,-3.7865,-0.022618,0.002467,True
1286,2025-08-10 15:00:00+00:00,2025-08-10 17:00:00+00:00,-2.1768,2.1768,0.6654,-0.01375,LONG_SPREAD,749.26,449.91,299.35,0.1377,NORMAL,3.6768,0.2177,26.12,0.9179,TIMESTOP,2.0,4.87,0.017667,0.003,0.014667,15.86,0.9179,-2.1768,-0.01375,0.002462,True
1287,2025-08-11 02:00:00+00:00,2025-08-11 04:00:00+00:00,2.6996,-2.6996,0.668,0.014007,SHORT_SPREAD,929.21,557.1,372.12,0.1377,NORMAL,4.1996,-0.27,32.4,0.8078,TIMESTOP,2.0,8.67,0.010828,0.003,0.007828,15.94,0.8078,2.6996,0.014007,0.00246,True
1288,2025-08-11 11:00:00+00:00,2025-08-11 13:00:00+00:00,-2.0529,2.0529,0.6681,-0.013121,LONG_SPREAD,1413.25,847.21,566.04,0.1377,NORMAL,3.5529,0.2053,24.64,-2.9501,TIMESTOP,2.0,0.0,-0.005414,0.003,-0.008414,-11.89,-2.0529,-2.9501,-0.013121,0.002488,False
1289,2025-08-12 13:00:00+00:00,2025-08-12 15:00:00+00:00,-3.178,3.178,0.6574,-0.019929,LONG_SPREAD,2187.79,1320.01,867.77,0.1377,STRONG,4.678,0.3178,38.14,-2.0686,TIMESTOP,2.0,0.0,0.006276,0.003,0.003276,7.17,-2.0686,-3.178,-0.019929,0.002471,True
1290,2025-08-12 18:00:00+00:00,2025-08-12 20:00:00+00:00,2.4217,-2.4217,0.6574,0.013041,SHORT_SPREAD,1667.14,1005.89,661.24,0.1377,NORMAL,3.9217,-0.2422,29.06,1.3516,TIMESTOP,2.0,0.0,0.006333,0.003,0.003333,5.56,1.3516,2.4217,0.013041,0.002343,True
1291,2025-08-13 03:00:00+00:00,2025-08-13 05:00:00+00:00,-2.278,2.278,0.655,-0.015378,LONG_SPREAD,784.11,473.78,310.33,0.1377,NORMAL,3.778,0.2278,27.34,0.3327,TIMESTOP,2.0,10.55,0.015963,0.003,0.012963,20.72,0.3327,-2.278,-0.015378,0.002303,True
1292,2025-08-13 06:00:00+00:00,2025-08-13 08:00:00+00:00,2.355,-2.355,0.6556,0.012813,SHORT_SPREAD,1621.21,979.24,641.97,0.1377,NORMAL,3.855,-0.2355,28.26,2.5788,TIMESTOP,2.0,0.0,-0.001702,0.003,-0.004702,-7.62,2.355,3.4431,0.012813,0.00231,False
1293,2025-08-13 09:00:00+00:00,2025-08-13 11:00:00+00:00,2.1178,-2.1178,0.6587,0.01174,SHORT_SPREAD,728.94,439.47,289.47,0.1377,NORMAL,3.6178,-0.2118,25.41,-0.1472,TIMESTOP,2.0,9.24,0.01417,0.003,0.01117,17.38,-0.1472,2.1178,0.01174,0.002318,True
1294,2025-08-13 13:00:00+00:00,2025-08-13 15:00:00+00:00,2.3364,-2.3364,0.6603,0.013224,SHORT_SPREAD,804.18,484.35,319.84,0.1377,NORMAL,3.8364,-0.2336,28.04,-0.185,TIMESTOP,2.0,11.5,0.015798,0.003,0.012798,21.79,-0.185,2.3364,0.013224,0.002313,True
1295,2025-08-14 02:00:00+00:00,2025-08-14 04:00:00+00:00,2.8858,-2.8858,0.6632,0.016957,SHORT_SPREAD,993.28,597.21,396.07,0.1377,NORMAL,4.3858,-0.2886,34.63,0.3971,TIMESTOP,2.0,17.07,0.015687,0.003,0.012687,29.67,-0.0708,2.8858,0.016957,0.002314,True
1296,2025-08-14 12:00:00+00:00,2025-08-14 14:00:00+00:00,-3.1391,3.1391,0.6619,-0.02041,LONG_SPREAD,2161.01,1300.35,860.66,0.1377,STRONG,4.6391,0.3139,37.67,-2.229,TIMESTOP,2.0,0.0,0.005441,0.003,0.002441,5.28,-2.229,-3.1391,-0.02041,0.002351,True
1297,2025-08-14 16:00:00+00:00,2025-08-14 18:00:00+00:00,-2.2247,2.2247,0.6584,-0.015098,LONG_SPREAD,765.74,461.72,304.01,0.1377,NORMAL,3.7247,0.2225,26.7,0.1123,TIMESTOP,2.0,9.58,0.014805,0.003,0.011805,18.62,0.1123,-2.2247,-0.015098,0.002372,True
1298,2025-08-16 18:00:00+00:00,2025-08-16 20:00:00+00:00,-2.5041,2.5041,0.6574,-0.0172,LONG_SPREAD,1723.83,1040.06,683.77,0.1377,NORMAL,4.0041,0.2504,30.05,-1.5476,TIMESTOP,2.0,0.0,0.005943,0.003,0.002943,5.07,-1.5476,-2.6906,-0.0172,0.002437,True
1299,2025-08-17 03:00:00+00:00,2025-08-17 05:00:00+00:00,-2.2706,2.2706,0.6497,-0.015986,LONG_SPREAD,1563.13,947.53,615.59,0.1377,NORMAL,3.7706,0.2271,27.25,-3.3654,TIMESTOP,2.0,0.0,-0.007553,0.003,-0.010553,-16.5,-2.2706,-3.4119,-0.015986,0.002387,False
1300,2025-08-17 14:00:00+00:00,2025-08-17 16:00:00+00:00,-2.3673,2.3673,0.6349,-0.017249,LONG_SPREAD,814.82,498.39,316.43,0.1377,NORMAL,3.8673,0.2367,28.41,-0.8994,TIMESTOP,2.0,6.72,0.009746,0.003,0.006746,12.22,-0.8994,-2.3673,-0.017249,0.002242,True
1301,2025-08-18 00:00:00+00:00,2025-08-18 02:00:00+00:00,-2.2749,2.2749,0.626,-0.016986,LONG_SPREAD,1566.02,963.12,602.9,0.1377,NORMAL,3.7749,0.2275,27.3,-1.7597,TIMESTOP,2.0,0.0,0.003274,0.003,0.000274,0.43,-1.7597,-2.8145,-0.016986,0.002191,True
1302,2025-08-18 03:00:00+00:00,2025-08-18 05:00:00+00:00,-2.0506,2.0506,0.6232,-0.015777,LONG_SPREAD,705.83,434.85,270.98,0.1377,NORMAL,3.5506,0.2051,24.61,0.45,TIMESTOP,2.0,10.95,0.017168,0.003,0.014168,20.95,0.45,-2.0506,-0.015777,0.002207,True
1303,2025-08-18 11:00:00+00:00,2025-08-18 13:00:00+00:00,2.3794,-2.3794,0.6226,0.01445,SHORT_SPREAD,819.01,504.74,314.26,0.1377,NORMAL,3.8794,-0.2379,28.55,-0.9536,TIMESTOP,2.0,14.25,0.023109,0.003,0.020109,30.72,-0.9536,2.3794,0.01445,0.002238,True
1304,2025-08-18 22:00:00+00:00,2025-08-19 00:00:00+00:00,-2.0889,2.0889,0.6169,-0.016042,LONG_SPREAD,719.0,444.69,274.32,0.1377,NORMAL,3.5889,0.2089,25.07,1.2621,TIMESTOP,2.0,5.58,0.023182,0.003,0.020182,20.09,1.2621,-2.0889,-0.016042,0.002191,True
1305,2025-08-19 15:00:00+00:00,2025-08-19 17:00:00+00:00,-2.0313,2.0313,0.617,-0.015779,LONG_SPREAD,699.18,432.4,266.78,0.1377,NORMAL,3.5313,0.2031,24.38,0.4825,TIMESTOP,2.0,8.97,0.017547,0.003,0.014547,19.14,0.4825,-2.0313,-0.015779,0.002251,True
1306,2025-08-21 09:00:00+00:00,2025-08-21 11:00:00+00:00,-2.2417,2.2417,0.6052,-0.017555,LONG_SPREAD,1543.22,961.39,581.82,0.1377,NORMAL,3.7417,0.2242,26.9,-1.161,TIMESTOP,2.0,0.0,0.007578,0.003,0.004578,7.07,-1.161,-2.2417,-0.017555,0.002177,True
1307,2025-08-22 17:00:00+00:00,2025-08-22 19:00:00+00:00,2.4758,-2.4758,0.6101,0.016334,SHORT_SPREAD,1704.36,1058.58,645.78,0.1377,NORMAL,3.9758,-0.2476,29.71,1.828,TIMESTOP,2.0,0.0,0.004558,0.003,0.001558,2.66,1.828,2.4758,0.016334,0.002129,True
1308,2025-08-22 20:00:00+00:00,2025-08-22 21:00:00+00:00,2.7744,-2.7744,0.6153,0.018885,SHORT_SPREAD,1909.91,1182.39,727.51,0.1377,NORMAL,4.2744,-0.2774,33.29,4.394,STOPLOSS,1.0,0.0,-0.012527,0.003,-0.015527,-29.65,2.7744,4.394,0.018885,0.002105,False
1309,2025-08-22 22:00:00+00:00,2025-08-23 00:00:00+00:00,3.4775,-3.4775,0.6199,0.024987,SHORT_SPREAD,2393.92,1477.84,916.08,0.1377,STRONG,4.9775,-0.3477,41.73,1.0905,TIMESTOP,2.0,0.0,0.018201,0.003,0.015201,36.39,1.0905,3.4775,0.024987,0.002106,True
1310,2025-08-23 05:00:00+00:00,2025-08-23 07:00:00+00:00,2.7204,-2.7204,0.6236,0.019527,SHORT_SPREAD,1872.75,1153.42,719.33,0.1377,NORMAL,4.2204,-0.272,32.65,1.4438,TIMESTOP,2.0,0.0,0.009727,0.003,0.006727,12.6,1.4438,2.7204,0.019527,0.002133,True
1311,2025-08-23 19:00:00+00:00,2025-08-23 21:00:00+00:00,2.3403,-2.3403,0.6278,0.017079,SHORT_SPREAD,805.53,494.87,310.66,0.1377,NORMAL,3.8403,-0.234,28.08,0.2959,TIMESTOP,2.0,11.74,0.016075,0.003,0.013075,22.27,0.2959,2.3403,0.017079,0.002151,True
1312,2025-08-24 18:00:00+00:00,2025-08-24 20:00:00+00:00,3.1849,-3.1849,0.6275,0.024052,SHORT_SPREAD,1096.25,673.57,422.68,0.1377,STRONG,4.6849,-0.3185,38.22,0.0751,TIMESTOP,2.0,29.17,0.025052,0.003,0.022052,53.34,-0.2994,3.1849,0.024052,0.002171,True
1313,2025-08-25 06:00:00+00:00,2025-08-25 08:00:00+00:00,-2.0568,2.0568,0.6226,-0.017867,LONG_SPREAD,707.94,436.3,271.65,0.1377,NORMAL,3.5568,0.2057,24.68,-0.8248,TIMESTOP,2.0,5.93,0.009883,0.003,0.006883,10.81,-0.8248,-2.0568,-0.017867,0.002185,True
1314,2025-08-28 08:00:00+00:00,2025-08-28 10:00:00+00:00,2.648,-2.648,0.6268,0.020676,SHORT_SPREAD,1822.87,1120.49,702.38,0.1377,NORMAL,4.148,-0.2648,31.78,1.6434,TIMESTOP,2.0,0.0,0.008251,0.003,0.005251,9.57,1.5787,2.648,0.020676,0.002285,True
1315,2025-09-01 07:00:00+00:00,2025-09-01 09:00:00+00:00,2.1569,-2.1569,0.6146,0.016306,SHORT_SPREAD,1484.82,919.63,565.19,0.1377,NORMAL,3.6569,-0.2157,25.88,1.7804,TIMESTOP,2.0,0.0,0.002853,0.003,-0.000147,-0.22,1.7804,2.1569,0.016306,0.002359,False
1316,2025-09-07 12:00:00+00:00,2025-09-07 14:00:00+00:00,3.933,-3.933,0.6332,0.027965,SHORT_SPREAD,2707.49,1657.81,1049.68,0.1377,STRONG,5.0,-0.3933,47.2,2.3728,TIMESTOP,2.0,0.0,0.010241,0.003,0.007241,19.6,2.3728,5.0,0.027965,0.002492,True
1317,2025-09-13 05:00:00+00:00,2025-09-13 07:00:00+00:00,2.3363,-2.3363,0.6442,0.015734,SHORT_SPREAD,1608.3,978.17,630.13,0.1377,NORMAL,3.8363,-0.2336,28.04,1.9785,TIMESTOP,2.0,0.0,0.002261,0.003,-0.000739,-1.19,1.9785,2.5844,0.015734,0.002412,False
1318,2025-09-13 10:00:00+00:00,2025-09-13 12:00:00+00:00,3.8855,-3.8855,0.6511,0.026368,SHORT_SPREAD,2674.79,1619.99,1054.81,0.1377,STRONG,5.0,-0.3885,46.63,2.9189,TIMESTOP,2.0,0.0,0.006028,0.003,0.003028,8.1,2.9189,3.8855,0.026368,0.002404,True
1319,2025-09-15 07:00:00+00:00,2025-09-15 09:00:00+00:00,-2.159,2.159,0.6504,-0.013143,LONG_SPREAD,1486.3,900.59,585.71,0.1377,NORMAL,3.659,0.2159,25.91,-1.0576,TIMESTOP,2.0,0.0,0.007059,0.003,0.004059,6.03,-1.0576,-2.8667,-0.013143,0.0025,True
